"","v_bh","v_daily","v_mon","v_con"
"mean",878625.932337156,861855.061859209,863149.065810395,861801.606589281
"sd",34965.5629490002,42443.4858853764,41870.2570874047,42472.0768018646
"skewness",0.351277396667343,0.19294219574623,0.202181293543941,0.193026761590733
"kurtosis",0.265090582552064,0.191955067278778,0.188949368986429,0.192575501697525
