"","v_bh","v_daily","v_mon","v_con"
"mean",1113016.02236031,1111168.07586412,1111328.88513996,1111157.15485105
"sd",60472.9395943646,56868.2644518754,57164.721665196,56848.9263823804
"skewness",0.430868260719164,0.269570582273159,0.283664532939639,0.268799912471719
"kurtosis",0.35533408574542,0.185254504623153,0.200758851524325,0.183889457432136
