"","v_bh","v_daily","v_mon","v_con"
"mean",1201038.50767973,1191511.05377093,1192279.64404866,1191479.94960801
"sd",68242.4562450103,59785.3275669291,60443.3293758006,59759.4744318738
"skewness",0.483192645137886,0.323988184944395,0.338896294951965,0.323500571136587
"kurtosis",0.496050951390617,0.20855978344775,0.234889918087055,0.206367170276838
