"","v_bh","v_daily","v_mon","v_con"
"mean",829632.479037422,799997.065619188,802344.015710749,799891.963780101
"sd",30078.8081043304,39322.9755618139,38606.3808614113,39357.4194059965
"skewness",0.37831182461302,0.199287330827197,0.212420103100578,0.198039225028247
"kurtosis",0.775246778710601,0.440791630043216,0.4715937725818,0.439964353028522
