"","v_bh","v_daily","v_mon","v_con"
"mean",899020.57106789,886176.29033991,887194.163828261,886136.215859828
"sd",39714.4892462709,46876.1446407439,46299.9105612991,46905.1294571771
"skewness",0.329214367808384,0.189340610953206,0.199230585861998,0.189395470993116
"kurtosis",-0.0777091296503083,-0.208643462466144,-0.197010839356191,-0.209282869939593
