"","v_bh","v_daily","v_mon","v_con"
"mean",1172109.66582967,1165695.0164474,1166211.39897381,1165661.813945
"sd",66011.2663138321,59405.780553884,59943.7477845533,59383.5949559058
"skewness",0.260402505719575,0.124039038649691,0.13644085866447,0.12335067365869
"kurtosis",-0.115741744506094,-0.190231681149625,-0.184535522799594,-0.191495321249747
