"","v_bh","v_daily","v_mon","v_con"
"mean",956384.228671953,951809.696312991,952200.250424028,951794.399892592
"sd",43614.1063818115,47735.8551153605,47372.5869589164,47751.5506879674
"skewness",0.546940233137963,0.369619232644468,0.37925447666234,0.368529762574311
"kurtosis",0.871353991307431,0.476109402705637,0.497215509563777,0.472673691296224
