"","v_bh","v_daily","v_mon","v_con"
"1",4.12508625677581,4.26457135308975,4.25663886135917,4.2661297540449
"2",4.16233499494381,4.24577674697407,4.24570924169661,4.25024852335995
"3",4.51693053055753,4.42893481343525,4.43176361665022,4.43213219338553
"4",4.18551065225508,4.21785493858905,4.21503144485234,4.2189606805924
"5",4.26331994516086,4.14715906835642,4.16034531450138,4.14895068022852
"6",4.52886195971463,4.30256412252691,4.30528691923937,4.30170925426272
"7",5.21473544972535,4.67860404282371,4.70479567063438,4.68016630013036
