"","v_bh","v_daily","v_mon","v_con"
"1",4.69421542604115,4.93828887387194,4.91538301573835,4.94067490721253
"2",4.40856888444647,4.69121610822533,4.65650165245575,4.69290747404115
"3",4.79949544358761,5.03235160534462,5.01265877049754,5.03005375745253
"4",4.7166250495072,4.93101005246973,4.90766218400635,4.93454771177433
"5",4.639054272984,4.74813511662306,4.75073865243818,4.74840418067759
"6",4.98659776636394,5.00768263607526,5.01844433565061,5.00505047693884
"7",5.22590145965085,5.14188997400478,5.13972454333889,5.14216190080774
