"","v_bh","v_daily","v_mon","v_con"
"1",4.95521361725316,4.95431895638195,4.95960467127578,4.95757123464838
"2",4.74166776738037,4.89513372429979,4.87093999202566,4.89410195828545
"3",5.25832587607882,5.08956133448246,5.07654474609714,5.09221908216036
"4",5.02130900422758,4.91880876371716,4.93281472107522,4.92174590594363
"5",5.237914358825,5.05896080969942,5.07169084809917,5.05654383788304
"6",5.31427868117717,4.95900332634352,4.98319793468012,4.95911197380098
"7",4.83563607464266,4.65201815341857,4.67657376056879,4.65114590451126
