"","v_bh","v_daily","v_mon","v_con"
"1",3.58092507582278,4.55914070528106,4.47017854847833,4.56454511434219
"2",3.67723363723756,4.74883365855524,4.64860540184969,4.75178240467629
"3",3.35960543417867,4.35595995815751,4.26309862498436,4.36265140825982
"4",3.30570956219101,4.23158456575403,4.14947716830632,4.23244182029528
"5",3.46322353308085,4.35839172770173,4.27248764768838,4.35836724154266
"6",3.52899502214162,4.34903366071543,4.26674714855152,4.34872304597434
"7",3.79969981994884,4.56603509301682,4.50703363257036,4.56689612470164
