"","v_bh","v_daily","v_mon","v_con"
"1",4.52978248256627,4.087192255462,4.11924868031483,4.08937740662715
"2",4.51086329772476,3.98281553765378,4.02551622167182,3.98402974206021
"3",4.31133087983661,3.90115349235701,3.92254621328894,3.90312867295314
"4",4.67274285406395,3.98959959793864,4.0265157292443,3.98859136190103
"5",4.73076929929145,4.02923160793946,4.07574902430273,4.02626373194797
"6",4.73566724918662,3.95080535555803,4.00563341661648,3.94783011400118
"7",5.24967890414305,4.14716384339576,4.23184418788276,4.14699382325937
