"","v_bh","v_daily","v_mon","v_con"
"1",23.5993528667637,20.8293526995672,21.033517275546,20.8205497738217
"2",22.1916569295529,19.1836879299939,19.4011280576724,19.1769970835527
"3",22.8173700788474,19.5039295473833,19.7197048005817,19.4929984334235
"4",22.259396704967,18.9035665003589,19.1384324786439,18.8919891172816
"5",22.6370926110376,18.9046325616476,19.1618980052597,18.8920961548319
"6",24.0189082887093,19.4939103777793,19.7920493013797,19.4794189205946
"7",25.0282382514026,19.7148607429578,20.0726142178577,19.6980043354964
