"","v_bh","v_daily","v_mon","v_con"
"1",4.45734943591679,5.5268631413706,5.41508169954353,5.53039748995482
"2",4.43788728623192,5.56398572949367,5.44448932356506,5.56834567692797
"3",4.38375493165153,5.48265372623596,5.38274461682805,5.48813854896468
"4",4.64199995682806,5.72780370294441,5.63167531476795,5.73141495433147
"5",4.63859336601336,5.60479680992361,5.51113359416601,5.60760328438102
"6",4.93741576674254,5.83672943893145,5.76878168141606,5.84096636514846
"7",4.92570994668401,5.73286912458242,5.64788439938679,5.73770586440409
