"","v_bh","v_daily","v_mon","v_con"
"1",8.56526741729795,7.97893692938266,8.01408744141227,7.97765964740723
"2",8.6583743397363,7.90746212634303,7.97664967179156,7.90622396214231
"3",8.98877299477393,8.05246503402815,8.13074768288111,8.05072329901936
"4",9.00900499886379,7.91958463376692,7.99782650472244,7.91788716010496
"5",9.3678279657653,8.08429532249312,8.17143881423012,8.07834435233532
"6",9.25222282189967,7.84292524852051,7.95278656041141,7.83792066028506
"7",9.32780440212404,7.7319014957936,7.84511511282978,7.72895718795753
