"","v_bh","v_daily","v_mon","v_con"
"1",6.31950754082016,5.54207400207219,5.58438091737783,5.5358670557679
"2",6.31612808707513,5.43892434028742,5.49991194876353,5.43585053418887
"3",6.98595083041059,5.85789738504627,5.94726336245787,5.85506898657135
"4",6.42292261301302,5.55402766636704,5.62090783004856,5.55290764027044
"5",6.77329622486134,5.65514357898004,5.72620316515078,5.65162626297438
"6",7.65535082074064,6.0826708189357,6.18549940677766,6.07644456368267
"7",7.37031351109742,5.74333728677113,5.83605014872777,5.73444341654305
