"","v_bh","v_daily","v_mon","v_con"
"1",14.9814077426368,13.5629513628314,13.6481395767114,13.557736601473
"2",14.5725753791464,13.1245089364207,13.2284982202516,13.1141993669844
"3",15.057743175645,13.3403467987766,13.4548813566903,13.3362342656836
"4",15.4396695870004,13.4891757118646,13.6164392105649,13.4867098743623
"5",15.9559361053411,13.8157303046954,13.9663172179918,13.8083433519856
"6",16.251326502194,13.6408823530776,13.8176652906708,13.6350947280773
"7",16.4803508387756,13.4727179824278,13.6487324375847,13.461856495143
