"","v_bh","v_daily","v_mon","v_con"
"1",3.89021346039311,3.82754908529861,3.84546654198555,3.82470309926804
"2",3.49547974323852,3.62077311577062,3.601928906458,3.62126620389395
"3",4.1013198149642,3.86987235828378,3.89690642131949,3.86574710827846
"4",4.63092934935312,4.0108989505099,4.04206205337818,4.00993357196664
"5",4.15595292489385,3.79346603484488,3.80048951864339,3.79000258978534
"6",4.30270231823707,3.89979885217259,3.93076339206435,3.89959625572003
"7",4.83895172313612,4.02150497789059,4.0889167754663,4.01942284420259
