"","v_bh","v_daily","v_mon","v_con"
"1",5.08616306627693,6.34281389806377,6.22279711218056,6.34976680059153
"2",5.44263905985608,6.77443952557531,6.6454812597896,6.7810057184171
"3",5.57225988524967,6.87522622134464,6.74990887934396,6.88207233770805
"4",5.1653159730886,6.45571416240691,6.32384562753163,6.46024527832138
"5",5.45050688951141,6.62335140879957,6.49758277839707,6.62259814177456
"6",5.46041411443934,6.43867534099464,6.34751262800032,6.44632116491077
"7",5.38966471499268,6.38401555641263,6.30725881681148,6.39015476525245
