"","v_bh","v_daily","v_mon","v_con"
"1",3.72671640517658,4.85662932907754,4.7408597395699,4.86193301611242
"2",4.02780735512405,4.99993115176901,4.90474424332969,5.01050374991139
"3",4.00410324541565,4.95612597720838,4.86240926416966,4.95938295397252
"4",4.15499511040718,5.13033514808647,5.02763190578308,5.13411687952839
"5",3.84016732459784,4.89506516799676,4.80769762761522,4.89894695106155
"6",4.30194888167076,5.12736771773321,5.05114766502828,5.13276877656465
"7",4.27604397415031,4.91049056323834,4.8552046544471,4.91355586086707
