"","v_bh","v_daily","v_mon","v_con"
"1",21.9518433433031,20.9074135729515,20.9783153542132,20.9045366801841
"2",20.3105894858598,18.9872620637285,19.0922907543106,18.9828650270184
"3",20.7417755273487,19.324921549127,19.4266462069164,19.3202978195187
"4",21.769563490508,19.9844150334989,20.121727999586,19.9796727688726
"5",21.9283233800428,19.9390938742546,20.100237532939,19.9322197118182
"6",21.7451745123663,19.2233029451231,19.4061843246074,19.2148433088516
"7",24.3869366037174,21.0758061103483,21.3143166894633,21.0664627034943
