"","v_bh","v_daily","v_mon","v_con"
"1",12.9226633103217,10.2336463252942,10.4033510366944,10.2231023234778
"2",13.3715681265237,10.2992262865774,10.5006243924976,10.2933034122638
"3",12.7857627564044,9.77119812577838,9.95766841310187,9.76147528849421
"4",13.1992371775267,9.9759534162919,10.1664837962424,9.9662473875559
"5",13.1935357277024,9.95319932024524,10.1483001376993,9.94703676728308
"6",13.8616605163988,10.0076428998371,10.2379969414467,9.996687580249
"7",13.4571055368562,9.48438100182068,9.72590994310825,9.47249121170995
