"","v_bh","v_daily","v_mon","v_con"
"1",25.1772429168306,19.7547111316171,20.1061467719506,19.7384440204981
"2",26.6264562690536,20.4679714710574,20.8653807141755,20.4505544335452
"3",26.2196166837691,19.8975130826268,20.302881936014,19.8787728271459
"4",27.0832699291745,20.3430098588971,20.7569360732328,20.323681629804
"5",27.5819599021273,20.3442657680274,20.7826788683196,20.3237909358008
"6",27.6581749351119,19.7829752481279,20.2481443949248,19.7619841998326
"7",27.7003147748797,19.2326560292366,19.7279686162968,19.2148095766687
