"","v_bh","v_daily","v_mon","v_con"
"1",12.8857416789979,13.0499330694809,13.034240118748,13.052145140965
"2",13.4035880357435,13.2124245643776,13.2300593826549,13.2111504916239
"3",13.3882184514219,13.2314637836161,13.2447495345289,13.2330293189107
"4",12.8714338494787,12.7114430756566,12.7140265114556,12.7082093397836
"5",13.4320769761245,12.8580922165256,12.8906051818388,12.8562719086154
"6",13.7461943094214,12.9523320821683,13.0145847666346,12.9501572403945
"7",14.9137796298008,13.6057820362871,13.6982073592607,13.6001171636922
