"","v_bh","v_daily","v_mon","v_con"
"1",19.2191619127089,19.3408081398545,19.3421209448833,19.34455989697
"2",19.5247564991713,19.4009254069547,19.4119078029589,19.4013457208184
"3",20.566528354158,20.1110066378465,20.1496751112045,20.1113349091813
"4",20.0277892482557,19.4389954706543,19.4832003324896,19.4411493848993
"5",19.874921137373,19.0695631201467,19.1294436455168,19.0678513336812
"6",20.8039308698701,19.3939998359968,19.4928927990391,19.3903040041897
"7",21.9686225130559,20.0028438640718,20.1484536864247,20.0024594550099
