"","v_bh","v_daily","v_mon","v_con"
"1",5.19214044464055,5.83698073630567,5.77743870278919,5.83481478600333
"2",5.38739559180889,5.78411656143475,5.76609701103745,5.78701966055141
"3",5.10507458395681,5.55836829167151,5.50666439030733,5.55999814677324
"4",5.96383650584113,6.12534958586746,6.09525717501523,6.12650570298555
"5",5.2828385029098,5.59567045005651,5.57350944146081,5.59229569957883
"6",5.69133973242011,5.68265369470511,5.68508391394082,5.68322121966827
"7",5.83000916523711,5.83478777130047,5.81424828919589,5.83416667990091
