"","v_bh","v_daily","v_mon","v_con"
"1",37.6735738673037,38.7648982568249,38.667904193704,38.7696503011479
"2",38.4780036819074,38.9591291808453,38.9181716782844,38.9599867983826
"3",39.2745119246167,39.3618204658367,39.3566440362037,39.3603228041991
"4",39.5171145949994,39.2570603779191,39.2758205760205,39.2560142209342
"5",40.1035640473433,39.2593515171645,39.3236146757684,39.256151577272
"6",41.7928882490733,39.8192787879254,39.9825112680508,39.8150926840709
"7",43.3545360767336,40.2443967904115,40.4765467786598,40.2329313712304
