"","v_bh","v_daily","v_mon","v_con"
"1",6.97872515133096,7.74540548558409,7.68034440905295,7.74732241254132
"2",7.33188762762848,7.98833530418012,7.93715671480465,7.99145733932488
"3",7.44469874731399,7.95808111229991,7.91961852121345,7.95908365660065
"4",7.12867548470468,7.62394551088039,7.59226766152039,7.62584044868075
"5",6.83594530669455,7.29741250717103,7.27708655080472,7.29680897576809
"6",7.97523639060664,8.10265000131189,8.09135214793962,8.10193543054662
"7",7.91513651960917,7.82370227687013,7.8265420043714,7.82510038877892
