"","v_bh","v_daily","v_mon","v_con"
"1",6.47096226226123,5.83356575776087,5.86370149256525,5.83161021908317
"2",6.28991719848211,5.50995166391317,5.55906903256635,5.5076245777484
"3",6.41299422652046,5.73681878356871,5.79205445505569,5.73247424881365
"4",6.53157601574378,5.77275049290892,5.82357009600499,5.77076310557137
"5",6.15746070724317,5.3200831503365,5.38604853319532,5.31732059720683
"6",6.42473601297881,5.45871241979578,5.5416407771127,5.45727399155586
"7",6.90009140657436,5.70176169662049,5.77351895100525,5.6958027357949
