"","v_bh","v_daily","v_mon","v_con"
"1",4.16135593279339,5.01621278958835,4.93604701288911,5.02175108810764
"2",4.44761242266119,5.28049098296215,5.20662189765818,5.28318124482771
"3",4.0731715276585,4.87065251310508,4.80404390732935,4.87422326209086
"4",4.44965788466774,5.12143743260498,5.05668926420912,5.12103854218475
"5",4.39381968313364,4.94651161140327,4.89939667461327,4.95065555729955
"6",4.2723147650323,4.81815198037798,4.77272021223084,4.82038426649811
"7",4.54602052195405,5.0159747433299,4.96774755955509,5.01680331119595
