"","v_bh","v_daily","v_mon","v_con"
"1",6.10118843735931,6.48837592526659,6.45056472551682,6.48925477151145
"2",6.5266583512151,6.70966617300947,6.69848641358513,6.70935438468897
"3",6.36230786107323,6.64423509508337,6.62137950365862,6.64300617753865
"4",6.5462686041043,6.55970193691061,6.5712239182005,6.55966017069515
"5",6.64915414685663,6.53621733993464,6.55957304174347,6.53788171923335
"6",6.28345777541891,6.22271524603864,6.21302601232732,6.22220141897087
"7",6.97470063424857,6.6321004170263,6.65258862602509,6.63100764005748
