"","v_bh","v_daily","v_mon","v_con"
"1",8.67287703735203,9.73563858096997,9.63857166471324,9.74194724990663
"2",8.82847495670965,9.79051760722638,9.70871438416962,9.79500839292414
"3",8.79870244193945,9.68561196546876,9.60556822367483,9.68742345015674
"4",9.42443932803257,10.1517947702821,10.0891924761206,10.1539297186776
"5",9.27082932419465,9.89585618153497,9.85474094896763,9.89841371238222
"6",9.63734371258197,10.0680127268662,10.026891508403,10.0691793000737
"7",10.2773507116689,10.3994204755387,10.3976675489893,10.3967399192327
