"","v_bh","v_daily","v_mon","v_con"
"1",3.75124122617896,5.02618733532853,4.89628181488513,5.03044052204061
"2",3.67284449970044,4.94086234009476,4.81079928226294,4.95006271458181
"3",3.89702042054456,5.0418983570021,4.92314367484602,5.04582847505676
"4",3.78714836255184,4.932321641274,4.82864848801534,4.93681675228251
"5",3.81879040354437,4.92235758751663,4.79378831710583,4.92523147962822
"6",3.75313796959146,4.83476108609245,4.72514096020045,4.83893413981742
"7",4.03794212985441,4.98365725130914,4.90046985275574,4.9877862762605
