"","v_bh","v_daily","v_mon","v_con"
"1",45.1345271910652,39.4955936252782,39.8913456905314,39.4809181162841
"2",47.0707938548708,40.663607659332,41.1152011837673,40.6444363720212
"3",46.8317021482,39.9809522767232,40.4581714218043,39.9603601798366
"4",46.8956778838363,39.6011813561512,40.1164752963758,39.5806715283928
"5",47.6937658687161,39.6034929844752,40.1653316516607,39.5811195974415
"6",53.7594242328914,43.3218458320195,44.0284124213097,43.2907911617283
"7",53.8754191335051,42.1540592880622,42.8963003613358,42.1188709739343
