"","v_bh","v_daily","v_mon","v_con"
"1",50.1505146892382,40.5477067975484,41.1931363176677,40.5172993205107
"2",51.710665827208,40.8501015438873,41.5549479761723,40.8191427854807
"3",51.1651019584861,39.8834733028281,40.6276267667399,39.8512508261443
"4",52.3140883251752,40.3925946521634,41.143083526082,40.3572211789792
"5",53.2598627175089,40.3948883792539,41.1942204448167,40.3575248746761
"6",52.9937899674902,38.9958678482664,39.8645277807016,38.9564416454122
"7",54.5973143491363,38.9927427672411,39.9349276474383,38.9516304853383
