"","v_bh","v_daily","v_mon","v_con"
"1",10.0293312385452,9.41855194194086,9.45892017296723,9.41721423786371
"2",11.0696302350228,10.2386853640352,10.2989345706947,10.2325797439843
"3",11.3685251558528,10.411207503503,10.4795530759317,10.4105586685399
"4",11.4056070254936,10.3358366029368,10.4101212451607,10.3329760139767
"5",11.7481944405665,10.3592151314492,10.4577088974553,10.3553190026604
"6",10.9749647449218,9.60826573399665,9.7025088341686,9.60353424946522
"7",11.8466484948586,10.0230644452996,10.1471286143614,10.0143628392279
