"","v_bh","v_daily","v_mon","v_con"
"1",6.34547207334917,7.60993440470186,7.49575517322252,7.6140852024548
"2",6.38553409388733,7.63918581463178,7.51831782380772,7.64357080288568
"3",6.88385249883835,8.050230125386,7.93260226267184,8.05895297507261
"4",6.6102729982253,7.71699594278578,7.61620278108284,7.72130052072901
"5",6.878288618903,7.91199352025238,7.82427939084589,7.91945662712408
"6",6.91824059240914,7.876321361885,7.80025819759175,7.87679910560134
"7",7.09135219760946,7.83616780341975,7.7686396650711,7.83812233344878
