"","v_bh","v_daily","v_mon","v_con"
"1",18.251479459575,20.7117697495339,20.4845610107922,20.7238617464814
"2",17.9791885475387,19.970194730391,19.8025702787375,19.976561579657
"3",17.4995751217639,19.2480185015673,19.0922857361481,19.2533127161996
"4",17.745838652032,19.536446427718,19.3773841635853,19.5455505020937
"5",18.2065757081869,19.6710346137892,19.5357655344951,19.6731486100582
"6",19.5105465890046,20.6292648338621,20.536962601106,20.6301179584022
"7",18.9753750772501,19.6801197299446,19.6189428601066,19.6814436503503
