"","v_bh","v_daily","v_mon","v_con"
"1",23.7497656822414,19.1815236439758,19.4829463537414,19.1689874334974
"2",26.0014546061601,20.7019011059656,21.0526034325506,20.6856158280208
"3",27.6580158455439,21.6535044877776,22.0370936038931,21.6358248069189
"4",25.9299767963915,20.0523923850738,20.4118495244901,20.034143299547
"5",26.3988771180893,20.053539483112,20.4369776915341,20.0342151849495
"6",27.4935286734189,20.3249249906758,20.7500884807081,20.3059993278292
"7",28.2310414437052,20.151963892836,20.6371326315747,20.1304264268776
