"","v_bh","v_daily","v_mon","v_con"
"1",3.10601879257065,3.97887511322302,3.87810641367856,3.98335145603911
"2",3.33448871867905,4.12283171298341,4.041614596705,4.12473125134426
"3",2.90105194626574,3.93712819678733,3.84618935740972,3.93858369171748
"4",3.17682315237071,3.9532691661751,3.87202798423477,3.95687885339209
"5",2.93387955600432,3.85785679742961,3.75930707999306,3.85944788586492
"6",3.28240457683785,3.88533107236805,3.8176076991435,3.88751299135079
"7",3.36484782230803,4.02334218214497,3.95663628214436,4.02431487291357
