"","v_bh","v_daily","v_mon","v_con"
"1",7.91998343607593,7.95627469654096,7.95163289285753,7.95573281647216
"2",8.30741680976005,8.12508217907582,8.14546805843227,8.12458830795731
"3",8.19086909058586,8.03770665109237,8.06183146499421,8.03450495414518
"4",8.04781086890692,7.94618508480887,7.96858068898309,7.94521068753111
"5",8.80546909320027,8.30715843099385,8.34552876241891,8.30656827467946
"6",7.8768556891697,7.43750976167408,7.48113570953387,7.43475405601861
"7",9.44025215952576,8.46549084512121,8.53473014981931,8.465031914772
