"","v_bh","v_daily","v_mon","v_con"
"1",3.30585653974008,4.19349596529399,4.10075281781015,4.19796094244213
"2",3.68620542780403,4.53095333652592,4.46367664210505,4.53149593309099
"3",3.41233245462201,4.14829359748152,4.08721427614525,4.15379682366727
"4",3.47478190120945,4.22406790774277,4.13493630056147,4.22514689999193
"5",3.56627024212723,4.25012764743078,4.20184093239484,4.25734143278765
"6",3.93573104530202,4.52621137815349,4.48605864518445,4.52911588631586
"7",3.8243530752767,4.31975655157073,4.28525933691649,4.31857438092982
