"","v_bh","v_daily","v_mon","v_con"
"1",19.4970616141039,20.9591213919873,20.8250749471359,20.966654951041
"2",19.0140106778254,20.1837197074986,20.082569203361,20.1861965448379
"3",19.0750621967412,20.2150582870015,20.125207069273,20.2211243889688
"4",20.0107438491646,20.6958695321029,20.6490840589734,20.7001322594942
"5",20.5475018103139,21.1416261999721,21.0808206117818,21.1436094568589
"6",19.4489978579453,19.455439894052,19.4602588804748,19.4574501619332
"7",20.6213153635675,20.2343087221039,20.2744274745754,20.2338229953759
