"","v_bh","v_daily","v_mon","v_con"
"1",7.44819132289904,7.85494967388408,7.82208453445171,7.85869017326207
"2",8.03663187281707,8.38588047336518,8.35800861408787,8.38818809000389
"3",7.76504970786342,7.93788460048757,7.92112091830645,7.93961715999811
"4",7.73030244753924,7.84931832030015,7.83431747693991,7.84600654393604
"5",8.05278794874281,8.14086713379808,8.12049905245247,8.13934989498171
"6",8.50021488441201,8.26558359527088,8.28229829991337,8.26673452188178
"7",8.09144844723245,7.71900589043108,7.74423990239336,7.72192039857957
