"","v_bh","v_daily","v_mon","v_con"
"1",11.8613411193034,13.7591566719158,13.5778020546682,13.7699038871534
"2",11.4322251704692,13.121211664001,12.9616930184431,13.1288018354739
"3",12.562473334075,14.2015612819303,14.054956781117,14.2061933320648
"4",11.1004320298446,12.5511099942588,12.4266203289708,12.5564899776857
"5",11.491797037736,12.8535516975618,12.72662168352,12.8581766755524
"6",11.9896058254159,12.9951918027761,12.9169000380021,12.9983427741249
"7",12.953489137297,13.7869264172666,13.7008719353116,13.7925597913133
