"","v_bh","v_daily","v_mon","v_con"
"1",18.657869872824,19.6966866440638,19.6217974515561,19.6981472443355
"2",20.0296594252494,20.7562766663913,20.7233461021936,20.7591663421998
"3",18.5295201283542,19.2063605630852,19.161625882491,19.204258998841
"4",19.150234207082,19.663439776777,19.616943372185,19.664380353241
"5",20.8008786265346,20.699040208645,20.7166652348199,20.7003901119172
"6",20.0010848839012,19.5622988408337,19.5934946700402,19.5594574306726
"7",20.6005701986399,19.7793652761316,19.8452015025701,19.7773294718701
