"","v_bh","v_daily","v_mon","v_con"
"1",5.29333910461923,4.48225211572949,4.53521701523621,4.48069695833771
"2",5.21176853398889,4.44229301298958,4.49959718893959,4.44286643471485
"3",5.15106200759427,4.38386093396145,4.42752173969621,4.38425237849751
"4",5.17421785863159,4.26326392004075,4.32628511789731,4.25787790412573
"5",5.55510509556336,4.45547494343762,4.51572748410815,4.45138504700019
"6",5.23306705768596,4.23629147643178,4.31068872870168,4.23397058963688
"7",5.69537921616785,4.2891109819402,4.37532792684935,4.28846307394216
