"","v_bh","v_daily","v_mon","v_con"
"1",17.7455713980632,14.0810029891935,14.3253579884208,14.0733453301346
"2",16.1738827378347,12.594681689901,12.8248764610207,12.5842145164063
"3",17.7127771667651,13.5077938260921,13.7787738479093,13.4980180999702
"4",17.3598809370402,13.0638701030015,13.3466192821233,13.0540216694915
"5",18.0913709895585,13.327568551417,13.6272131522095,13.3143671370177
"6",18.613307967524,13.330425378827,13.6696389206226,13.317396674347
"7",18.8312036703936,13.2227737697767,13.5621336821837,13.2096388772093
