"","v_bh","v_daily","v_mon","v_con"
"1",6.22517554286769,5.77728191382035,5.81259012638223,5.78069852929687
"2",6.42685876280053,5.68917319331863,5.74575200574026,5.68523714867653
"3",6.62608434163423,5.96367406001004,6.02106707663237,5.95551024432029
"4",6.42936545849299,5.81173798627157,5.85836245696257,5.80796250214945
"5",6.61227868089382,5.73333028342898,5.79541339406666,5.73258782307337
"6",6.44009135376787,5.53728418820552,5.60883483759584,5.53435653444274
"7",6.70885473000257,5.65903785617945,5.73306907911178,5.65547337741531
