"","v_bh","v_daily","v_mon","v_con"
"1",42.3964793934959,41.2888465587139,41.3775587481341,41.2834125973299
"2",39.7550119690408,38.1169792488997,38.2467701049365,38.1103200187173
"3",39.9843106500116,38.1692559309869,38.2953347393694,38.1629605558521
"4",42.3459112466826,39.8178947540442,40.0104165810751,39.8104869778691
"5",43.0064932349434,39.8202458728886,40.0591677463311,39.8108631450819
"6",42.489347371965,38.5510348312104,38.8499553231142,38.5336719290403
"7",44.748667446934,39.4278989574486,39.8079847161406,39.4090368977283
