"","v_bh","v_daily","v_mon","v_con"
"1",2.82403103350867,3.87989461180498,3.77742183055508,3.88772014560789
"2",2.9515728191703,3.87283303140266,3.77937429422013,3.87692834287579
"3",2.97586990650777,3.93648263075243,3.82822665371258,3.93569401760094
"4",3.11398219947795,3.97276674046234,3.88720449383893,3.9768357475708
"5",2.90740227569956,3.93393469831516,3.82670314600429,3.94432662456886
"6",3.13639485185174,3.93077511695648,3.83687890350478,3.93594626433221
"7",3.33848673186734,4.08842399658659,4.02313568494643,4.09136404724321
