"","v_bh","v_daily","v_mon","v_con"
"1",3.41382808668342,4.36887167806888,4.27083133630184,4.37441720371109
"2",3.68068945149769,4.56851747950034,4.48634617317824,4.57253707858703
"3",3.41488013459984,4.29115585088829,4.20874536633168,4.29410561490835
"4",3.50957787866115,4.35586186444182,4.26934517753742,4.35903843932907
"5",3.39711248436073,4.17052773729517,4.09981184707433,4.17648444359208
"6",3.61151862945554,4.42091083448641,4.35127229137388,4.42248227944864
"7",3.92162034036351,4.49959544307844,4.43825817259828,4.49986072316755
