"","v_bh","v_daily","v_mon","v_con"
"1",32.2747574298627,39.5848152392643,38.8694091816083,39.6189760000978
"2",33.6514220527328,40.6236832043761,39.9569478232799,40.6543291353499
"3",32.873734692201,39.345006608839,38.7218215019878,39.3725974017065
"4",33.2273682307032,39.5295395454719,38.9264110453143,39.5582443639429
"5",33.6242200395488,39.5319587777158,38.9724846371953,39.5586047472153
"6",33.5402260000694,38.6733486273652,38.1996339741469,38.69482558075
"7",35.3020993663881,39.8612952194106,39.4554944057939,39.881536493483
