"","v_bh","v_daily","v_mon","v_con"
"1",8.07149727927563,6.58583324292845,6.69725423098784,6.58015679554733
"2",8.5705505114146,6.81329334360605,6.91855801896844,6.81195285082595
"3",7.91722284017306,6.37247584676995,6.46354457072277,6.36754990429422
"4",8.69295078124583,6.68325583933601,6.82007270450222,6.67705833537683
"5",8.8560391496891,6.60831454960879,6.74778134435586,6.60394300082971
"6",8.90683512439354,6.66994272260939,6.81382263811623,6.66411985944882
"7",10.1237635564128,7.15220793850712,7.3100668731586,7.14420855918661
