"","v_bh","v_daily","v_mon","v_con"
"1",13.1191796714795,13.9352194146399,13.871973299683,13.9414465177481
"2",11.6440741934224,12.1950184855419,12.1450753325891,12.1972993044341
"3",12.6402775297093,13.109489681908,13.0712529677229,13.1106851501919
"4",12.6314370645705,12.9700030826261,12.9478854670962,12.9695211410819
"5",12.2946044595496,12.4476431799461,12.4387443336803,12.4493668718706
"6",13.5273285693417,13.3122161348019,13.3402871999945,13.3112153592488
"7",13.6505573139571,13.1456329436106,13.1872891132148,13.1450839539725
