"","v_bh","v_daily","v_mon","v_con"
"1",5.08952198862768,4.97024471571538,4.99477205828604,4.97227949987663
"2",5.42208030556819,5.16004251596709,5.16644070331258,5.15899954860244
"3",5.13372368969245,4.90222237157004,4.93071257517492,4.90529775935177
"4",5.08922351934841,4.94553760257813,4.95530172664194,4.94187663458992
"5",4.92338668270986,4.66918138371807,4.69051176185383,4.66749784383845
"6",5.4015380118603,4.97440158182405,5.01084022364789,4.97384733242752
"7",5.50459946000511,4.98900903253568,5.03253898246829,4.98518593726914
