"","v_bh","v_daily","v_mon","v_con"
"1",5.49578636253419,7.03381787833805,6.87125825481739,7.04129503909799
"2",5.41801245593766,6.87135157891311,6.73399271342665,6.8749254081739
"3",5.45097568426444,6.77508513338013,6.64589895937294,6.78092157548516
"4",5.3767433435223,6.79767265305143,6.65824192324524,6.80284361639975
"5",5.39780896688687,6.70695882545237,6.5628975809666,6.7136313395896
"6",5.58498993930828,6.78997299631625,6.66693380416079,6.79213503127433
"7",5.45199692216965,6.62056848583916,6.51635627864328,6.62659077668816
