"","v_bh","v_daily","v_mon","v_con"
"1",4.09116208678826,5.05365883745686,4.95264334959103,5.05697506886681
"2",4.21581022730362,5.03031189652741,4.93912448537658,5.03571336324207
"3",4.19870305721243,5.04496211388138,4.9734529192993,5.04589890534184
"4",4.37953850417226,5.05840055249546,4.99357473326484,5.05880462108136
"5",4.10970747823628,4.89075651776725,4.81362467201973,4.89313312449482
"6",4.14994451290016,4.6944135968375,4.64653807211028,4.69467507643996
"7",4.19236812218348,4.78124900136582,4.73226686015213,4.78448553439646
