"","v_bh","v_daily","v_mon","v_con"
"1",7.57465610153247,6.62187063640709,6.68684955357146,6.62069913552031
"2",7.16392349499438,6.32036248206844,6.37162864810625,6.3173229971091
"3",7.41008109891301,6.46498994264647,6.5310085873144,6.46243966015217
"4",7.58467388701512,6.4409946196304,6.51906336322948,6.43977963934171
"5",7.97636387184009,6.73430461706941,6.83851239312073,6.72994588829278
"6",8.11469340188338,6.58807503577456,6.67552858842639,6.58415382326982
"7",8.48278026172887,6.7143968974292,6.82514196090299,6.70997857468947
