"","v_bh","v_daily","v_mon","v_con"
"1",19.8035543702186,20.4120310112522,20.3775049298945,20.4119106917238
"2",19.2559872847171,19.5677143778499,19.5363357226162,19.5680895962231
"3",20.1750436640843,20.2851614608726,20.2905055190011,20.2829653869702
"4",19.0858475419659,19.0665836017643,19.0662311184186,19.0676010523054
"5",19.9175189822308,19.6664759607377,19.6815939328828,19.6645634632982
"6",20.9090682664972,19.9820530430977,20.0529370077577,19.9790077976279
"7",21.8706427010455,20.340949057818,20.447076859205,20.3358764172815
