"","v_bh","v_daily","v_mon","v_con"
"1",11.3060175522287,10.2782413055632,10.3493241911352,10.2748040117805
"2",11.1727030241598,10.1150297599325,10.185888335983,10.1135521724877
"3",11.021698812963,9.8087957895614,9.90486649878524,9.80395908653556
"4",11.9539208078714,10.4928148926312,10.5893433084447,10.4876841396539
"5",11.2723928531028,9.79995707703007,9.90110094760268,9.79396973428905
"6",11.259044116914,9.64891192421475,9.77448012781678,9.64503229403976
"7",11.7815081844917,9.66031461041586,9.80072367801358,9.65418502646497
