"","v_bh","v_daily","v_mon","v_con"
"1",15.510070999028,13.3578778694723,13.4936760418544,13.3511955090128
"2",15.6342770442296,13.2258540725395,13.395764040805,13.2216806062568
"3",16.4214900795595,13.6526864618009,13.8532643419006,13.6428973101311
"4",16.0282701517214,13.1770763861424,13.367222884081,13.1672106428739
"5",16.3821496606329,13.4032788602482,13.6005338391983,13.3914591168803
"6",16.4818755909356,13.0680058537278,13.2996575298612,13.0570392618809
"7",17.3769266261153,13.309955573168,13.5505171780223,13.2977061195425
