"","v_bh","v_daily","v_mon","v_con"
"1",5.02144596976847,5.79046256666283,5.71338552135451,5.79384838742334
"2",4.91120914568972,5.68351826992699,5.61814259821151,5.68357103921734
"3",5.11769106578308,5.85280070703396,5.78052496201108,5.8541196195884
"4",4.86300136524196,5.47206749599747,5.41260422735883,5.47419224073033
"5",5.60607121938691,6.08379828218868,6.03187087009233,6.08486182012216
"6",5.38115155034236,5.75948305606741,5.73031883030595,5.76308912795375
"7",5.30113044436672,5.64571178823275,5.60521232092882,5.64684033709835
