"","v_bh","v_daily","v_mon","v_con"
"1",30.3403422390348,37.7639383498283,37.0344150101432,37.7967019276621
"2",32.2358147531954,39.7837272943112,39.0349664495736,39.8209952900386
"3",32.3024584337086,39.2963023814708,38.6180062188961,39.3288737505168
"4",33.8680598154069,40.9683049871312,40.2854841229855,40.9979809759686
"5",34.2609275131943,40.9703565801905,40.3327632888469,40.9980938326406
"6",33.1741959763734,39.0116692898402,38.4637861633088,39.0327071319006
"7",32.4946610889226,37.5228063274581,37.0712771241034,37.5434196687571
