"","v_bh","v_daily","v_mon","v_con"
"1",4.55826216303837,6.00591804623209,5.86250940579054,6.01268619664258
"2",4.07568269020863,5.5194182740799,5.36013445701737,5.52801184610179
"3",4.2927232771851,5.65164138578371,5.50582171499853,5.65492555440196
"4",4.34845101236992,5.62484533134113,5.50018527402058,5.63205844556862
"5",4.33548224804391,5.5373768751817,5.42156990075708,5.54090834699173
"6",4.37726336183753,5.51870851316016,5.40012926208444,5.52487836384557
"7",4.73139536962122,5.74364165333905,5.65053437705423,5.74754478092167
