"","v_bh","v_daily","v_mon","v_con"
"1",8.11563688430494,9.95431007083931,9.77358095354596,9.96291328186412
"2",8.08069334358128,9.77751331023733,9.60827366710021,9.78446441379732
"3",8.00039648155903,9.65928127469925,9.50503113979539,9.66616525095995
"4",8.13501219182182,9.86912948117841,9.72383496211317,9.87684051438567
"5",8.61165839727577,10.267355835871,10.1090936970734,10.2744398901845
"6",8.60224497491066,9.98805748474193,9.8735521605826,9.99805186906726
"7",8.53190116112101,9.74349117423721,9.6237701647178,9.74872303847177
