"","v_bh","v_daily","v_mon","v_con"
"1",39.6408795881927,39.7283051595441,39.7156186280897,39.7250180237312
"2",40.7769040850795,40.2365230835378,40.2822027141872,40.2345518694279
"3",38.9790571462902,38.2082208687233,38.2709326971416,38.2026871205685
"4",43.0572978499931,41.7029510716024,41.7944027793132,41.6983795882012
"5",43.711922986425,41.7050294627858,41.8449960975506,41.6982263758805
"6",43.6695168008373,40.5811943570669,40.8262647282222,40.5683337929336
"7",43.7200252249455,39.6113375168262,39.9106858115354,39.599081326805
