"","v_bh","v_daily","v_mon","v_con"
"1",48.562870899052,41.4574073282061,41.9525961750731,41.4375626712181
"2",46.8278836827357,39.2816493546792,39.7993643229012,39.2567220387529
"3",47.8223798643859,39.7884060989423,40.3432028865727,39.7642430610127
"4",49.5783694498324,40.4694640630971,41.084663299472,40.4426424024597
"5",50.4416462581751,40.4717086544534,41.13507555779,40.4429142058211
"6",50.6145370725544,39.5337525522747,40.2456552107492,39.5025111252824
"7",53.0310551023439,40.3286840584847,41.1270152262611,40.2940075485787
