"","v_bh","v_daily","v_mon","v_con"
"1",9.05397932504354,9.87512073039334,9.81090104134162,9.88076071504458
"2",9.52929854290016,10.0319888163559,9.99270803175427,10.0341342529499
"3",9.39414326628733,9.87506441051903,9.82478134103023,9.87566648269252
"4",9.48079526506738,9.92382050390564,9.89392323796956,9.93053052010833
"5",9.45037567090997,9.76225356132636,9.73799253147349,9.76424360466573
"6",10.1323054799381,10.2544177681816,10.2460172276774,10.250535738259
"7",9.96423613964715,9.96248924739174,9.96102355181061,9.96617077391455
