"","v_bh","v_daily","v_mon","v_con"
"1",3.17648583606671,4.28464007612516,4.17948344220468,4.293236101266
"2",3.18276732701496,4.28068764005785,4.17029879338295,4.28758138448499
"3",3.28473565766608,4.40565550191256,4.30044821816028,4.41261417965342
"4",3.35730446922434,4.50298042565796,4.372087045609,4.51271595842478
"5",3.82127964903947,4.77819385502059,4.6674729873614,4.7831402610492
"6",3.13212218038219,4.23111203061601,4.10107982008636,4.2349826828398
"7",3.35957905122679,4.37976563697148,4.28341715834135,4.38382907749665
