"","v_bh","v_daily","v_mon","v_con"
"1",4.23406256957354,4.15180443203729,4.16318173581385,4.1498019789849
"2",4.20545275675874,4.15318738489795,4.15571205245003,4.14987525662267
"3",3.82107852427921,3.78180517995348,3.800694527089,3.78213318520439
"4",3.73101748713156,3.82574573972394,3.82228490062542,3.82191765706806
"5",4.63848930310898,4.32484078035954,4.35565289669186,4.32548006255232
"6",4.21972195636171,3.96214624761437,3.97437788766103,3.96063302706348
"7",4.01774990990559,3.70698110520615,3.73886937274441,3.70685695140811
