"","v_bh","v_daily","v_mon","v_con"
"1",12.0621452542768,13.4043302615696,13.2893683124628,13.409865517985
"2",12.5582744861614,13.7201612629032,13.6390829326418,13.7233556887886
"3",12.009800966911,13.0591368838272,12.9771941996281,13.0633575160332
"4",11.5693339712538,12.4694055935291,12.3887890658333,12.4725768641478
"5",12.3120103402479,12.9664905524007,12.9216938692569,12.9688454965449
"6",12.3192311723907,12.8699970300538,12.8143188011924,12.8716247036928
"7",13.1801343857657,13.312834615047,13.3076516969439,13.3121912810146
