"","v_bh","v_daily","v_mon","v_con"
"1",37.6333304957414,39.5376796812265,39.3827061724874,39.5482494980199
"2",38.3603804893667,39.7741081579279,39.6600099834256,39.7771258429514
"3",38.1958280176423,39.247731455584,39.1596431088572,39.2514841781357
"4",39.8038849464153,40.4879584841053,40.4398421942732,40.4900750749278
"5",40.3799438208087,40.4900498449349,40.4886486654219,40.4901553733465
"6",40.6590407950154,39.7712889927489,39.848039653545,39.7672546429957
"7",41.7903437651521,39.9188231040513,40.0508915428711,39.9126892464606
