"","v_bh","v_daily","v_mon","v_con"
"1",10.8187799308466,10.5098431275081,10.5524897355088,10.5097193704552
"2",10.2018900053625,9.80473424039385,9.82857958338675,9.80034429072426
"3",10.2889210701868,9.71620409185713,9.75291743971169,9.71271587142284
"4",10.5396859693352,9.72690306269711,9.79717003691124,9.72405305522353
"5",11.4592530602729,10.5901107888601,10.6562583753615,10.5857899114137
"6",10.7820554580587,9.68616966428115,9.7711423372806,9.68402022312584
"7",11.9830668391174,10.4850238230402,10.5842835903,10.481287653591
