"","v_bh","v_daily","v_mon","v_con"
"1",5.49213331662039,5.83097940694555,5.80673527817692,5.83054993070301
"2",5.66658266295535,5.88665486370023,5.86058174044591,5.88775791818896
"3",5.96604372096622,6.0987659743326,6.08723744034718,6.09986178465787
"4",5.56134776360338,5.63028137025101,5.62684392115667,5.62653549433056
"5",5.92447079748155,5.79744556494072,5.7853374300557,5.79399510415162
"6",5.8310172393927,5.74952678812065,5.77725504836437,5.74940696671273
"7",6.11435212022335,5.80123023665317,5.82930593441455,5.8009080217054
