"","v_bh","v_daily","v_mon","v_con"
"1",13.5206916348757,12.9697120420778,13.0152283353455,12.9689829179272
"2",13.59031947725,12.8147131950851,12.866980978444,12.8121103485633
"3",13.8356723899998,12.9775065415716,13.0385829916226,12.9753676016543
"4",14.1781148712022,13.0738632299334,13.1471421427829,13.0708342408544
"5",15.1536264117893,13.7851886727527,13.8820751494757,13.7813444227743
"6",14.6588518348712,12.9798164004977,13.0972933024047,12.9782048959221
"7",15.5639977277332,13.4561505928425,13.6060743262905,13.4478614199616
