"","v_bh","v_daily","v_mon","v_con"
"1",8.44620976648602,8.00896598037143,8.02998045685403,8.00659979189166
"2",8.23570088887497,7.88737994770211,7.92535833372822,7.88499581638007
"3",9.12746100820044,8.32987741740254,8.39323186023744,8.32297907361839
"4",8.5712450040861,7.89958977646522,7.94078864263583,7.8961469871746
"5",9.16836231400701,8.23253063980404,8.2971893856969,8.22691168103526
"6",9.10444527213417,8.02470276463126,8.10500398519643,8.01771094394957
"7",9.23399547706768,7.96493855618395,8.05796715391392,7.95871521192004
