"","v_bh","v_daily","v_mon","v_con"
"1",5.15460089630487,5.01971645010717,5.0324254784323,5.01951446329026
"2",5.34948315241238,5.06080399421731,5.07926982027129,5.06133248610206
"3",5.3731452686902,4.97364158118976,5.01604424380645,4.97681708956189
"4",5.33287151235411,4.95235940935478,4.98420855502532,4.9480751286813
"5",5.18484936013701,4.78847269311099,4.81839412810987,4.78657362533807
"6",5.64803833859659,4.97179813466031,5.02462024505913,4.96840662053562
"7",6.1659294343721,5.22602293671444,5.30443248701608,5.22352461371517
