"","v_bh","v_daily","v_mon","v_con"
"1",21.8775686115601,20.2916262042334,20.4047812589439,20.2865623946079
"2",22.2585317768852,20.3332358073786,20.4750492767416,20.3293799782482
"3",21.9125092121949,19.8085891539908,19.9544074726252,19.802136282644
"4",22.3759584398787,20.0829075576096,20.2447511226188,20.0702500218446
"5",22.7384568928017,19.9874760367891,20.1885308138741,19.9799581686359
"6",22.0038996960175,18.8829894639399,19.0962887488719,18.8734287436819
"7",23.8651269468333,20.0567178051698,20.3033074702271,20.0493449527499
