"","v_bh","v_daily","v_mon","v_con"
"1",7.94524827825134,10.0818768861597,9.85798547399285,10.0922275295845
"2",7.76380753388257,9.74923957605501,9.5452781507492,9.75925506557232
"3",8.07653087708496,9.96650048056883,9.79210361966252,9.97476095852465
"4",7.69176513381825,9.38865767815938,9.21898674282907,9.39616663847272
"5",7.96931078037712,9.63874520198762,9.47765215310597,9.64842538045725
"6",8.30971571337243,9.84528233213606,9.70906447894423,9.85516441530946
"7",8.61372930501759,10.1105188853491,9.97732115230967,10.1167062209968
