"","v_bh","v_daily","v_mon","v_con"
"1",6.14988811485177,5.09100246276288,5.17426868343316,5.08993744526218
"2",6.50963967098932,5.2245811738772,5.32571783083358,5.22292101311025
"3",6.11882813008139,4.96926720730334,5.0400392408718,4.96536303057671
"4",5.98333348713884,4.90415615053247,4.96730945926344,4.90413344190714
"5",6.09017220857305,4.82250702984773,4.9083450595411,4.81601844638846
"6",6.91417314270387,5.19503878177637,5.30766926592106,5.18941212313476
"7",6.79614561308926,5.08077230004181,5.18755136637353,5.07830465017478
