"","v_bh","v_daily","v_mon","v_con"
"1",3.2317544501225,3.91933247528855,3.85425855643907,3.92254697659345
"2",3.4258886623277,4.14455000283835,4.08703789753259,4.14695193741006
"3",3.19332340498439,3.9162730056319,3.82219796437291,3.91941899978661
"4",3.39497059430583,4.08198453462377,4.01111919554193,4.08736394442196
"5",3.66879955400811,4.24476921755987,4.19403277656648,4.24528055409179
"6",3.55581985003729,4.11407523199895,4.05945963103853,4.11808317046406
"7",3.30187089344067,3.80680980427142,3.75930018741183,3.8103881065451
