"","v_bh","v_daily","v_mon","v_con"
"1",5.52256086045582,6.75041690935282,6.61586942263449,6.75738754931828
"2",5.65003008500794,6.71297044238955,6.61957904786084,6.7175026526229
"3",5.41196507441713,6.6039335940589,6.50265879189237,6.60671190429536
"4",5.50326016768935,6.50633801596607,6.41127136556814,6.50925650742372
"5",5.82049947030758,6.79063134199404,6.70259680973282,6.79369908390179
"6",5.57551347704543,6.51149380851266,6.4372365533463,6.51482338029146
"7",6.05597041344027,6.75218485207589,6.68188084808322,6.75537806950291
