"","v_bh","v_daily","v_mon","v_con"
"1",4.35844911347317,3.87220442887386,3.90405420684127,3.86886090983186
"2",4.79462017864905,4.06545912197578,4.108657707466,4.06605431400303
"3",4.78368158467913,4.04513295807287,4.06401508022206,4.04168954537386
"4",3.68195396676341,3.6135099526504,3.63628709239118,3.61534743333971
"5",4.90526237108864,4.12949792543101,4.20307445438614,4.12937269859046
"6",4.91336064585371,3.91452093319225,3.97198898249383,3.91148951197526
"7",4.92868306881157,3.95607615275424,4.00990070700387,3.9497529808318
