"","v_bh","v_daily","v_mon","v_con"
"1",20.8453397114986,20.4728396311378,20.4950203011562,20.4704265068903
"2",20.5167334348365,19.8224866813613,19.8885684093197,19.8249200004495
"3",20.4447014541803,19.5228500884908,19.5906966165153,19.5160455641516
"4",21.0141009687071,19.9360109293729,20.0333118613651,19.9319904629991
"5",20.8788883339043,19.4418439992098,19.5479647657255,19.4413674865311
"6",23.2268493012138,21.0234563867637,21.1906369139036,21.0163210536848
"7",22.7758849534067,20.0476429266869,20.2393260256492,20.0412740447027
