"","v_bh","v_daily","v_mon","v_con"
"1",3.28482324920573,3.73738592449192,3.69425846657989,3.73859983302641
"2",3.70252923018718,4.11130195415397,4.08714537557846,4.11181658823364
"3",3.37884979799506,3.9033666004697,3.86469652080309,3.90254325510445
"4",3.60102175322821,3.9759779483587,3.92466405657879,3.97796047490048
"5",3.90593866359034,4.10806486080896,4.08838311428093,4.10568879774028
"6",3.50590089210181,3.77324315185802,3.75134302239299,3.77323276762531
"7",3.78471232504579,3.91464857346596,3.90674705002366,3.91786452886178
