"","v_bh","v_daily","v_mon","v_con"
"1",17.5187144292998,19.4051697704374,19.2344430829057,19.4129655569913
"2",18.1246693989558,19.7793241549793,19.6472608165125,19.7841131571142
"3",18.4109686446198,19.854042660237,19.7238220795846,19.8621377861389
"4",19.7886398205669,21.1382676744674,21.0116662758866,21.143356715335
"5",18.405191310793,19.5393351032269,19.4408168668925,19.5457896139871
"6",19.1045823310139,19.7580050476655,19.7007657830431,19.7606913963408
"7",19.8528633056302,20.0397573427656,20.0253135194171,20.040414782867
