"","v_bh","v_daily","v_mon","v_con"
"1",4.06779156261641,3.86512510002135,3.87293959902429,3.86235485262887
"2",4.10114006316814,3.84858428281614,3.85554722065855,3.84870036269523
"3",4.17888152672096,3.77921726084584,3.80988886777711,3.77994006263358
"4",4.50844305350443,4.00091951929392,4.04323010348081,4.00123694348047
"5",4.90978213304426,4.12028283308192,4.15186569757747,4.12175764738054
"6",4.5622336974426,3.83735661690242,3.88801607437066,3.8375114400909
"7",4.71977896153906,3.96564558781577,4.01435399063801,3.96132366736266
