"","v_bh","v_daily","v_mon","v_con"
"1",35.8406098425029,42.0365561587533,41.4546955440645,42.064549787079
"2",32.5156038647058,37.6300209370724,37.1622921928145,37.6504890358131
"3",34.8503699882343,40.1270203798853,39.6465970113677,40.1483864775521
"4",36.2885431049566,41.3566721935664,40.8953711786646,41.3773372645255
"5",36.7469838577734,41.3585464562264,40.9438495938983,41.37744875897
"6",36.101890572883,39.8583618769931,39.5282409492511,39.8729102590099
"7",37.9652731901793,41.0728687931249,40.7955115842709,41.0878267554134
