"","v_bh","v_daily","v_mon","v_con"
"1",3.28485775796908,4.28296063834692,4.17956778091279,4.28928174550507
"2",3.51837414039042,4.5396014146465,4.42663176459839,4.54715311868872
"3",3.63194199461836,4.47252900751208,4.3878835161844,4.4777448319562
"4",3.90081145474915,4.80519549735864,4.72505725988622,4.81101185321828
"5",3.48495924722314,4.30700718995048,4.21645741444192,4.30986942790257
"6",3.81297871237097,4.61343034828394,4.54717199618267,4.61064717508601
"7",3.78824514591204,4.49918061734202,4.42843832130287,4.49983031246208
