"","v_bh","v_daily","v_mon","v_con"
"1",39.4950473022372,37.5411363637043,37.6869195856839,37.5325600983798
"2",41.7238640022315,39.1452644817636,39.3444999098477,39.1350105277487
"3",45.3546666608943,42.1042765385517,42.3389730236419,42.0977542910024
"4",43.5136718144411,39.8704654190731,40.1418973704029,39.8578597169855
"5",44.2072723081828,39.8727165127719,40.1904959095176,39.8579215929435
"6",46.0366852130756,40.5898251338245,40.9842519026805,40.5741897898539
"7",46.2053783606431,39.5603614033702,40.0264823956036,39.5389358785821
