"","v_bh","v_daily","v_mon","v_con"
"1",14.4501413020181,14.1691362621512,14.1764315922821,14.1702190469145
"2",13.7030527245639,13.273922212268,13.3079537341338,13.2728087965027
"3",14.0820517451866,13.5497898165637,13.6067804152303,13.5488089352069
"4",13.8205319813486,13.1644596079933,13.2116332265352,13.1613263404991
"5",15.0020760205871,13.9810583570146,14.0510711296913,13.977090562802
"6",14.524263336117,13.4286872554966,13.5077265345408,13.422730126087
"7",14.5781524378606,13.0791848327082,13.1870458951224,13.0751848607089
