"","v_bh","v_daily","v_mon","v_con"
"1",10.6001398997147,13.2001564053892,12.9456085807343,13.2128103586229
"2",10.1518172783065,12.6444154619248,12.3988810194682,12.6560916917015
"3",10.672774551498,13.1714852550531,12.9133770775388,13.1814454851074
"4",11.4734616643694,13.8500819853825,13.6119623632684,13.8642715909682
"5",10.4310177857348,12.5288284117038,12.3236987260701,12.5378409182774
"6",11.1534746261392,13.1423847014195,12.9616110432043,13.1517350365212
"7",11.3959286033536,13.2325374827072,13.0617859698343,13.2403178786347
