"","v_bh","v_daily","v_mon","v_con"
"1",6.91803708646408,8.04036346620177,7.94083252979601,8.04321001023082
"2",6.92607168180638,7.77017769104362,7.69933966925541,7.77523813893202
"3",7.1830829177916,8.01543168997683,7.94075540028872,8.0199394519369
"4",7.28630019881967,8.14713907982006,8.06855581676878,8.14886739996034
"5",7.27078590140037,8.02000326202378,7.95687891255581,8.02002267853054
"6",7.22882102340367,7.8879290185714,7.82613968217795,7.89320172116903
"7",7.525324003611,7.88328841658237,7.85430887892839,7.88626219246737
