"","v_bh","v_daily","v_mon","v_con"
"1",4.13622447874417,4.52583879144881,4.48597413487567,4.52733342530223
"2",4.07106544696447,4.2667754961773,4.24754101599777,4.26879061958392
"3",4.23042794469794,4.4182156114188,4.40245215887376,4.42113849148377
"4",4.03368190511013,4.40697088248923,4.37356196385276,4.41397170652864
"5",4.10626330144232,4.25970719649063,4.24909631886066,4.25760544819545
"6",4.11531568117449,4.27504061159496,4.25822299740664,4.27679007509765
"7",4.3759266110297,4.36675380590842,4.35452228878128,4.36385821286836
