"","v_bh","v_daily","v_mon","v_con"
"1",3.61051197690339,4.12028310140051,4.08109925024607,4.12199227434337
"2",3.50492071182734,4.05678692863316,3.99169864143498,4.05897771244894
"3",3.35709521113271,3.85639611721022,3.82273568089497,3.85796578628464
"4",3.58348872322943,3.94710700955662,3.91426328776312,3.95069177800675
"5",3.09227153475642,3.72937413205809,3.66806457932995,3.73297919643914
"6",3.44416898369303,3.90483965667738,3.85623319396264,3.90304235116291
"7",3.58313442753055,3.94923313171252,3.89793073213266,3.94598712520984
