"","v_bh","v_daily","v_mon","v_con"
"1",45.8556525754489,38.0182334751453,38.5412140918061,37.9949663668992
"2",49.8589098575768,40.5805148861597,41.2026981717022,40.5536062752489
"3",49.5958076871937,39.883676519291,40.5290774141788,39.8558345263249
"4",48.8597227675324,38.7515852093617,39.4125125435488,38.7219845977738
"5",49.7267355425559,38.7538899980641,39.4609088563209,38.7220989673356
"6",52.9298688857908,40.0659053876614,40.8795221760443,40.0307025712542
"7",54.5349014479785,40.1899890088626,41.0711315177918,40.15230677784
