"","v_bh","v_daily","v_mon","v_con"
"mean",1275508.46373726,1268992.55011913,1269537.66098918,1268981.22705536
"sd",179868.158877688,161940.451245229,163418.270858565,161898.62483264
"skewness",0.702805936521207,0.284579995409578,0.320149983403608,0.283292695802687
"kurtosis",0.976472193988015,0.257380504257263,0.284083871519348,0.257550970971378
