"","v_bh","v_daily","v_mon","v_con"
"mean",1307534.84357517,1298307.2376388,1299071.02036507,1298297.55490972
"sd",181595.742249117,160392.772953947,162026.019415355,160281.491782187
"skewness",0.646543658693815,0.248278413856459,0.280026832876543,0.245157336968075
"kurtosis",0.891018189467039,0.204457133787223,0.212284199891208,0.200994716383462
