"","v_bh","v_daily","v_mon","v_con"
"mean",1444213.11925774,1414016.56987089,1416568.55319698,1413938.88368335
"sd",220186.030321025,177262.687690273,180717.411037412,177144.746747461
"skewness",0.766936035197504,0.365010434166619,0.40900801398368,0.361066144479125
"kurtosis",1.02682407291001,0.302790923251046,0.387041627958336,0.295537371328413
