"","v_bh","v_daily","v_mon","v_con"
"mean",1031246.4199074,1025341.92123358,1025849.61054421,1025303.4989901
"sd",109239.287519117,121120.197280055,120197.076244517,121122.224855512
"skewness",0.798255918294259,0.404217189415087,0.422333552218264,0.400756588389336
"kurtosis",1.23675718147326,0.402752652195772,0.440191417143117,0.394488301561826
