"","v_bh","v_daily","v_mon","v_con"
"mean",1112774.79860484,1112451.58823691,1112638.43752405,1112461.44401125
"sd",133680.957552869,136908.424240366,136924.23965087,136953.55395168
"skewness",0.729408273173587,0.339064965835824,0.365288304018676,0.338475117000165
"kurtosis",0.951561969084838,0.217990473790383,0.253093943941847,0.217080422093594
