"","v_bh","v_daily","v_mon","v_con"
"mean",1134628.24572351,1134213.2363033,1134306.26085022,1134191.86042513
"sd",143349.169393674,144971.420967343,144930.706334505,144942.78719434
"skewness",0.563457833415115,0.23511699518468,0.258697204403682,0.234072814036941
"kurtosis",0.108278218707318,-0.204850903892191,-0.195361236630705,-0.201974908017966
