"","v_bh","v_daily","v_mon","v_con"
"mean",883048.739845152,842281.438955713,845474.340408963,842159.966579813
"sd",75947.6603890995,102434.049003384,100504.381773286,102559.85302867
"skewness",0.764577789743534,0.383300085675829,0.415579494744562,0.384320572648144
"kurtosis",0.846006927651525,0.263102270102754,0.31477188353618,0.262386125844188
