"","v_bh","v_daily","v_mon","v_con"
"mean",1341700.06281252,1327932.91118139,1328896.43888816,1327854.07457817
"sd",196232.940339491,167058.824490546,169105.35311209,167011.833668537
"skewness",0.839897777857402,0.472617629743113,0.50597701112722,0.471907177187892
"kurtosis",0.993213554117419,0.164041646540793,0.21914282288455,0.164186605600926
