"","v_bh","v_daily","v_mon","v_con"
"mean",1174977.69063605,1173814.56878142,1173935.47221511,1173817.06425764
"sd",159984.96202536,154363.487077419,154553.307098036,154268.120520233
"skewness",0.84147450909391,0.418338639104386,0.445935936752573,0.415091432016687
"kurtosis",1.17984685823703,0.348209575961473,0.398853430496647,0.348139951794153
