"","v_bh","v_daily","v_mon","v_con"
"mean",1246640.35598565,1242111.10938267,1242336.09921668,1242131.83053504
"sd",177258.014670992,161653.269588143,162818.708711357,161613.179076872
"skewness",0.782226379024569,0.419853079928631,0.4495179496188,0.418314360377582
"kurtosis",0.67632349598648,0.0595862226380031,0.0879299521168755,0.0569047319167435
