"","v_bh","v_daily","v_mon","v_con"
"mean",920130.48126128,890877.64152821,893239.12223977,890822.074464936
"sd",89273.8811894446,113057.321440063,111185.226217796,113155.282446477
"skewness",0.939494440054115,0.472907594091438,0.507360498739193,0.470501887317836
"kurtosis",2.19463201487973,0.601277875536568,0.71507697309549,0.586582094969258
