"","v_bh","v_daily","v_mon","v_con"
"mean",1375762.4849931,1357382.3801711,1358802.77473024,1357354.23576388
"sd",198160.674668899,168305.874674127,170383.894687158,168253.892220894
"skewness",0.474475146017602,0.16692714585219,0.187370544663321,0.16612424133256
"kurtosis",0.0082992128500079,-0.319139147303927,-0.294411868673056,-0.316175056587351
