"","v_bh","v_daily","v_mon","v_con"
"mean",1086740.66964856,1083937.65146425,1084204.64802005,1083929.24736936
"sd",152446.365665021,142175.419527504,142803.796751672,142138.988438563
"skewness",0.691529119207548,0.321114832879028,0.348360158093394,0.320229322975806
"kurtosis",0.619194332896724,-0.0157514051170162,0.0274877186891267,-0.0144231111115252
