"","v_bh","v_daily","v_mon","v_con"
"mean",1287516.2906928,1260078.66865198,1262362.77980359,1259980.74666203
"sd",190330.937913326,153596.545956784,156598.23617524,153445.974953559
"skewness",0.654243308110556,0.264899748180752,0.293120635813599,0.263643181793864
"kurtosis",0.889756441259689,0.182648923591003,0.217608064179814,0.183978486984313
