"","v_bh","v_daily","v_mon","v_con"
"mean",894252.068101017,885111.275145264,885913.674536692,885106.603861073
"sd",99612.9771515258,113337.103131915,112266.980374661,113430.358799649
"skewness",0.737190658252966,0.375877930731249,0.401180023861195,0.37512278755246
"kurtosis",0.639847295019647,0.0325475702902507,0.0655228053394397,0.0344499114556291
