"","v_bh","v_daily","v_mon","v_con"
"mean",909024.627548693,902234.613131928,902759.294376722,902157.088211713
"sd",100901.778571922,113924.486555147,112875.578614224,113939.119107092
"skewness",0.619099013278619,0.202639311289693,0.229983278621436,0.200634010248321
"kurtosis",0.980634821026218,0.201379743384636,0.234348501123773,0.199640443150369
