"","v_bh","v_daily","v_mon","v_con"
"mean",1365920.62432191,1321117.45282981,1324847.30885151,1320902.8807219
"sd",219244.964379868,169755.899176638,173807.347272,169548.859751235
"skewness",0.489217379495287,0.169014062116498,0.200553614934313,0.166715368201101
"kurtosis",0.0740803561477317,-0.307406245533506,-0.284570380130721,-0.308064709848918
