"","v_bh","v_daily","v_mon","v_con"
"mean",1124356.99455089,1118606.94420943,1118941.73790974,1118590.62541624
"sd",164273.160355326,147686.866559009,149136.683564957,147668.548495755
"skewness",0.742076280647904,0.404054945153424,0.438529588792937,0.403964606701263
"kurtosis",0.456696214711805,-0.11410927605244,-0.0555347607540293,-0.114359476102198
