"","v_bh","v_daily","v_mon","v_con"
"mean",983229.566494235,982525.09295485,982638.097016445,982518.526663807
"sd",122173.542906306,123647.395884749,123314.067507026,123661.733502641
"skewness",1.13508277749941,0.576394235115062,0.609819713059953,0.575282130122321
"kurtosis",3.31896277894684,1.20398300569721,1.29964363142639,1.19362679303788
