"","v_bh","v_daily","v_mon","v_con"
"mean",1024249.98516253,1023975.9259907,1024124.39147388,1023996.61705764
"sd",132498.04805355,130454.121518102,130722.86060507,130511.822966686
"skewness",0.702560961934825,0.368598056239578,0.402386567043484,0.367817815345106
"kurtosis",0.403670981278484,-0.0957372550872266,-0.0559252566241066,-0.0972532653715614
