"","v_bh","v_daily","v_mon","v_con"
"mean",956184.480452118,954582.037466806,954648.414110794,954609.514153095
"sd",109612.877160118,115277.274236067,114848.021005012,115341.660851325
"skewness",0.844496860615427,0.453854238791091,0.484951525445092,0.455029355058541
"kurtosis",1.40005698714686,0.296143648768306,0.381788459362672,0.301849899596686
