"","v_bh","v_daily","v_mon","v_con"
"mean",932740.015477385,928537.913510044,928905.24402626,928548.082407352
"sd",108821.999024964,117542.54838351,116978.9659227,117595.085795079
"skewness",0.921021965665683,0.44122055099649,0.465228009133087,0.438594370435883
"kurtosis",2.25513107667751,0.635502984508552,0.678089115770145,0.62481954843738
