"","v_bh","v_daily","v_mon","v_con"
"mean",922911.966317354,904589.688313783,906414.076317526,904417.20271842
"sd",202293.882234639,235732.505112851,233130.228625468,235678.047306876
"skewness",1.46618180314692,0.739250729316278,0.783230477776123,0.738192904736729
"kurtosis",2.74367177447094,0.501852166729696,0.591068407275577,0.498128651488358
