"","v_bh","v_daily","v_mon","v_con"
"mean",1326331.51296943,1306105.70759121,1307809.23309093,1305923.10510948
"sd",404073.136604986,336163.298124079,342572.976627311,335927.650406568
"skewness",1.16419800041249,0.505466919302022,0.595548361232806,0.50250083720433
"kurtosis",1.56395809894759,0.0402276488235964,0.228041904000237,0.0301368627966023
