"","v_bh","v_daily","v_mon","v_con"
"mean",1207189.45754909,1202261.71137528,1203697.03360144,1202178.30397082
"sd",360165.074185763,306480.392222947,311596.246710767,306054.292804041
"skewness",2.34271204537708,0.95904560290914,1.06757649225557,0.951505666772399
"kurtosis",11.4049274423321,2.32198952019433,2.86436119116944,2.29706581958806
