"","v_bh","v_daily","v_mon","v_con"
"mean",1251885.42712279,1245988.10676506,1246354.0361285,1245839.9193412
"sd",352066.606273561,302859.825477634,307024.616428972,302529.081558304
"skewness",1.43749655181106,0.649569252395696,0.713891989782062,0.64502415976976
"kurtosis",3.09310181258753,0.679752832405643,0.857216655386658,0.66590887428623
