"","v_bh","v_daily","v_mon","v_con"
"mean",986943.679765604,980782.74280754,981214.665826357,980829.553365619
"sd",233888.320124428,247538.248593947,246885.095871901,247644.64333441
"skewness",1.61683479157246,0.894631145491886,0.952904911554939,0.890182463973414
"kurtosis",3.19127517656496,0.864091330913735,1.01892561966923,0.849815587317914
