"","v_bh","v_daily","v_mon","v_con"
"mean",1277769.36069471,1267636.00723974,1269962.46990513,1267672.34350352
"sd",384094.290314421,312370.81986542,319384.8358245,311976.98449639
"skewness",2.73009880767833,0.891948870557218,1.04841987512002,0.890781456798198
"kurtosis",20.6002378963958,2.84340809854344,4.04818997752508,2.83208670743818
