"","v_bh","v_daily","v_mon","v_con"
"mean",1118529.50568692,1115484.88746978,1115925.06562313,1115409.8013611
"sd",319041.96385208,295630.268863138,297473.48055398,295611.18278507
"skewness",1.61298142471411,0.884437617663979,0.924779658454741,0.886407244174386
"kurtosis",3.13946989224522,0.745519939345699,0.818753666053187,0.753681426680641
