"","v_bh","v_daily","v_mon","v_con"
"mean",950608.06083915,938367.207973902,939304.487555806,938191.224249673
"sd",220932.797700176,240619.386677119,238962.357656054,240586.758917288
"skewness",2.21540324672829,0.95377681131758,1.05391701419,0.947673245713357
"kurtosis",8.94197494641975,2.19570430839956,2.61523112341092,2.1525251562289
