"","v_bh","v_daily","v_mon","v_con"
"mean",1314650.20569745,1298738.2630369,1300103.83952854,1298800.45624012
"sd",305594.102082142,253295.323162636,257387.810799877,253040.904973203
"skewness",1.18561606758113,0.561838137122034,0.599786081193149,0.561731525014785
"kurtosis",2.25111504291494,0.435296563441192,0.484724552898288,0.446223827186708
