"","v_bh","v_daily","v_mon","v_con"
"mean",1022994.19689341,1020084.20647231,1020905.98162975,1020150.28678501
"sd",192499.162777592,205703.472924359,204869.642950533,205712.291267967
"skewness",0.897106397051601,0.416553385663773,0.447748927827558,0.413588165378645
"kurtosis",0.657153308730014,-0.189563757868482,-0.145121007542606,-0.194041614111652
