"","v_bh","v_daily","v_mon","v_con"
"mean",1362466.27857643,1339242.38315995,1341482.98559511,1339155.02833248
"sd",321668.586108955,258780.135163839,263520.13561119,258786.323021997
"skewness",1.11007100562168,0.555285095661663,0.6005895007327,0.555609934737292
"kurtosis",1.55803527969045,0.277530854329376,0.36379292635305,0.283515362132895
