"","v_bh","v_daily","v_mon","v_con"
"mean",1129684.79305184,1128874.85368797,1129237.76632341,1128899.62631653
"sd",244599.02957925,230436.478014392,232254.25811618,230456.940257258
"skewness",1.3399898081161,0.638416721587352,0.693738673725782,0.636704230252246
"kurtosis",2.86717828715646,0.744096729135951,0.847086183027323,0.742513927118067
