"","v_bh","v_daily","v_mon","v_con"
"mean",987440.630592985,981174.915232909,982012.473162901,981180.491217405
"sd",182807.309404254,197244.814093422,195977.606415875,197267.914682563
"skewness",1.47978817491428,0.685168119028864,0.737773067410295,0.682203327549665
"kurtosis",4.19613399122718,1.05155193802919,1.20873657203326,1.04948498502804
