"","v_bh","v_daily","v_mon","v_con"
"mean",872511.197049327,843909.147383048,846410.314131347,843852.585970501
"sd",126191.690465553,162445.206442614,159469.302197462,162610.439477055
"skewness",0.99411820900574,0.462838558252499,0.482894148321828,0.463313856347061
"kurtosis",1.43948032240246,0.0189355995204497,0.0721589294385683,0.0249639629751175
