"","v_bh","v_daily","v_mon","v_con"
"mean",912733.903196362,893533.226467296,895443.827130058,893543.507522314
"sd",151210.998994162,179655.439284778,177505.292903191,179730.794320196
"skewness",1.33116731802052,0.670575341598309,0.705587914848236,0.66874345869975
"kurtosis",2.68396489257448,0.692913803568234,0.775142710701299,0.688424860464666
