"","v_bh","v_daily","v_mon","v_con"
"mean",1250799.58669403,1239049.47897075,1240203.29127252,1239025.23229607
"sd",301401.520624168,263941.268363202,266909.099210128,263921.402891985
"skewness",0.970544692754947,0.432187412232811,0.479133982947981,0.431118080637787
"kurtosis",1.04280183542394,-0.110999079222349,-0.0452160587121639,-0.110122810327498
