"","v_bh","v_daily","v_mon","v_con"
"mean",949363.55328422,937006.240942062,938221.424735172,936906.271678004
"sd",168936.285126374,191701.303995202,190204.538951818,191726.579407825
"skewness",1.28690668658918,0.64993806798044,0.680222436714041,0.646406581110181
"kurtosis",2.49149105207315,0.524214172578644,0.580861395190391,0.5202830925529
