"","v_bh","v_daily","v_mon","v_con"
"mean",1200210.80729114,1194835.66838099,1194940.52440638,1194796.01271135
"sd",280927.523672771,247986.297079665,250368.861209203,247863.229704577
"skewness",1.32520888004749,0.733535710313897,0.789731519034651,0.733131696977396
"kurtosis",2.11391984821618,0.554529737651595,0.684382995281759,0.55340983481675
