"","v_bh","v_daily","v_mon","v_con"
"mean",896528.875743557,873911.53295274,875654.21357611,873694.819058625
"sd",139944.090434282,173843.986108258,171583.696320654,173802.90754424
"skewness",1.02015349192776,0.464950619971535,0.507393966103518,0.46315868396038
"kurtosis",1.44007174745936,0.0770308560558033,0.131654692411617,0.0775903407847682
