"","v_bh","v_daily","v_mon","v_con"
"mean",972077.391668611,963795.503025484,964394.853035818,963760.846617435
"sd",172108.851497306,193852.501031065,191933.878781016,193977.852503855
"skewness",1.02715060306115,0.44578484646518,0.483011494894824,0.445473098018839
"kurtosis",1.72070931041109,0.10128487360704,0.167904684968306,0.0963892421874428
