"","v_bh","v_daily","v_mon","v_con"
"mean",919893.714674643,902420.239887815,903834.06320079,902374.506240044
"sd",152518.621452909,180721.821557235,178736.842898547,180895.759588251
"skewness",1.15087021044438,0.605245387575972,0.636819451585461,0.605421868958546
"kurtosis",1.54273556916413,0.244949953370013,0.286724192054882,0.245184008694781
