"","v_bh","v_daily","v_mon","v_con"
"mean",1008163.49523547,1006863.0932014,1007551.69324893,1006899.63696907
"sd",220557.461273359,201445.406069456,203152.098662262,201552.937063515
"skewness",1.3734878529744,0.627797083130709,0.695234742140388,0.627514451896629
"kurtosis",3.28403521998551,0.906983474305781,1.05720742700455,0.898298047634217
