"","v_bh","v_daily","v_mon","v_con"
"mean",1211865.91360822,1181114.85617488,1183998.46956758,1181081.23113661
"sd",319368.391638532,249729.728197922,255529.412816835,249537.994472973
"skewness",1.36643784508431,0.551607982474713,0.639247643424755,0.548747559546766
"kurtosis",4.03815719031553,0.769430078026521,0.99188635692205,0.760244732058639
