"","v_bh","v_daily","v_mon","v_con"
"mean",841665.790685737,834231.492627853,834997.638644678,834212.255595196
"sd",154605.204567856,170898.841058098,169532.848893107,170979.794125154
"skewness",1.19310301647316,0.603981686355662,0.6489624131249,0.60316373209896
"kurtosis",1.8741149041512,0.331391229201978,0.424718826832481,0.331341894505988
