"","v_bh","v_daily","v_mon","v_con"
"mean",1173698.24551907,1153432.05137351,1155125.60721316,1153153.11547609
"sd",286886.273538107,228237.023604456,233234.159150294,228032.193113915
"skewness",1.44432540960149,0.676681172797201,0.742379201962715,0.673291397468889
"kurtosis",3.81155102409222,1.0412767754936,1.20546480610981,1.02871094464757
