"","v_bh","v_daily","v_mon","v_con"
"mean",976852.40658234,979260.66910011,979019.606708265,979370.88474742
"sd",190813.037036893,182642.131902735,183407.436658937,182666.627829669
"skewness",1.20183459483461,0.478334116326058,0.513457858145496,0.475239100302533
"kurtosis",3.29310023654801,0.748560393682022,0.782593284283065,0.724737547779628
