"","v_bh","v_daily","v_mon","v_con"
"mean",1113206.61627078,1100347.11399885,1101770.16379198,1100359.21216843
"sd",269537.9975023,226716.867280713,230374.241462687,226581.608475143
"skewness",1.13525968067213,0.578687776285308,0.632642364837869,0.576804675789838
"kurtosis",1.53583712678087,0.199695529404528,0.299177320701674,0.19463264610791
