"","v_bh","v_daily","v_mon","v_con"
"mean",937773.107733026,937897.291307036,937703.465471059,937786.302216474
"sd",189249.784200598,189309.02502732,189068.18741056,189162.446252371
"skewness",0.9626829086898,0.459240584599114,0.496630662556902,0.4584471213575
"kurtosis",0.840286249583674,-0.0660982678896365,-0.0224141590341533,-0.0646544144075061
