"","v_bh","v_daily","v_mon","v_con"
"mean",856332.910992865,851372.635575177,852361.680602353,851351.936926468
"sd",158661.638070915,171268.588306648,170426.400767586,171385.791664829
"skewness",1.36712213225685,0.637301898448472,0.67489371038418,0.635147206396014
"kurtosis",3.66533338679633,0.759004023274492,0.861604171048368,0.753406352751898
