"","v_bh","v_daily","v_mon","v_con"
"mean",901413.07552709,900614.434695255,900753.734655647,900630.492706193
"sd",174875.435297673,179415.399982608,178989.979785304,179425.818830261
"skewness",1.31451966805049,0.595371010822385,0.635125478417768,0.592046642032144
"kurtosis",3.37991870930216,0.726378952797407,0.774700666712659,0.71733211147306
