"","v_bh","v_daily","v_mon","v_con"
"mean",1049405.55026809,1044257.91262596,1044798.23650539,1044262.34772304
"sd",242084.03669939,213290.767178543,215553.51623344,213231.327255159
"skewness",1.42179481061533,0.6161001833218,0.677432336283414,0.612373421738404
"kurtosis",4.46481324655929,0.892957450545648,1.04388630332634,0.888455553410938
