"","v_bh","v_daily","v_mon","v_con"
"3",1.42179481061533,0.6161001833218,0.677432336283414,0.612373421738404
"31",1.61654224391384,0.743289288323001,0.806551098990606,0.739407096586403
"32",2.0320074872994,0.738778967976618,0.8299186849945,0.731444669008828
"33",1.51689127650523,0.690227314630081,0.751463980898676,0.687938393709413
"34",1.04279119764099,0.496020545926744,0.542425105011051,0.491867660741352
"35",1.3399898081161,0.638416721587352,0.693738673725782,0.636704230252246
"36",1.52915783750172,0.783067850663979,0.850233955412097,0.781239077182589
