"","v_bh","v_daily","v_mon","v_con"
"3",0.351702378216021,0.216786126633381,0.226633415705311,0.216382365097882
"31",0.27824060621301,0.141761549263587,0.152563126471363,0.141473419475302
"32",0.286553043946613,0.12577366055081,0.135434294950005,0.125695235489131
"33",0.546940233137963,0.369623097229277,0.379801843477123,0.36853435623854
"34",0.427216092560379,0.266299872948468,0.281174117124539,0.265128020305131
"35",0.199237154482539,0.0781739931457954,0.0856915572132138,0.0771709244017388
"36",0.169490350219867,0.0365548044003025,0.0452489798274035,0.0360312864776079
