"","v_bh","v_daily","v_mon","v_con"
"3",0.860872991404604,0.504844049804485,0.545984696759761,0.504322125905386
"31",0.827739579916708,0.418616134039662,0.459113823571296,0.417743178044021
"32",0.534103549090179,0.235686940562499,0.257093937882447,0.233858580243819
"33",0.702560961934825,0.368598056239578,0.402386567043484,0.367817815345106
"34",0.832136332793214,0.50070898831807,0.524778560188256,0.49861459619738
"35",0.592851139404974,0.24832578918304,0.283994105413435,0.246470202010298
"36",0.869253480647568,0.426763733473779,0.463079459687166,0.427151580351092
