"","v_bh","v_daily","v_mon","v_con"
"3",0.238856983567053,0.0907385031098549,0.10110088773702,0.090195971767618
"31",0.187368186414806,0.0404565526044896,0.0520823469167796,0.04002142178655
"32",0.412412890902078,0.263012508737884,0.271132964546487,0.262846447809724
"33",0.229574441840148,0.0671595747358919,0.0784925820954318,0.0671214926698767
"34",0.229574441840148,0.067147938250092,0.0783263507766039,0.067120441614435
"35",0.266945825372351,0.110006195517813,0.122272616253698,0.109571835819555
"36",0.255112588345056,0.105585277946451,0.113221578406027,0.105949258593257
