"","v_bh","v_daily","v_mon","v_con"
"3",1.43668937858563,0.706189611580193,0.757922033868731,0.702040072509012
"31",1.58954292293908,0.635793685051436,0.714634263837938,0.637208773695388
"32",1.92865061249523,0.906852624842708,0.970925647209934,0.901315182192149
"33",1.14721633948244,0.605761033184265,0.642334884058064,0.601896402711868
"34",1.78660450618769,0.917773738868034,1.01733849428808,0.911527090355803
"35",1.66917720475253,0.770401855717153,0.840720642715778,0.765506892455741
"36",1.37035074022519,0.661976544730511,0.739624549124795,0.661664377995517
