"","v_bh","v_daily","v_mon","v_con"
"3",1.50270917810347,0.669537988818499,0.735428339405256,0.663444958129944
"31",1.34465022413582,0.631962934053353,0.725206317854226,0.632335593579834
"32",1.31539313194162,0.695894947056386,0.751041456445317,0.69645779254696
"33",1.20150281209495,0.518129610391086,0.578373356225388,0.513335909550094
"34",1.81781563269385,0.883897890066934,0.959443032437355,0.88044915952879
"35",1.50780189724445,0.684484492976058,0.729718586098765,0.68432836339127
"36",1.85430956549282,0.892193572011102,0.985035557808841,0.885494984266802
