"","v_bh","v_daily","v_mon","v_con"
"3",0.824143921687004,0.371113201579267,0.405465567436867,0.369916939127064
"31",1.27680384010339,0.681735829798306,0.706717849654829,0.678333758507644
"32",1.13376664590791,0.543633627449587,0.590989847575354,0.540302615442165
"33",0.781386806676666,0.349430145582769,0.377064412350857,0.349489447467241
"34",0.931438513444594,0.474914702345134,0.498911243092723,0.471287086529279
"35",1.3036000089206,0.667313308031409,0.716976704499778,0.664693989996381
"36",0.792296543555769,0.396126620140519,0.41565585562656,0.395539418248354
