"","v_bh","v_daily","v_mon","v_con"
"3",0.709131635070833,0.410861567527827,0.440570232987794,0.409179557833543
"31",0.47637133369299,0.211902359700567,0.238009052742289,0.210868968881692
"32",0.55544790029745,0.270559596307031,0.302185206024704,0.270261498652481
"33",0.646559114773571,0.321965424046266,0.344294007835234,0.321457299733244
"34",0.602404766766764,0.272458103383158,0.308758748657386,0.271616185318928
"35",0.774923066474573,0.441536937564103,0.465266408950081,0.44091437112296
"36",0.614779560893882,0.33084681357279,0.355410278806559,0.330103493057036
