"","v_bh","v_daily","v_mon","v_con"
"3",0.902426451335093,0.457325485322139,0.497735075763668,0.454264416048685
"31",0.889022185066922,0.47966197111964,0.514302607439312,0.478482982805755
"32",0.799190566813054,0.429271461913365,0.454418764785971,0.426733752783929
"33",0.742076280647904,0.404054945153424,0.438529588792937,0.403964606701263
"34",0.452568454390303,0.136222368017401,0.157822668070597,0.133896023754003
"35",0.774191515985923,0.423466838535589,0.461377585307129,0.422209640462539
"36",0.84147450909391,0.418338639104386,0.445935936752573,0.415091432016687
