"","v_bh","v_daily","v_mon","v_con"
"3",0.304135162068536,0.163073835296212,0.176651606709456,0.162814448833155
"31",0.39097616311198,0.242054673775277,0.250963548252082,0.241465585806818
"32",0.303556831789413,0.153780578171189,0.164196918700947,0.152918159036447
"33",0.427216092560379,0.26631654407412,0.281632485012465,0.265139227644546
"34",0.428041199126404,0.270094296729499,0.281451196611719,0.269769547138092
"35",0.36929031702321,0.205718174303897,0.219072098188768,0.205019673666909
"36",0.264381464226669,0.124472206767387,0.133711699882646,0.124081896265398
