"","v_bh","v_daily","v_mon","v_con"
"3",0.877169751547784,0.428189952630364,0.459262815330295,0.425995322807128
"31",0.834122571868312,0.398507307706891,0.440131854178358,0.397299974820175
"32",1.1627085300801,0.604309822432505,0.635371456205215,0.603312827539415
"33",0.790990682733571,0.373310570450395,0.407277741671335,0.373424131558594
"34",0.814669517788472,0.346342709390277,0.382189328362757,0.346331851979356
"35",0.808648995904331,0.386480867540591,0.414880835777527,0.385310878937298
"36",0.835201849692885,0.402441467656953,0.4344262949341,0.399513989901323
