"","v_bh","v_daily","v_mon","v_con"
"3",2.1896370643902,0.965480171909962,1.10010022634114,0.962836569277417
"31",1.36453393046938,0.605889075182768,0.69072331473142,0.601752527353022
"32",2.82444093165263,1.03311667658753,1.18095111025844,1.02607897878206
"33",1.61739369465055,0.817053100443266,0.88129914092942,0.812216781096904
"34",1.35743778813758,0.628183103453967,0.696608645388666,0.625405953280518
"35",1.54926505220383,0.719870038316207,0.797072150361281,0.710221799013419
"36",1.22830344649951,0.573983214058558,0.619129165508077,0.56733170629119
