"","v_bh","v_daily","v_mon","v_con"
"3",0.14131339657127,0.0652969788133552,0.0707911944726096,0.0650547311427629
"31",0.140520509529434,0.0713026753786363,0.0768840578093584,0.0709169807051053
"32",0.250026215772424,0.172270611850181,0.178438718397526,0.172019056542574
"33",0.215052978636228,0.137591579225611,0.144474091475604,0.13724503569606
"34",0.215052978636228,0.137575740969719,0.144388500063329,0.137234921140105
"35",0.139064397516761,0.0636783421708115,0.0695000709690075,0.0636465850454974
"36",0.111592754139587,0.031926989923986,0.0385091702671214,0.0314282694689289
