"","v_bh","v_daily","v_mon","v_con"
"3",0.184707417153462,0.052625259002228,0.0653941038802348,0.0524453065582041
"31",0.237030505964756,0.0854073538295058,0.0985438414693052,0.0846924585196421
"32",0.53672351410659,0.37705250135149,0.390013262535974,0.376503629650078
"33",0.0232975553390416,-0.12076098918872,-0.107325168555905,-0.121011058146548
"34",0.27326147052945,0.133918781669201,0.1441841660334,0.13319182410739
"35",0.0603915929213536,-0.0761231036246184,-0.0648948146590968,-0.0764131053632402
"36",0.241710628197786,0.0884869012779846,0.101986250926331,0.0881909068726573
