"","v_bh","v_daily","v_mon","v_con"
"3",0.139812054910081,0.0666472199046488,0.0748514623629922,0.0662008694365128
"31",0.179808792506354,0.108130757335426,0.11432134164266,0.107799096556771
"32",0.0943150415814774,0.0090820187619321,0.0185595884682103,0.00858903432216554
"33",0.117742424363638,0.0547612968384788,0.0601806424162264,0.054614926118719
"34",0.117742424363638,0.0547452267411187,0.0601300472450471,0.054619419092468
"35",0.166398743785801,0.0960290479700133,0.102975382578674,0.095908101546377
"36",0.0642785996716998,-0.00341370216715066,0.00354486748532463,-0.00395919378017238
