"","v_bh","v_daily","v_mon","v_con"
"3",0.797991012554546,0.425161945008781,0.452501498559889,0.423569647396533
"31",1.06841168696207,0.512625411855854,0.535977113421971,0.510776315060565
"32",0.568758173146075,0.266867382834472,0.287407634920183,0.266261941346356
"33",0.873941697964888,0.477134414812653,0.505319833051244,0.477393141462429
"34",0.701248509098647,0.330429779032262,0.356025705901247,0.330543683265656
"35",0.813320416939463,0.388768452457637,0.426624566215911,0.3885901299473
"36",0.792827437122944,0.446935451416859,0.465776394133186,0.447795161424842
