"","v_bh","v_daily","v_mon","v_con"
"3",0.650114088254139,0.309482857253027,0.334681605813384,0.308093558901903
"31",0.145177548622077,-0.0904396851989334,-0.0675359802430292,-0.0917483237222761
"32",0.421911388532639,0.152434552956762,0.181499257272265,0.151626270547686
"33",0.349202413033153,0.084747632602428,0.106233673323932,0.0841848730058008
"34",0.537746626993271,0.241058029067516,0.262885051195444,0.239625837140973
"35",0.526746961784611,0.241683456374359,0.259909823530851,0.239796346894959
"36",0.548421407426808,0.281471282447989,0.299993539414056,0.280689613076527
