"","v_bh","v_daily","v_mon","v_con"
"3",1.59880462333653,0.709074772778155,0.785673105194218,0.709947740404162
"31",1.31464823804432,0.55361522744588,0.60889794408828,0.554914516203803
"32",1.02943249963227,0.438935481302784,0.506141553741185,0.437052648695522
"33",2.07360194440296,1.0888710010559,1.17763074765045,1.08256566713143
"34",1.11170674427771,0.495816373324346,0.54818296792599,0.492182418849741
"35",1.91638321970824,0.86832863134701,0.911748810622832,0.862935390082311
"36",1.73286994433825,0.821792116771975,0.869888661580068,0.817908509344718
