"","v_bh","v_daily","v_mon","v_con"
"3",0.843858922418857,0.343287310462695,0.384163983619247,0.342623999214646
"31",1.40324500356147,0.715342350120782,0.784763519848271,0.710273891479012
"32",1.29205855398491,0.672281199507057,0.730553673006657,0.6692732663854
"33",1.20563201108539,0.641587002770758,0.690840855589741,0.642304401766111
"34",1.01241182618745,0.498352575088342,0.542773063678453,0.498922822403011
"35",1.15537878382148,0.57621876812514,0.636295153566382,0.573337186474391
"36",1.06051812089918,0.515859370976319,0.561027647744316,0.511069549547242
