"","v_bh","v_daily","v_mon","v_con"
"3",0.871421935105542,0.49298931562164,0.535206565445719,0.491097551423635
"31",0.572893599311443,0.237084596902156,0.269274974902025,0.237363220390405
"32",0.827773295112123,0.437282220768172,0.467072468373516,0.435839976433489
"33",0.755085796873865,0.407942443422235,0.431326496072008,0.406951392760047
"34",0.962728221145658,0.565998590807282,0.594691765819457,0.564785852871445
"35",0.773299901743661,0.367502403506608,0.407340277594453,0.364647613392727
"36",0.590397150970327,0.242673808652085,0.269928835712176,0.24109762682733
