"","v_bh","v_daily","v_mon","v_con"
"3",0.417594600158657,0.240052888419551,0.252235170891835,0.240497433094102
"31",0.324971034525797,0.185595218808382,0.191645952253185,0.185397182498434
"32",0.290744206423468,0.139129042468511,0.148297359295668,0.139185861034746
"33",0.37831182461302,0.199326867668563,0.212621745632026,0.198054358875992
"34",0.37831182461302,0.199287330827197,0.212420103100578,0.198039225028247
"35",0.149662215360522,0.0235303127498007,0.0304662170932852,0.0236779536126492
"36",0.148188882796836,0.0151569935411789,0.0227558598121365,0.0140136589904711
