"","v_bh","v_daily","v_mon","v_con"
"3",0.418856510614105,0.198680603161477,0.218299619908645,0.198054982746123
"31",0.505400079290749,0.25120422513538,0.266716801050132,0.250108740127938
"32",0.377243609110151,0.176868578856055,0.185414932022435,0.175279240879553
"33",0.53704090583983,0.311364083244302,0.322097409291879,0.311134276553502
"34",0.339713704340408,0.152707032327589,0.165392113520889,0.152172441720724
"35",0.403628828895589,0.188351218402761,0.203096650166824,0.187903940101406
"36",0.333191680846808,0.111180368763581,0.125562418502883,0.110579865890963
