"","v_bh","v_daily","v_mon","v_con"
"3",0.595692573733491,0.378167866841449,0.398120979885283,0.377193413858644
"31",0.748291706299015,0.486975036611572,0.506684290824948,0.484866007684292
"32",0.395241118514324,0.125303731368964,0.149897247453399,0.123687559548128
"33",0.488337282386008,0.279054208994913,0.296634715287633,0.276991916916425
"34",0.217403490526189,0.0175251449730866,0.0351209089432744,0.0170780741753225
"35",0.580850677940262,0.363256972932709,0.37982043924288,0.361572197540113
"36",0.376261822275971,0.172702462917183,0.18914441428943,0.171248438010699
