"","v_bh","v_daily","v_mon","v_con"
"3",0.508394213445307,0.223166394469946,0.241017989414198,0.222078327331097
"31",0.610394257400602,0.346628031206771,0.3701125923651,0.345621264615689
"32",0.447242571545904,0.182613730354399,0.209852426820885,0.180850098012717
"33",0.440851087758265,0.164177166920179,0.189469924767646,0.163744830784196
"34",0.61629760937042,0.29674327876697,0.316609559317622,0.295609266586343
"35",0.732740438765056,0.34984297978692,0.369115154039991,0.348396275624839
"36",0.502333757097124,0.211583273640305,0.229386145384172,0.210270847976754
