"","v_bh","v_daily","v_mon","v_con"
"3",0.697931807241018,0.35770258716951,0.380258382345205,0.358181868465094
"31",0.814064531400323,0.397491128423746,0.422370326160759,0.394719658268689
"32",0.707892668290285,0.347837221639248,0.371724721090425,0.346423559621892
"33",0.619099013278619,0.202639311289693,0.229983278621436,0.200634010248321
"34",0.502498066495034,0.155282732118024,0.181164953822615,0.155572529479554
"35",0.817700415315448,0.447330305990392,0.473794114183907,0.44568682885603
"36",0.738945730355699,0.372766799749348,0.402112818812182,0.372562021053091
