"","v_bh","v_daily","v_mon","v_con"
"3",0.298649708888168,0.237108795922303,0.241238382549261,0.236914518812037
"31",0.0893227303447603,0.010652934561955,0.0174884402450002,0.0104808352653244
"32",0.0630423466646362,-0.00688842285083229,-0.00207659888543685,-0.00675048494489098
"33",0.176323728312625,0.107303471997439,0.111488699468285,0.107051450789175
"34",0.176323728312625,0.107294148698472,0.111464772802466,0.107089733427208
"35",0.139424942551896,0.0600842845369879,0.0659471232901154,0.0597939168900809
"36",0.109430064269326,0.0493076061059238,0.053514700415204,0.049394009908379
