"","v_bh","v_daily","v_mon","v_con"
"3",0.0787014170686174,-0.0105896441152912,-0.00399477244188484,-0.0106321760362322
"31",0.214175418592611,0.154767375436292,0.158121897363483,0.15452723520302
"32",0.25632726355541,0.183767629384487,0.190152552142077,0.183252263448991
"33",0.0970749499331885,0.0209246201900623,0.0255995798675412,0.020792033766349
"34",0.0970749499331885,0.0209104952404803,0.0255052845630221,0.020790492525759
"35",0.376726644469816,0.297066019866076,0.302354305999207,0.296841082026944
"36",0.017275751776604,-0.0739650275278079,-0.0682798308028795,-0.0745524295313245
