"","v_bh","v_daily","v_mon","v_con"
"3",0.12179245480471,0.0534515810467769,0.0593944675769471,0.0532403553686797
"31",0.356495359869792,0.27866814305576,0.286752895146211,0.278004865486428
"32",-0.0930206462040162,-0.165776931851449,-0.159570615519463,-0.165739224105247
"33",0.0554594571735634,-0.0100230559554992,-0.00434233991635095,-0.0106428472037804
"34",0.0554594571735634,-0.0099915659517323,-0.00446094711744748,-0.0106379758055918
"35",0.125861091897152,0.0453933600300651,0.0516715645575889,0.0452581549000101
"36",0.242696341263834,0.162250157791514,0.169151909534087,0.161731021362571
