"","v_bh","v_daily","v_mon","v_con"
"3",1.34720264870956,0.706134038424874,0.763635825164196,0.703518096970455
"31",1.25218516312556,0.673334133467973,0.735351116420648,0.6712941044421
"32",1.39451720874067,0.682888936269024,0.728158775315106,0.678666091446193
"33",1.09574512542591,0.559843452153057,0.607371935633119,0.559109813993893
"34",0.92477459771082,0.419319603844015,0.462334386212055,0.416454070499822
"35",1.15798500423167,0.653771822672254,0.695560935932774,0.653708388242329
"36",1.29013232709536,0.598250832055606,0.649162849327557,0.59512309948467
