"","v_bh","v_daily","v_mon","v_con"
"3",1.13840835163768,0.540416746034546,0.599998713607713,0.537161843532093
"31",1.25314074576564,0.619739633012381,0.681585744166557,0.615462755533806
"32",1.20099984901523,0.602398466858825,0.640319744811757,0.600427443275688
"33",1.31825653736732,0.617736293047016,0.686609281945338,0.614476964637612
"34",1.17753183556651,0.541080775856461,0.585475444130449,0.540196631603615
"35",1.24221890480463,0.539972383306844,0.59122713824312,0.538045384347733
"36",1.78302546306433,0.637106907989658,0.692374802232103,0.634165015585032
