"","v_bh","v_daily","v_mon","v_con"
"3",1.04728427925773,0.478191512046688,0.550829878333206,0.474751468382349
"31",1.00585733820296,0.491855076768847,0.541964501959301,0.490424486544694
"32",0.9077760481591,0.449612480072077,0.484944919416518,0.447821496283706
"33",1.1344362021441,0.635082850000095,0.686127931350161,0.631651611831811
"34",0.883881486548433,0.412877054864289,0.46506838931523,0.409761397606909
"35",1.38812986122946,0.706817276547527,0.763851648704968,0.702976653361471
"36",0.778382241146507,0.31459659689076,0.354987482030387,0.313990010098685
