"","v_bh","v_daily","v_mon","v_con"
"3",0.294414426634823,0.097198295279197,0.111133627612761,0.0956755763892404
"31",0.380397100212358,0.16714838981715,0.185000043312232,0.166084232391144
"32",0.532337022605809,0.296921042141512,0.306774925153688,0.29711708336375
"33",0.429278801189553,0.221239237916066,0.235426688318821,0.221286174866736
"34",0.30245139201166,0.094546325021954,0.114314946577327,0.094160885177645
"35",0.656155674032015,0.38187295597583,0.397190023334486,0.380832308832901
"36",0.646116608212341,0.39157201140652,0.40565874358871,0.390716477256481
