"","v_bh","v_daily","v_mon","v_con"
"3",1.53076080629315,0.670935742560668,0.726536984372612,0.666394678575787
"31",1.67040663222157,0.691811460962789,0.746083603021652,0.689770323999833
"32",1.33112870608906,0.6082152860313,0.634515516137441,0.608881526613958
"33",1.21136498650636,0.584839000800563,0.638021422552859,0.58126177389392
"34",1.24580215874898,0.663344928822735,0.706619440811942,0.662680684567829
"35",1.93606985877991,0.895789273237436,0.994848924812245,0.892174260240091
"36",1.86502272815641,0.840158807848907,0.905307847959483,0.841555588413772
