"","v_bh","v_daily","v_mon","v_con"
"3",0.544798796235198,0.263260447611432,0.279367607359046,0.261170150686789
"31",0.579990427141381,0.289052033458861,0.307732969419652,0.287855829183202
"32",0.541652414204135,0.266327610297277,0.285026312143941,0.265728262116873
"33",0.500224853295329,0.22823954664599,0.247239061456426,0.227750998899216
"34",0.626565261456442,0.314198161275141,0.33064214015042,0.314406211355172
"35",0.582179313101863,0.265929496208872,0.287429097530671,0.264675114049513
"36",0.654898084896579,0.342355431193012,0.362703458287162,0.341376223005182
