"","v_bh","v_daily","v_mon","v_con"
"3",0.333268510564699,0.194848084430126,0.209762465788336,0.19420972835818
"31",0.235915042819984,0.108293569120271,0.118037486243018,0.107518768505353
"32",0.329240632490423,0.171228484327409,0.182453406705356,0.170400880525545
"33",0.351277396667343,0.192942041468056,0.202352974225143,0.193009183668835
"34",0.351277396667343,0.19294219574623,0.202181293543941,0.193026761590733
"35",0.27028148827983,0.13004814766983,0.141873061230908,0.130111656392892
"36",0.304077276302346,0.161373272854901,0.17339624277259,0.160964211796727
