"","v_bh","v_daily","v_mon","v_con"
"3",1.64833900241783,0.779245995423004,0.844457038595517,0.770280590603919
"31",1.39280560515539,0.626514433870924,0.684301236038579,0.622912239757518
"32",2.07465585970226,0.939736998763952,1.02449889057785,0.939153045211072
"33",1.6046207502157,0.811950882950244,0.894510813155992,0.811528709794468
"34",1.56825701769378,0.759044158043735,0.830572101099389,0.759695594872165
"35",1.61298142471411,0.884437617663979,0.924779658454741,0.886407244174386
"36",1.41181745252171,0.721678884802749,0.778081630029959,0.715095836301494
