"","v_bh","v_daily","v_mon","v_con"
"3",1.24357343993498,0.672482846246992,0.715016144954704,0.671948446405264
"31",0.847934883776038,0.398852514130152,0.425436638968168,0.397147123131734
"32",1.11747796787487,0.549531866733643,0.60560225479574,0.547197116941185
"33",0.631723230257991,0.139550898095707,0.176107252684522,0.137773429995386
"34",1.12136791009074,0.610820641976076,0.648293681220372,0.610712438272857
"35",0.755033807625095,0.262242863561744,0.294291486509083,0.263029282224893
"36",1.1297745357384,0.48774264057867,0.530484139466613,0.486061754051169
