"","v_bh","v_daily","v_mon","v_con"
"3",1.13756838196791,0.598612045822361,0.647437702388915,0.596445488332844
"31",0.846835803035453,0.383767544989133,0.418576900206304,0.37968047705736
"32",1.24600332031488,0.652898358639386,0.691506461253904,0.650666057792144
"33",0.634800414787128,0.234606456494013,0.249941510772663,0.234421730055203
"34",0.691661133447303,0.314803487548005,0.340259993397814,0.312620468454634
"35",1.01680398936763,0.44703877208413,0.491787661013944,0.444987746032577
"36",0.611950359413479,0.23411674467005,0.247782950684937,0.233739683110059
