"","v_bh","v_daily","v_mon","v_con"
"3",1.12630468547509,0.447391162198772,0.507337993204104,0.448492437243981
"31",1.5816720516636,0.788243250470713,0.854270863124073,0.783407284403669
"32",1.5653926579579,0.732176185721504,0.812178788758009,0.728862507397234
"33",2.62268282610249,1.01797661304863,1.13897662610916,1.01240952279882
"34",2.25708492905123,0.92735476296212,1.02889742806572,0.921545769971206
"35",2.73009880767833,0.891948870557218,1.04841987512002,0.890781456798198
"36",1.40652463641979,0.694301679062038,0.792494879537249,0.690713934828352
