"","v_bh","v_daily","v_mon","v_con"
"3",0.946271760838884,0.432164072180912,0.469784449245525,0.427773014711707
"31",1.255214812937,0.597959684440601,0.638961926884452,0.595063465954649
"32",1.18230790638741,0.653575492629304,0.698718510866017,0.649884806242742
"33",0.838904931866239,0.329494269276474,0.356146702145162,0.325210499608297
"34",1.29647938436534,0.565798359545317,0.615406594151589,0.567584433027729
"35",1.28690668658918,0.64993806798044,0.680222436714041,0.646406581110181
"36",1.01442492956638,0.523782807336424,0.579912195270465,0.521966676595997
