"","v_bh","v_daily","v_mon","v_con"
"3",0.890489866363853,0.483609376554031,0.515006634217422,0.481155640108506
"31",0.506980822091684,0.235289443545032,0.255867525240176,0.234722288971339
"32",0.646616688841289,0.337672075559543,0.361165427760775,0.338296307585993
"33",0.56704662644956,0.283922254439981,0.301920100365707,0.281408745422913
"34",0.734798672742235,0.403819514917532,0.424408277796746,0.402878618998913
"35",0.626126509872194,0.277047524468352,0.296551847063132,0.275523849117835
"36",0.507605360884242,0.255236084057681,0.269333863383475,0.253872543172009
