"","v_bh","v_daily","v_mon","v_con"
"3",0.594366165045959,0.260198882749118,0.297529992186962,0.260582514358918
"31",0.574909949264836,0.242381677413822,0.275627687020155,0.239922096023417
"32",0.856458555550203,0.415395649255208,0.457860382117235,0.413460643665418
"33",0.489217379495287,0.169014062116498,0.200553614934313,0.166715368201101
"34",0.758998398227977,0.397336188811577,0.432279472777617,0.398107978232817
"35",0.782733905726946,0.425108301393492,0.459688036247353,0.425355447017581
"36",0.766936035197504,0.365010434166619,0.40900801398368,0.361066144479125
