"","v_bh","v_daily","v_mon","v_con"
"3",0.439073125153806,0.200834029103007,0.214198870819906,0.200142966707752
"31",0.362412454724327,0.171168663205079,0.183878876891717,0.170284014375149
"32",0.585289436774691,0.385610008173339,0.397923913544016,0.385988935702328
"33",0.379818422268739,0.181448422965871,0.192968550965946,0.180724084772222
"34",0.533138998076791,0.314230333935306,0.324979004072068,0.313020171509725
"35",0.625312799365544,0.339383760949172,0.357268024822313,0.33881618315484
"36",0.366656016434661,0.1622254408309,0.175654275348022,0.162042138148522
