"","v_bh","v_daily","v_mon","v_con"
"3",0.770419044722493,0.409239340100298,0.431985647345108,0.408590640795823
"31",1.07494724433204,0.52410450099415,0.566423499812813,0.523805515908963
"32",0.692569036977959,0.348609768323214,0.368988763272572,0.348768590480233
"33",0.921021965665683,0.44122055099649,0.465228009133087,0.438594370435883
"34",0.672873662297504,0.316908601577852,0.345715134905063,0.317744016049019
"35",0.868086458929839,0.385967902321988,0.419198444641403,0.38648157274471
"36",0.785455584517015,0.430899795356517,0.460924028377393,0.430017947763975
