"","v_bh","v_daily","v_mon","v_con"
"3",0.0223225022077855,-0.050181371508554,-0.0449742858296606,-0.0503556196019431
"31",-0.00306703057918715,-0.0737968450222528,-0.0694561331228828,-0.0742907501002755
"32",0.39996219599067,0.320820782582202,0.327806399743183,0.320628159641182
"33",0.172604479293685,0.105923229091176,0.110250543909988,0.105719285530097
"34",0.172604479293685,0.105910048259385,0.110162782617172,0.105732035060726
"35",0.360522224968743,0.288366686028105,0.293567236181343,0.288262864336751
"36",0.135581648147501,0.065252881734782,0.0690194564040965,0.0649678125041362
