"","v_bh","v_daily","v_mon","v_con"
"3",0.461581674407551,0.23623299178125,0.251786638122947,0.235538856299332
"31",0.56700571143403,0.311005632038018,0.324007861675342,0.309644680143105
"32",0.249126744430576,0.0331451209748473,0.0468037225673003,0.0325767846840042
"33",0.29676621948434,0.0637500174421187,0.0784477433733081,0.0625644164027116
"34",0.482167840498704,0.241958484741575,0.253019216156234,0.24177803484057
"35",0.436604573760377,0.228690912450607,0.241154522322347,0.227980054493036
"36",0.3844205732275,0.190778801526256,0.203479775755318,0.190044106658928
