"","v_bh","v_daily","v_mon","v_con"
"3",1.68968933642134,0.874024970020198,0.957714225385555,0.871408821918403
"31",1.3918916494632,0.719910456520258,0.766774660680829,0.721187490482677
"32",1.3526588895922,0.647630452330511,0.718669614712412,0.644726229659813
"33",1.40301652243098,0.716963051969927,0.79389294730666,0.716080614651427
"34",1.45644863189786,0.682050077927302,0.724433399832376,0.675525429523116
"35",1.41727854447005,0.687948131537065,0.737732182291744,0.685949199253204
"36",1.42837030400746,0.600061853684187,0.66292144929686,0.59738112613562
