"","v_bh","v_daily","v_mon","v_con"
"3",1.19310301647316,0.603981686355662,0.6489624131249,0.60316373209896
"31",1.20327268764326,0.510355097645163,0.574160886900636,0.507612435783154
"32",0.995960594777475,0.508251740546622,0.543382223043141,0.505433071048002
"33",1.07808863942178,0.511450020325131,0.56085312240239,0.508251426103783
"34",1.21665671423886,0.564933784868455,0.59564008532234,0.562411467084501
"35",1.15087021044438,0.605245387575972,0.636819451585461,0.605421868958546
"36",1.43079175086547,0.681016818990746,0.731625872585677,0.678418800869526
