"","v_bh","v_daily","v_mon","v_con"
"3",0.203308620003593,0.134338805288215,0.140614107948978,0.134061816975945
"31",0.138857713143289,0.0716389572701587,0.0767150549674534,0.0715978030781542
"32",0.454475903242291,0.367171646485083,0.373538641847321,0.367056745528241
"33",0.306557175407272,0.223613563357474,0.229853547655699,0.223308097394998
"34",0.306557175407272,0.223618367530221,0.229774124794321,0.223302101560827
"35",0.121325891204469,0.0372616624146628,0.0437687575005765,0.0366045656898241
"36",0.104506747502294,0.026478808252183,0.0311562216440522,0.0258552756545651
