"","v_bh","v_daily","v_mon","v_con"
"3",0.775149545742501,0.263067851906341,0.322741091063304,0.260991155260758
"31",1.40245447818629,0.691469878137177,0.756946422663488,0.687146529496248
"32",1.30672871533375,0.7146617900793,0.781566559728455,0.710703568331065
"33",0.933745691737351,0.40514912562893,0.451909937152235,0.402883668761581
"34",1.1197289333677,0.569035818636654,0.633909994578045,0.567260876733252
"35",1.11007100562168,0.555285095661663,0.6005895007327,0.555609934737292
"36",1.32726533725166,0.667130098556637,0.730583714017471,0.664477139919186
