"","v_bh","v_daily","v_mon","v_con"
"3",1.65336487895693,0.746860911439091,0.835051470611873,0.740474431108323
"31",1.524250636511,0.758346570988804,0.847418272323341,0.757842681924356
"32",1.32793425587459,0.613683724734221,0.692593459489784,0.61027473105748
"33",1.48733075292558,0.656768301014408,0.739832728214713,0.654977320217881
"34",2.40299200252018,1.10396313101002,1.18861613573148,1.09448359674654
"35",1.52702282101905,0.691812029892641,0.775988176348838,0.686667720052016
"36",1.90236344418925,0.850231281483002,0.93060565401541,0.850330410432031
