"","v_bh","v_daily","v_mon","v_con"
"3",0.29237584263808,0.152229405654763,0.165499265677507,0.151576107141641
"31",0.153400650453192,0.00760992133581396,0.0245245793599694,0.00686998015093678
"32",0.159539621420054,0.0191795904107938,0.0317036153300541,0.0189928783501425
"33",0.333765435023878,0.178001544682018,0.192211610713362,0.177113943326801
"34",0.129628979493203,-0.0230295687615995,-0.0111211128530769,-0.0237274039633301
"35",0.21292623327896,0.0703856127595353,0.0833189847972082,0.0699741430419343
"36",0.309024057890718,0.170939340228494,0.182756266732254,0.170857786612996
