"","v_bh","v_daily","v_mon","v_con"
"3",1.65294184737403,0.78070965914323,0.82605057921009,0.779314429229268
"31",3.87535776353937,1.36833820415073,1.526748538998,1.36343617737265
"32",1.7132675340027,0.88526236507306,0.943680403774226,0.881907233155678
"33",1.02661261112507,0.425602250402187,0.482334238073327,0.422246510388806
"34",1.56722535458126,0.789207804634103,0.860605821799375,0.78901167145197
"35",2.21540324672829,0.95377681131758,1.05391701419,0.947673245713357
"36",1.21813026626744,0.585051313523731,0.628468143495258,0.584267216482517
