"","v_bh","v_daily","v_mon","v_con"
"3",0.947350716139767,0.499543777854155,0.550408034074975,0.496956852609664
"31",0.849663150957977,0.373689141587338,0.416493386801685,0.372649877818531
"32",0.833168194804475,0.405452307509483,0.446711211991371,0.403777596935861
"33",0.638958473096614,0.221053362582209,0.258520973986122,0.220297242973629
"34",1.04289064674899,0.521139758217055,0.554998518308591,0.516968784357962
"35",0.861275659814442,0.41635163681179,0.45937722681601,0.413552626711868
"36",0.811950339387808,0.330227483592911,0.366846484481055,0.329723480548103
