"","v_bh","v_daily","v_mon","v_con"
"3",0.10122343101114,0.0412923672704763,0.0458016122718233,0.0409005475097947
"31",-0.044144194910304,-0.133905565965714,-0.125980419014621,-0.134457018302292
"32",0.0582319656362644,-0.011921584233964,-0.00614873077358408,-0.0118869078924301
"33",-0.0380224500450686,-0.121245291045301,-0.113844528371972,-0.121390970415049
"34",-0.0380224500450687,-0.121250135349167,-0.113908691808251,-0.121406808172373
"35",0.262886832799419,0.188232896942163,0.193710708881484,0.188065073276695
"36",0.00622013111802173,-0.0629115279731752,-0.0569197647059139,-0.0631156144289053
