"","v_bh","v_daily","v_mon","v_con"
"3",0.903644376105543,0.488838788012106,0.52738335190086,0.487123919540415
"31",0.743300996937438,0.332260968324279,0.360499507803219,0.329973497424948
"32",0.865746533173613,0.427996900477956,0.462093727903197,0.42578849081111
"33",0.744004528762549,0.41721926980075,0.457248242372914,0.416138781884441
"34",0.64557741511052,0.30666430570487,0.339895166195313,0.304773432628444
"35",0.853923092145688,0.501277124255133,0.532970625978746,0.499262128970089
"36",0.729408273173587,0.339064965835824,0.365288304018676,0.338475117000165
