"","v_bh","v_daily","v_mon","v_con"
"3",1.03064350376529,0.535328445864243,0.56088175147499,0.534030135489421
"31",0.79227812205284,0.396042067020501,0.424845366068591,0.394600559269008
"32",0.880337914981426,0.506676170640364,0.532827002350856,0.506934349785653
"33",0.740432013372409,0.384706219298922,0.401889935815321,0.383179858427493
"34",0.533981862767788,0.207629438620025,0.226826521756835,0.206682232702923
"35",1.28182244839671,0.706440774664013,0.739006020926656,0.706464326723697
"36",0.736512725729898,0.366736842051907,0.389963742000341,0.367212834890134
