"","v_bh","v_daily","v_mon","v_con"
"3",0.291981856611539,0.0685679854812395,0.0865614889859967,0.0686344655943153
"31",0.556554929860141,0.337399285717958,0.351363446848021,0.336107470988189
"32",0.325486092186236,0.132878103147692,0.150150890905591,0.132881455634079
"33",0.448967023991011,0.219636810607199,0.231656472298859,0.219602272615103
"34",0.605859031939041,0.362852471348634,0.377477225045916,0.361416323825563
"35",0.595817106404716,0.38406908053361,0.397585888443703,0.384021688958814
"36",0.613888689060733,0.334801485564397,0.352886781337171,0.334878905639328
