"","v_bh","v_daily","v_mon","v_con"
"3",0.144340380320869,0.0826735260635656,0.0865967552796135,0.0822149005449334
"31",0.253397659110377,0.174765150970287,0.180701780109931,0.174449852040957
"32",0.337241018819335,0.265796485380913,0.269509435771386,0.265822364143733
"33",0.0771536762752423,0.00139609539411153,0.00744407984571708,0.00117200800066293
"34",0.0771536762752423,0.00138889752827407,0.0073625328060506,0.00116346427596005
"35",0.0498904980187943,-0.0246403377450141,-0.0200766085791335,-0.0249422187376953
"36",0.0136256196643724,-0.0595807185391138,-0.0549936161776141,-0.0599898140224009
