"","v_bh","v_daily","v_mon","v_con"
"3",1.64120439430244,0.829978806140049,0.875643467013621,0.829646116429536
"31",1.05796655139347,0.487712873187375,0.5242272487846,0.482867498714228
"32",1.36515861193039,0.64312598623609,0.69608026905508,0.635692211002531
"33",2.8675605417913,0.995930791151187,1.12295884416834,0.990999677687608
"34",1.11732754775918,0.519242304820236,0.556470403943721,0.516799340611838
"35",2.05197924997,0.919711350867899,1.01961832110262,0.914236379303994
"36",1.29576254176558,0.61452452983191,0.649116996986737,0.612075584422776
