"","v_bh","v_daily","v_mon","v_con"
"3",1.10041888557527,0.546243946205948,0.578497589304032,0.543104611544496
"31",0.961122045717272,0.401265462914246,0.449833179203504,0.399607364646986
"32",0.860215494040689,0.438523473951526,0.472500128820094,0.43656496295857
"33",0.950023367775354,0.469594324590182,0.501617843070489,0.469614829091806
"34",1.19981717946642,0.58102964038187,0.633424307790426,0.580588294177566
"35",0.812350448863633,0.349436779434953,0.388717889095188,0.349946798528964
"36",0.851275471016717,0.383432957457182,0.417256764957313,0.381019487140156
