"","v_bh","v_daily","v_mon","v_con"
"3",0.441307541070638,0.183445606792539,0.206408342476758,0.18395742620282
"31",0.489862394424311,0.277880141010759,0.299932185816377,0.277517033020697
"32",0.608068037244465,0.32163130569371,0.342012097326069,0.320198534001315
"33",0.393322608416969,0.144780283765934,0.165889474825337,0.143495178725109
"34",0.368305631533719,0.124175869787581,0.142318929162377,0.122676366652068
"35",0.539833272174984,0.267772725327578,0.295622810081418,0.266247368853197
"36",0.476941816675031,0.273639321829508,0.289162136652337,0.272820551314301
