"","v_bh","v_daily","v_mon","v_con"
"3",-0.0389921843777739,-0.12090989779085,-0.116101277475532,-0.121561510202177
"31",0.222713460435798,0.147742608160838,0.152467542849337,0.147958479450684
"32",0.316538046366215,0.226345551155205,0.23235481843403,0.225985275571643
"33",0.214761569160912,0.146131976454576,0.150149157720974,0.145980129074573
"34",0.214761569160912,0.146104466671237,0.150055754566738,0.145993563152513
"35",0.131091974539336,0.0632628024231908,0.0655782422514659,0.0631115106905022
"36",0.0911511596617242,0.024224362318634,0.0289983704543183,0.0237380923838208
