"","v_bh","v_daily","v_mon","v_con"
"3",0.950798690817999,0.440710106300736,0.4947326026199,0.439107025728229
"31",1.62055793055102,0.840309462398423,0.92164369673239,0.837270308670255
"32",1.3190646983447,0.703239608534479,0.78060797803028,0.702748134583012
"33",1.05486412291144,0.546686055777305,0.606805070916082,0.543397399637752
"34",0.943648105295673,0.442685918790288,0.491142542640789,0.442091290711542
"35",1.07674809245996,0.519093956427252,0.58156879274467,0.515836412282682
"36",0.887459067296704,0.388850275392802,0.438723485084368,0.388375909658035
