"","v_bh","v_daily","v_mon","v_con"
"3",1.04119903562772,0.487728947006971,0.524428182055568,0.487218665616633
"31",0.87463512786347,0.419949004457392,0.454912749761436,0.417767779389153
"32",1.03714873161107,0.57081956205016,0.599932538805568,0.566583353031344
"33",1.04101749685906,0.488800111445384,0.528544908922791,0.487867089574824
"34",0.687632135580139,0.261611142870164,0.300607214454271,0.259925735354549
"35",1.19644034479993,0.611175330629221,0.634653201090664,0.61167892417208
"36",0.949735876290568,0.471703853822047,0.497964780717126,0.470454496031921
