"","v_bh","v_daily","v_mon","v_con"
"3",1.28390628060908,0.581048322600215,0.638251708099045,0.579150739107183
"31",1.52462042736031,0.793230011296452,0.850645329222672,0.791065610657467
"32",1.7018629129116,0.736255195520736,0.794302691072675,0.73422714010758
"33",1.05386817246304,0.553664234581193,0.589481741172211,0.552163229386342
"34",1.40956941174259,0.711153679210501,0.772475573308461,0.711726119236037
"35",1.08019655402869,0.546724009836201,0.582362998671401,0.544780569499419
"36",0.855614923783764,0.359909898298224,0.429126311051187,0.355707012867139
