"","v_bh","v_daily","v_mon","v_con"
"3",0.76840039721436,0.316154408915412,0.347499217820257,0.315311621689794
"31",0.690344593153728,0.279165265514337,0.313989616721406,0.279424313081463
"32",0.738901695130542,0.321812189415297,0.365744578181374,0.319694586058812
"33",1.00406524855246,0.514122812603492,0.55140716120876,0.512740165250285
"34",0.54485595349478,0.172748478889262,0.210539964460932,0.170825154005477
"35",1.29052510765452,0.581546656776442,0.632531832261762,0.579280300271581
"36",0.691132578986161,0.292414815369322,0.329239244839178,0.291454231275578
