"","v_bh","v_daily","v_mon","v_con"
"3",0.230414650742064,0.0912747757000059,0.104216208955989,0.090400178098663
"31",0.413741982088183,0.285530285619484,0.294885826871627,0.284211564909571
"32",0.297680380678538,0.139956514192452,0.157144211967184,0.139185333782906
"33",0.10365160178187,-0.016712886670342,-0.00641902512163391,-0.0177045875327208
"34",0.33376543502388,0.177960763783252,0.19167544573194,0.1771267934362
"35",0.265760585606997,0.129875132964726,0.140826881606524,0.129435099392962
"36",0.259752176848066,0.109851777438268,0.125187254021117,0.109189989878365
