"","v_bh","v_daily","v_mon","v_con"
"3",0.415239607596166,0.266372768064399,0.279030728519814,0.265492084022625
"31",0.294510068800573,0.143733093245668,0.155544698012924,0.143625334732864
"32",0.265303678117941,0.131683411488011,0.139413634684857,0.131229611842396
"33",0.266641076621929,0.114786946372543,0.132623175034577,0.113305606283355
"34",0.260402505719575,0.124039038649691,0.13644085866447,0.12335067365869
"35",0.246263925644613,0.0958631372085984,0.108496308381381,0.0954678526303115
"36",0.376663378790976,0.231019895350365,0.243658072435272,0.230792007337984
