"","v_bh","v_daily","v_mon","v_con"
"3",-0.046669574188038,-0.119119843177619,-0.112701840929874,-0.118939221656352
"31",0.00225876913521356,-0.0675262556412119,-0.0614291181243193,-0.0680022795427008
"32",0.312171263354284,0.229456975863038,0.237851864267312,0.229103715715853
"33",0.0465819285637214,-0.0189837121736113,-0.0131019083248547,-0.0190724334641499
"34",0.0465819285637214,-0.0189664122643554,-0.0131452651645428,-0.019078723104247
"35",0.180358545503595,0.107078785458585,0.112965712797003,0.106525291655839
"36",0.189471528300947,0.118209273164025,0.125994081915614,0.117968611200295
