"","v_bh","v_daily","v_mon","v_con"
"3",1.61413684417421,0.813468492740616,0.87679890157624,0.8092797534794
"31",1.92872494507572,0.881417599924595,0.978292558152723,0.88236514699269
"32",1.56614437035183,0.753831474215029,0.830440231088771,0.754188019151973
"33",1.66302738367192,0.781228729360108,0.842674508591194,0.772446345046258
"34",1.35750301793114,0.654803073249361,0.724894539270926,0.650375102029417
"35",2.34271204537708,0.95904560290914,1.06757649225557,0.951505666772399
"36",3.08703698472904,1.29503285848544,1.41706274926843,1.29086008547988
