"","v_bh","v_daily","v_mon","v_con"
"3",1.31335085906137,0.551743843248834,0.632520908274578,0.544508756566148
"31",1.27948799712627,0.584692904107414,0.632466380820778,0.578801500159594
"32",1.66577752147554,0.730380175020904,0.817603840670798,0.72848630352417
"33",1.56170645714045,0.729740782329128,0.823348381659006,0.723910476923699
"34",2.09161348764551,0.834917245130877,0.978098744984135,0.826756020494768
"35",1.20703317077287,0.524277605965607,0.567120305519009,0.521460972366412
"36",1.54623004054497,0.725909013227042,0.777421613296159,0.726368841197111
