"","v_bh","v_daily","v_mon","v_con"
"3",0.734608875801989,0.351306623541093,0.390057586472223,0.350298946091673
"31",0.644118970701879,0.322666733579523,0.356101368884526,0.320716890984436
"32",0.81557499884384,0.445459772728041,0.47575495811917,0.442946830348185
"33",0.711832513526862,0.355045634861789,0.382271045694443,0.353055710909696
"34",0.776894348266193,0.382960017354188,0.42601406141465,0.380293519102427
"35",0.806135848790903,0.435923749020752,0.467566035376289,0.434364285701495
"36",0.474475146017602,0.16692714585219,0.187370544663321,0.16612424133256
