"","v_bh","v_daily","v_mon","v_con"
"3",0.824774354292362,0.475551159052132,0.507237689513948,0.474592981630885
"31",0.970878086799081,0.510074984574217,0.540791638170356,0.50898857372788
"32",1.29105695503828,0.661624522613006,0.705121257164293,0.663030573290858
"33",0.916905659067647,0.45951547585305,0.495712877083832,0.45811595847566
"34",0.947251728815285,0.497706244910743,0.529582163230911,0.494887934896802
"35",0.802540543231445,0.342981459071746,0.374642228803069,0.34378168343484
"36",1.0642487946943,0.614142767286495,0.636037326738033,0.612696285860387
