"","v_bh","v_daily","v_mon","v_con"
"3",1.13525968067213,0.578687776285308,0.632642364837869,0.576804675789838
"31",1.2135604436909,0.522769903799834,0.568239528644729,0.520181401755319
"32",0.908241783049545,0.401271452134261,0.42710365630855,0.400450040624157
"33",1.27256593447848,0.599993849442142,0.647036700045312,0.597634797879531
"34",1.19793647690244,0.591559320858473,0.644199801298798,0.590465427073085
"35",1.04279275562567,0.497215184755554,0.538758439936976,0.495247298373154
"36",1.5697150868459,0.738151454496385,0.798922321944285,0.737575207025465
