"","v_bh","v_daily","v_mon","v_con"
"3",1.56549014268812,0.670080199954478,0.756868219732047,0.664749209491287
"31",1.3989185602122,0.612575760474619,0.693012464993665,0.612552615205563
"32",2.95239633827391,1.28039001054096,1.40982747670174,1.28046639630016
"33",1.62825827442518,0.799416986430063,0.875781362185143,0.79282834560251
"34",3.54215047422061,1.14181952640776,1.32578452545134,1.13381223923711
"35",1.16419800041249,0.505466919302022,0.595548361232806,0.50250083720433
"36",2.08891063361456,0.828074608136361,0.915847410502362,0.82260034566567
