"","v_bh","v_daily","v_mon","v_con"
"3",1.31451966805049,0.595371010822385,0.635125478417768,0.592046642032144
"31",0.968527384904177,0.462509740258992,0.483160532236203,0.460957326686921
"32",1.11454879835501,0.527178477099006,0.570250622447193,0.523164730355893
"33",1.47793491373306,0.802600111881568,0.841240853500239,0.800841232208424
"34",1.67715828560161,0.718678382586193,0.787341380060734,0.716954231980028
"35",1.02715060306115,0.44578484646518,0.483011494894824,0.445473098018839
"36",0.907008973903358,0.347158954600378,0.372033040904009,0.34582627826317
