"","v_bh","v_daily","v_mon","v_con"
"3",0.562802567134852,0.297782254919014,0.324172019614625,0.29560957822781
"31",0.425680186750616,0.155442733297293,0.174420387178078,0.155546382614685
"32",0.538356149114158,0.290324939582254,0.313162186453496,0.289306457157089
"33",0.39728685095701,0.140169210248768,0.16379303501549,0.138306821569743
"34",0.512916856561418,0.225155987971512,0.24681167387356,0.225001161594564
"35",0.356043692474012,0.107110915369264,0.129658429206394,0.104763428866823
"36",0.720800727463909,0.4049240139369,0.436335218869363,0.403986783463401
