"","v_bh","v_daily","v_mon","v_con"
"3",1.23306390859836,0.585123648108593,0.648300239325766,0.583934175836241
"31",1.64279837158333,0.724978320059341,0.79817328633921,0.718053535686486
"32",1.1311298793453,0.522511433842303,0.585937383486343,0.521142155207208
"33",1.08916857607974,0.531387481474268,0.570442843808522,0.528596845864085
"34",1.15515753757849,0.614806043511116,0.692276516939568,0.61220035200707
"35",1.49344635036919,0.734314103341472,0.795665957887967,0.729670512308618
"36",1.06569259089598,0.458156545624348,0.5147304530615,0.453449644907611
