"","v_bh","v_daily","v_mon","v_con"
"3",1.02286478519187,0.492325454003328,0.538120506656122,0.489839817688892
"31",0.714113324949014,0.316848867217524,0.337281636175185,0.315229758203943
"32",0.961496632545044,0.408485417823619,0.447915114568658,0.408771903475555
"33",0.962480860968979,0.434494164618865,0.473640732872647,0.431452357512224
"34",1.02129203862692,0.514419694650977,0.541892665854273,0.51398333524252
"35",0.997727839531585,0.459129874372832,0.507587938593374,0.457930424751106
"36",0.775193451342052,0.338164100111433,0.36379509431246,0.338896006832737
