"","v_bh","v_daily","v_mon","v_con"
"3",1.21784473217686,0.641904981375269,0.693737561718355,0.638707470478133
"31",0.935706522033511,0.508973506159299,0.546206301483374,0.506891587881759
"32",1.03103975582718,0.595446641520374,0.627929237486881,0.595616209610513
"33",0.787595879342527,0.348663193651248,0.38186408049791,0.347328289618637
"34",0.835761685484884,0.397139210597574,0.425389201440918,0.392540178182181
"35",0.751343460280041,0.335496155109218,0.372832597992923,0.333829999019819
"36",0.595218857372131,0.186078548859946,0.222876134568461,0.184144546734978
