"","v_bh","v_daily","v_mon","v_con"
"3",0.202434635330086,0.0709158555004106,0.0813285522415414,0.0700705135661203
"31",0.246975311517555,0.120038011488178,0.129074327810499,0.119584248353093
"32",0.326811557688738,0.181437307292066,0.190800830558407,0.180427835350537
"33",0.163425803682829,0.0327902385119868,0.0437762375052292,0.0326322895752726
"34",0.163425803682829,0.0327812606744451,0.0436141357108414,0.032631767304738
"35",0.151413385246868,0.0182415561702339,0.030348881913226,0.0178928779223524
"36",0.169798845541064,0.0384712487605408,0.0466793128000652,0.0378320608342661
