"","v_bh","v_daily","v_mon","v_con"
"3",0.143590989497504,-0.00249590058220732,0.0107253712574366,-0.00320338258327786
"31",0.179758490560833,0.0324910095198703,0.0423598248416925,0.0320880622251798
"32",0.356599763046736,0.221654212963867,0.230663608402335,0.221191767066157
"33",0.238475701219207,0.108410885711717,0.118415551076919,0.107496009628022
"34",0.546940233137963,0.369619232644468,0.37925447666234,0.368529762574311
"35",0.40051829417856,0.235396774688063,0.247751365506785,0.234593411019594
"36",0.294138369946354,0.150783934010906,0.160397191608591,0.150438963798197
