"","v_bh","v_daily","v_mon","v_con"
"3",1.32455545799555,0.594990777428831,0.651665754349907,0.590618035616539
"31",1.34250438322856,0.69426124418268,0.760044644410957,0.687926725073761
"32",1.50905357269021,0.676936706742759,0.745874582317421,0.672448917835697
"33",1.78057565222174,0.738638662600318,0.875471080343306,0.730870342571022
"34",0.92034809367221,0.28270874606121,0.337978179967252,0.279694281015207
"35",2.10222647630165,0.904784891174656,1.03377735779768,0.904262617526623
"36",1.65712269802484,0.84055693387826,0.914604121368737,0.835201212376868
