"","v_bh","v_daily","v_mon","v_con"
"3",0.320255422161522,0.100005320256668,0.115743858387517,0.0995691458086761
"31",0.462225360969676,0.251950332608791,0.267650590115858,0.251523781277378
"32",0.443316618822231,0.236275234257667,0.254043901763339,0.235328333111667
"33",0.579695297600817,0.334098928468012,0.350658796488929,0.333349723571803
"34",0.390946317395389,0.157011327263004,0.176487405962369,0.156480970974136
"35",0.484863336595912,0.261381156959114,0.276761606726455,0.260677995827208
"36",0.467342178956145,0.246874235819696,0.260097622021397,0.247184219376122
