"","v_bh","v_daily","v_mon","v_con"
"3",1.79624522273099,0.774943654209692,0.858445029662244,0.770275514724829
"31",1.52814943046898,0.71876679139271,0.77908416830182,0.717665267374513
"32",1.03522114988476,0.455552803026711,0.529128375909672,0.451909779130787
"33",1.07682167148325,0.46157078857081,0.526164722490723,0.460074514171595
"34",0.88387903063414,0.378652563797213,0.417798909555187,0.376336017329778
"35",1.16219152645948,0.564171716496008,0.614356400241488,0.561172445431193
"36",1.23372709239801,0.600192564630029,0.640029285640412,0.600408156987892
