"","v_bh","v_daily","v_mon","v_con"
"3",1.10451367068079,0.467972526050172,0.523292278359822,0.469016536478771
"31",1.09008677621887,0.542441026819594,0.57805350892436,0.538830971664364
"32",1.07302973919329,0.541835454964181,0.567518533560336,0.541033920760827
"33",1.57373736131228,0.701386972044849,0.749067367552197,0.697660785588014
"34",1.08437596829799,0.479362327915695,0.519925978611285,0.476833903230413
"35",0.916740244225877,0.415533280375991,0.446443353537504,0.413185887168649
"36",0.991812581766998,0.476670648081667,0.512186534872541,0.476699330737407
