"","v_bh","v_daily","v_mon","v_con"
"3",0.265500814026477,0.19084835222284,0.198279611420736,0.190682071147449
"31",0.214240037125902,0.148593832387406,0.156582760413082,0.1482904304092
"32",0.108434663083111,0.036699569121235,0.0443456557092118,0.0362064013228598
"33",0.0421094000809438,-0.0274014582546365,-0.0191288004713761,-0.0279052952520634
"34",0.0421094000809438,-0.0274128544063859,-0.0192841280888925,-0.0279278686655848
"35",0.152920822677835,0.0774245942402646,0.0839254124214168,0.076949943744932
"36",0.285722703772086,0.211014362624452,0.217684413325768,0.210731518995534
