"","v_bh","v_daily","v_mon","v_con"
"3",1.58014653535144,0.788220961335822,0.852619156642191,0.786406280242757
"31",1.32227393888991,0.635624588615528,0.672381892661738,0.634390042864069
"32",1.51689874629812,0.777128464881554,0.849773951162022,0.774824580813628
"33",5.50106512810128,1.76600175302592,1.94402334344908,1.7395054226412
"34",1.26932277719544,0.665951524764138,0.69253307037405,0.662200634677327
"35",1.69178652036903,0.777097859418694,0.838677569229933,0.777453759119284
"36",1.86402302493727,0.816177458536891,0.89321899247581,0.809705499302062
