"","v_bh","v_daily","v_mon","v_con"
"3",2.19962760890064,1.02106156496408,1.10698851276485,1.01126553168372
"31",1.62044691796812,0.754869405621333,0.843959707991593,0.749356451704208
"32",1.88453593558603,0.774248482791478,0.877840977111423,0.779274380275062
"33",1.5073616152204,0.659381850579777,0.74876034329129,0.656465780779609
"34",2.70599216567406,1.22184977812582,1.35235737740022,1.21632595717591
"35",1.41649680103009,0.620992779832581,0.693003007901184,0.615762224938609
"36",1.46260454713495,0.717482731932648,0.765048892686567,0.715510727218669
