"","v_bh","v_daily","v_mon","v_con"
"3",0.826394267676206,0.401184304578844,0.435487905893257,0.400127079549968
"31",0.858244538120843,0.420841725199784,0.459480176332902,0.41795553636126
"32",0.598097150391619,0.268302462806146,0.303435589038516,0.266624721586423
"33",0.922585159560446,0.433324039803316,0.478941170326617,0.431897346830368
"34",0.751638625383428,0.368644564858673,0.403438340274172,0.366598633033738
"35",0.880510706067431,0.492723825807837,0.528105499145488,0.491272587394373
"36",0.702805936521207,0.284579995409578,0.320149983403608,0.283292695802687
