"","v_bh","v_daily","v_mon","v_con"
"3",0.51974364501991,0.241280330906896,0.266905622891786,0.239753842306366
"31",0.407651456267768,0.166665653892524,0.19169831354194,0.166055264238519
"32",0.27010911403978,0.0977954466543005,0.115035303039493,0.0973543585177931
"33",0.443632154758863,0.233406917176467,0.248494431689053,0.233123513983332
"34",0.329251335270376,0.102121590103937,0.122983077660226,0.101376796234324
"35",0.663074309912198,0.394683403901465,0.419211054153313,0.395089471078399
"36",0.551534429179241,0.331233199338281,0.349456438662013,0.32973125280854
