"","v_bh","v_daily","v_mon","v_con"
"3",0.361904685768697,0.231751204626172,0.244806059659276,0.231536408756548
"31",0.329136111418254,0.167544188313395,0.180728755207797,0.167455841541546
"32",0.202150667768157,0.0689523527785191,0.0792063352817812,0.0681420457875105
"33",0.273261470529453,0.133936218653872,0.144620979487426,0.133217486363649
"34",0.430868260719164,0.269570582273159,0.283664532939639,0.268799912471719
"35",0.338562682733631,0.185109547584113,0.199062961767537,0.185266681818353
"36",0.191677490779409,0.0491752023022988,0.0602685534153635,0.0491316178328202
