"","v_bh","v_daily","v_mon","v_con"
"3",1.0889158893795,0.548917573762127,0.605320111319034,0.545218433502476
"31",1.34133604039459,0.672586301351452,0.72396844635136,0.672634988547352
"32",1.4253861460886,0.702845045025748,0.781165100290362,0.699881017541929
"33",1.17748790829392,0.599713616401109,0.638039263229958,0.597259336818207
"34",0.965990348467873,0.418779373358963,0.47924682135621,0.418247093534503
"35",0.881649524129492,0.436471528904591,0.480578051380296,0.434676368471841
"36",1.15584613212654,0.527047229194388,0.577133403125141,0.523960758626034
