"","v_bh","v_daily","v_mon","v_con"
"3",2.68450279798353,0.909077750005723,1.02294831383616,0.907337086245913
"31",1.45355946556023,0.671143091541905,0.732220605477178,0.669146556079607
"32",2.16577007171616,0.866276329995957,0.963068928427968,0.869230475395814
"33",1.2774119857992,0.629777881411181,0.680886938191438,0.624764010218708
"34",1.51756937937614,0.696047429136528,0.769006625990865,0.693675412654415
"35",2.14564350015345,1.01795042988984,1.08158288430239,1.0216993818304
"36",1.55700571343947,0.758105680536508,0.818162177359296,0.754921734357131
