"","v_bh","v_daily","v_mon","v_con"
"3",1.01694950870198,0.572218934592393,0.599826952169048,0.571387379365169
"31",1.1806704449569,0.533968706056339,0.570519696546324,0.531731343384032
"32",0.863813365502673,0.40203578020334,0.42562722864722,0.399342335439602
"33",1.09768129617829,0.561841798692794,0.59493550670917,0.560641454865943
"34",0.939830985969222,0.471767906247762,0.503514611174376,0.467848556942122
"35",1.03080963187236,0.549415684765764,0.581171184614698,0.547952803799091
"36",1.03833610273619,0.543377498310957,0.572813533181414,0.544464435787381
