"","v_bh","v_daily","v_mon","v_con"
"3",1.49702488002958,0.695428766626977,0.754143198206039,0.692244978722563
"31",1.60403707132522,0.755622608593939,0.81218637428261,0.757427082624601
"32",1.85926861891552,0.921495180320878,0.97538162717694,0.919322690372451
"33",2.50074923410641,0.970119598346277,1.07162058003184,0.971421193331283
"34",1.34488056883889,0.573051669353994,0.621311528727925,0.574638623252073
"35",1.61683479157246,0.894631145491886,0.952904911554939,0.890182463973414
"36",1.94150334294417,0.940853847607549,1.00941493355386,0.938520308964809
