"","v_bh","v_daily","v_mon","v_con"
"3",0.784599629184133,0.457330989480348,0.484237729819214,0.455801617565589
"31",0.765987875926457,0.404065414620262,0.442852049076736,0.402693148723549
"32",0.538225621825096,0.268778622641011,0.293776920975604,0.267831489220822
"33",0.541697443152948,0.271276477469947,0.29838427622079,0.269408313680473
"34",0.4316989982788,0.141992129728973,0.168143355563932,0.14080428822562
"35",0.563460517783621,0.245603101599608,0.268805384701992,0.24290747568611
"36",0.572096554585957,0.307279532393809,0.331939333230866,0.306721006709404
