"","v_bh","v_daily","v_mon","v_con"
"3",1.128091183491,0.590914469235281,0.643999725033397,0.588253832227158
"31",0.929265732882275,0.381239128710229,0.431334956228846,0.378612617253947
"32",1.32111118052041,0.628998280304564,0.691303116858286,0.626754010271824
"33",0.961389041410052,0.456189248521337,0.497994393687354,0.453973197943644
"34",0.698783375203107,0.326155755947269,0.360759599546316,0.324549899313735
"35",1.08909864986191,0.629555967691459,0.661863106003424,0.628648468641822
"36",0.654654059665999,0.263205192451386,0.301006697612552,0.26286612874837
