"","v_bh","v_daily","v_mon","v_con"
"3",1.83049789307079,0.900125324333245,0.965568897145798,0.89888729025914
"31",2.02308160602145,1.10079173505539,1.20354159846043,1.09834940685401
"32",2.13416326901989,0.874546844350184,0.956333932736968,0.867973866790571
"33",1.52808088627682,0.692165660524802,0.732420738541699,0.68371009239638
"34",1.49628266060012,0.630554829620289,0.685116364350755,0.62546424803658
"35",1.46618180314692,0.739250729316278,0.783230477776123,0.738192904736729
"36",1.66575942431115,0.759999513738099,0.808277485813953,0.758829635060059
