"","v_bh","v_daily","v_mon","v_con"
"3",1.63341682170171,0.927796211031878,0.984091518648753,0.920104873732173
"31",1.64876015053383,0.851196327014786,0.908957898714086,0.845657910731037
"32",1.34731121650375,0.610838135736652,0.669978970522252,0.607132794619758
"33",1.93211296625316,0.822456911349113,0.894256849966869,0.818276571750828
"34",1.44739943779339,0.69333564476281,0.751247742679865,0.692347038595688
"35",1.47025424716001,0.707574002065769,0.773385761294939,0.704649067623552
"36",1.04464749055842,0.47525115589085,0.542683236081606,0.468898329822935
