"","v_bh","v_daily","v_mon","v_con"
"3",0.472346274528047,0.224790139716639,0.247357644880452,0.224341903913206
"31",0.44175962863181,0.219632938365823,0.239765000308435,0.218247269804064
"32",0.345004806740517,0.141457630456694,0.157971038026145,0.140316582741154
"33",0.556770815224814,0.344664198649628,0.360975716257172,0.343125701307656
"34",0.480029015362179,0.270294297833018,0.288818880556433,0.269512873153275
"35",0.399656398770214,0.172955139883817,0.189593996270381,0.171589364406126
"36",0.411812630761049,0.212693523305753,0.231435139485855,0.211671206002582
