"","v_bh","v_daily","v_mon","v_con"
"3",0.699619196465687,0.353102756441001,0.374889457146806,0.353269683494744
"31",0.684324838012662,0.350923028563269,0.384828245146913,0.35045226521499
"32",0.612733300215931,0.257868371934749,0.289326429119903,0.258474004761037
"33",0.504470528934636,0.184180157601639,0.204155637033882,0.182971037850096
"34",0.873957151549641,0.426903836120686,0.458159175531292,0.425871769300184
"35",0.730072213181838,0.323412328528035,0.358316655921727,0.322729523516873
"36",0.587360253920699,0.230815803117789,0.254342972442955,0.229427392815929
