"","v_bh","v_daily","v_mon","v_con"
"4",0.467399516723241,0.114665171793825,0.132897205154764,0.114943267500182
"41",0.0166118997467333,-0.164940510649238,-0.161664569335748,-0.167144916981881
"42",0.414393368459931,0.113676360506773,0.130369237681602,0.112625112336794
"43",0.279963879199228,0.0839185818480854,0.103482710523947,0.0834420227035064
"44",0.158134850560082,-0.0782823353287609,-0.0638468613876149,-0.0763386783148947
"45",0.942954581388897,0.511223652142466,0.543758465367151,0.506946895058476
"46",0.385576064984511,0.110401346906777,0.130213579422534,0.107655970168446
