"","v_bh","v_daily","v_mon","v_con"
"4",0.37601899318894,0.0713616817006404,0.0974483093542391,0.0741559937191179
"41",0.256853137568914,-0.0891117774963912,-0.0645831379226594,-0.0880859537061238
"42",0.70854054639186,0.283227345089849,0.305183630126941,0.281814246181176
"43",0.832586784258262,0.272180726321144,0.300277177313859,0.267921139012197
"44",0.311529111181845,0.0290445643478612,0.0359339108129637,0.0316501782820064
"45",0.2793336055269,-0.0326206733599119,-0.0120115641349718,-0.0342476303431676
"46",0.532363651421226,0.136158300217557,0.147372137946423,0.135089720223421
