"","v_bh","v_daily","v_mon","v_con"
"4",-0.291295688302314,-0.304098643657236,-0.303789421954674,-0.304300193477604
"41",0.387526962416708,0.435477085806177,0.430171652825409,0.435267083849343
"42",-0.121799720731122,-0.142727553053676,-0.139708510807975,-0.142409679609579
"43",0.197702943122205,0.217593605940161,0.21574551663493,0.217791836733338
"44",0.197702943122205,0.217568309204947,0.215753863702351,0.217798508385405
"45",0.074252388808048,0.0393429160702854,0.0380029154760986,0.0396318242204776
"46",-0.202649347131881,-0.169312926158521,-0.174571085123015,-0.169506222773181
