"","v_bh","v_daily","v_mon","v_con"
"4",0.00359978781639425,0.0391698248069852,0.035741118050415,0.0393103827516121
"41",-0.247266713797159,-0.234167061338127,-0.238378459832192,-0.233802303783602
"42",0.36838796448454,0.266015230199371,0.278564276816086,0.264864833846649
"43",-0.191850089324075,-0.196757508490162,-0.195423333049821,-0.196208726828363
"44",-0.191850089324075,-0.196752218356067,-0.195322926822392,-0.196247880657857
"45",-0.0126449848240853,-0.0222249755668891,-0.0217056356084466,-0.0224755195996948
"46",-0.00699063212936357,-0.0228945189402534,-0.0213050156763335,-0.0233817868756647
