"","v_bh","v_daily","v_mon","v_con"
"4",1.75754174861787,0.329932981923814,0.400937943360922,0.321017757395123
"41",1.55585904675513,0.273419279025566,0.337308172535212,0.275262035797109
"42",3.44281321283297,0.720185761008859,0.847872087057725,0.704174027791036
"43",4.15325515448105,0.890806153863335,0.984617708445846,0.891691141352772
"44",2.2745879324999,0.46765638594914,0.509178428956336,0.457815128841457
"45",4.19613399122718,1.05155193802919,1.20873657203326,1.04948498502804
"46",2.11521949563006,0.418713555588055,0.523014681955512,0.417705425482095
