"","v_bh","v_daily","v_mon","v_con"
"4",2.34382469511849,0.424060033149085,0.557973390289071,0.422003168951625
"41",5.89245890500015,1.17207508262012,1.45999504476183,1.17530311175941
"42",6.55436494644279,1.66011748028529,1.80969198226616,1.63834690970593
"43",4.24952297544246,0.96767447747801,1.16569896590234,0.958823826921891
"44",2.53086218193316,0.430222521077588,0.537064757402189,0.427222230587196
"45",3.61034256740922,0.834937166419488,0.983384856970674,0.844063498925908
"46",3.5928160208064,0.817675430476406,0.936320970919231,0.795995569054035
