"","v_bh","v_daily","v_mon","v_con"
"4",4.03815719031553,0.769430078026521,0.99188635692205,0.760244732058639
"41",6.1844507961175,1.74631245872517,2.07794482428481,1.71795530816
"42",1.67576808085869,0.217707123922082,0.329903722757904,0.226241535728352
"43",4.83761191117463,1.19733387396386,1.34754279444998,1.19103907937599
"44",4.19849435366553,0.849266311814462,1.11593574030078,0.86204135745108
"45",1.05049648853112,-0.0105785185227494,0.0494076635519147,-0.0193671360795729
"46",2.54900081491133,0.556997613889757,0.700741120604492,0.558075840729884
