"","v_bh","v_daily","v_mon","v_con"
"4",0.0804844476402851,-0.0905117524347263,-0.0837044188693787,-0.0899155024257623
"41",0.0209527762226092,-0.118052611535926,-0.116546663677859,-0.115611257458113
"42",0.138064471158063,-0.160560264141051,-0.128684826604265,-0.162118881940649
"43",0.665699025743409,0.24590389666332,0.260825843024165,0.243710995626495
"44",0.408859062502297,0.169882102435232,0.180216264765952,0.170056163188642
"45",0.294498075607317,0.00422498526529846,0.0243934866412827,0.00227603177063074
"46",0.223503023098222,0.0507057116154219,0.0511982668837589,0.0509371624447481
