"","v_bh","v_daily","v_mon","v_con"
"4",1.35464294296634,0.114327140835512,0.164260988111826,0.10680745518476
"41",1.28245015562166,0.126775060700116,0.16308123738551,0.125232756741495
"42",2.78884136571449,0.670565644017343,0.793750369893141,0.668739827887427
"43",3.15752688886038,0.650196081943979,0.854064542122893,0.637777976266553
"44",3.31817705339783,0.813450082536178,0.895766508579439,0.807179689267491
"45",1.43948032240246,0.0189355995204497,0.0721589294385683,0.0249639629751175
"46",2.53634722650528,0.550239540859569,0.662598074634703,0.538388733805419
