"","v_bh","v_daily","v_mon","v_con"
"4",1.04584971394614,-0.0378585827164586,-0.000876422659672915,-0.0407621926964499
"41",2.42454418242791,0.460351307127073,0.558337930068331,0.453837384845876
"42",1.75719974745738,0.252402231090064,0.36592438199912,0.243527385690681
"43",0.720611498024575,-0.13413909524357,-0.105287977987155,-0.146647816543114
"44",2.96223013156493,0.646892768534252,0.739511364485121,0.651916596156866
"45",2.49149105207315,0.524214172578644,0.580861395190391,0.5202830925529
"46",1.01750505593463,0.028738268106399,0.135061646339401,0.0219640889456545
