"","v_bh","v_daily","v_mon","v_con"
"4",2.35828905876355,0.710899867052851,0.821626956686647,0.708402926849095
"41",1.17086647989695,0.278875006932386,0.352576891112459,0.272287889036022
"42",3.04402372514231,0.912072299352646,1.00306199548735,0.897582723583706
"43",0.361738404208679,-0.157915147842888,-0.145861559406396,-0.159228738675649
"44",0.307405501529049,-0.209366286052611,-0.183296551667504,-0.215029216766114
"45",2.28228597241685,0.702765319985817,0.813197973579001,0.701045718653645
"46",0.369726440863848,-0.15018035573446,-0.15413726422696,-0.146684034997967
