"","v_bh","v_daily","v_mon","v_con"
"4",0.540272283818175,0.0543719455345739,0.114164585602988,0.0543362454204894
"41",0.238206060401423,-0.100486025219595,-0.0752806866977607,-0.101463579289992
"42",0.605704362396999,0.147049901393649,0.190715246342172,0.144518366655505
"43",0.401459298204052,0.0401853737061479,0.0646713473821618,0.0393055710889239
"44",0.223823499612091,-0.127710712809438,-0.107535484119427,-0.126471120337875
"45",-0.044405946961624,-0.214114900333917,-0.195814408085297,-0.215902150773328
"46",0.436969968772138,-0.0127823481671889,0.014249832591366,-0.0128603074586793
