"","v_bh","v_daily","v_mon","v_con"
"4",2.42934072144584,0.532662804431629,0.636807204594747,0.531181743288589
"41",5.9730742843561,1.44274697818231,1.67504763806516,1.41703086930792
"42",1.89748674905025,0.353173445592483,0.48883624977287,0.347108385625042
"43",1.45616011901195,0.169421174988083,0.195933222115235,0.166287355359545
"44",1.62066557353741,0.214642336159506,0.392532125081368,0.203460147217701
"45",4.34986751046393,0.925066064632027,1.13032123552595,0.904142721899625
"46",1.97272862010153,0.239994268212665,0.36097379347328,0.221016170505403
