"","v_bh","v_daily","v_mon","v_con"
"4",3.29310023654801,0.748560393682022,0.782593284283065,0.724737547779628
"41",1.40213470834503,-0.0824888940488306,-0.0656281766603257,-0.0811443906310227
"42",5.54948240603277,1.06001989184992,1.2607582199581,1.06044915841018
"43",3.64115292607848,0.917193989235631,1.00864509332337,0.909513916262098
"44",1.66713468857024,0.18585896031974,0.311791301235416,0.18655601582092
"45",1.85211397753761,0.317968433342064,0.442590073771429,0.322585063466238
"46",2.5782094848778,0.669139109564947,0.761051907679126,0.665775765828377
