"","v_bh","v_daily","v_mon","v_con"
"4",1.48138985168189,0.308843817664245,0.369746383006971,0.308505642288233
"41",1.25987303217095,0.228342981272873,0.284585855905584,0.226012519265948
"42",2.82333573993365,0.957903779745705,1.11889311395455,0.943190732380672
"43",1.990410535942,0.519055524448611,0.612334599535251,0.517826890700561
"44",1.0201747828947,0.115221403307608,0.152919316356892,0.109084531487898
"45",0.781653051946131,0.111023047802872,0.141470606629571,0.105724429176405
"46",0.643456607754703,0.0133073763272531,0.0390355807363245,0.00648399972203251
