"","v_bh","v_daily","v_mon","v_con"
"4",0.933375896552584,0.417064473016401,0.458352909410729,0.417589191209234
"41",0.400658200503871,0.142225679821199,0.164676089296383,0.13990082700853
"42",-0.343013118791937,-0.418755618190011,-0.419566738741404,-0.418617078666783
"43",0.185763587934981,-0.0143244625094194,0.0035333545357763,-0.0150307312290194
"44",0.183107754374664,-0.00513670598493876,0.00791281648911468,-0.00560903822372749
"45",1.22384060656449,0.601046977126301,0.646168848669087,0.601276410995069
"46",0.391276369442237,0.0792854202769591,0.101689520476219,0.0771455874270104
