"","v_bh","v_daily","v_mon","v_con"
"4",1.47409120768318,0.262383873079428,0.377132087924087,0.264520708052193
"41",0.887846429004356,-0.0657810948847404,-0.0120944835032941,-0.0675882676587736
"42",3.58126015333345,1.05847831581974,1.16872812977168,1.06722601033596
"43",0.797921720630085,-0.13579193837121,-0.0851945320457377,-0.13683319497588
"44",2.49611470150972,0.699673698523571,0.798995731181007,0.688375501478362
"45",1.05014805740772,0.0153991221929175,0.0699127093356244,0.00831584869638746
"46",2.98022311885865,0.541845915872036,0.683987572643414,0.544688164998155
