"","v_bh","v_daily","v_mon","v_con"
"4",0.32558338528453,-0.0324900472867586,-0.0227966313414076,-0.0330573006482879
"41",0.986651514610775,0.38810422968057,0.429489948323444,0.385790061795645
"42",0.150469432553963,-0.101677253108982,-0.099698260389864,-0.102633249186376
"43",0.255730363469874,-0.0606262244359046,-0.0454697952316034,-0.0601065610510321
"44",0.247973187772559,-0.0904570717139146,-0.0619947303404871,-0.09104409329453
"45",0.271234719670037,-0.034232282685807,-0.0196084734982813,-0.0365992004978852
"46",0.276996888532662,-0.0391668381786214,-0.0243272421818084,-0.0407935156393764
