"","v_bh","v_daily","v_mon","v_con"
"4",-0.240908727215234,-0.27604317807,-0.271587413809931,-0.275769234724074
"41",0.241454237877351,0.157443026673963,0.167085352968881,0.15645110466358
"42",-0.104153343259294,-0.0681430515435659,-0.0720494887157646,-0.0680696355788335
"43",-0.188201165065281,-0.192894426770565,-0.192777446041977,-0.192852083033777
"44",-0.188201165065281,-0.192852145585961,-0.192821303946249,-0.192885770457352
"45",0.107726111405265,0.0961631334470083,0.0959451636801982,0.0965693406091654
"46",0.137826353261637,0.0361832059212071,0.0437649841580057,0.0353891296401825
