"","v_bh","v_daily","v_mon","v_con"
"4",0.0272504855098328,-0.0829720188371228,-0.0804927333198386,-0.0834233302790155
"41",0.0190594669314708,0.0198451146555523,0.0216819456701511,0.0198330956932304
"42",-0.054857119920261,-0.0738132866607182,-0.0718191445083249,-0.0746789857798547
"43",0.185771028458926,0.037322236460104,0.0432681500030867,0.0361362149051581
"44",0.119067644508624,0.0208547372053194,0.0285688424918238,0.0192225309096798
"45",-0.0193374221479345,-0.0941870137664615,-0.0913245965355594,-0.0941995086715917
"46",-0.0461610125300966,-0.138257374767792,-0.134184522181936,-0.137265498240787
