"","v_bh","v_daily","v_mon","v_con"
"4",0.191889464387075,-0.00378973463591192,0.00558584661774075,-0.00494222475137462
"41",0.248244198046158,0.0544650928579116,0.0678460839661206,0.0529567008213641
"42",0.455859565391677,0.195252429186441,0.20816994587013,0.195482623368107
"43",0.0139363228069813,0.0697006098036939,0.0628535532478249,0.0716462252220942
"44",-0.0914687256895319,-0.241455564526861,-0.234196398545863,-0.24419018438285
"45",0.0846941372817445,-0.0326743023837155,-0.0374620473408966,-0.0339143704459786
"46",-0.116723597974317,-0.283892237106606,-0.269773883943403,-0.284319241556806
