"","v_bh","v_daily","v_mon","v_con"
"4",-0.0891298269478429,-0.151856340224677,-0.144934305900703,-0.151481344783854
"41",0.148821126408911,0.049343094485268,0.0514818854481018,0.0492882417497418
"42",0.493790246518434,0.309792718991404,0.329030004226412,0.309487925804855
"43",-0.0887205747991655,0.0266384116824505,0.0157064983423196,0.0269929865459346
"44",0.0283033934889598,0.00823494937607805,0.00379205839679875,0.00743906107484626
"45",-0.237771934717678,-0.22195581752633,-0.220516154405057,-0.221902241559565
"46",0.163043861277188,0.0759825065085007,0.0841663589867068,0.0755172499273451
