"","v_bh","v_daily","v_mon","v_con"
"4",9.26384285658325,2.0810620888973,2.40021962174533,2.03114808735125
"41",4.14091994797393,0.871364076400503,1.15691747287711,0.850632389458792
"42",6.95349949962046,1.3664531779643,1.7605161873139,1.3867695989086
"43",3.53482972103233,0.768321332400329,0.9972646862235,0.758869582728401
"44",12.7037570236188,3.47827523795983,4.13566829817185,3.4570379312578
"45",3.0099157255301,0.52425698546011,0.652729655973171,0.512021549316514
"46",3.3697814180907,0.553772592543889,0.613689938704129,0.543381924072098
