"","v_bh","v_daily","v_mon","v_con"
"4",0.174799742562387,-0.302587518204896,-0.277005955721404,-0.304103767531728
"41",0.889844863274309,0.113353510840845,0.149039970994189,0.116369793164083
"42",1.48074187756497,0.35773763569993,0.397354657327651,0.35039408934246
"43",0.557840600778293,-0.0296996789844211,-0.0070005603861456,-0.0266281078620638
"44",4.10332289661071,1.05836417008031,1.20779967898739,1.04893057001356
"45",1.08548201947318,0.257303622254993,0.333657821227189,0.257496598246011
"46",0.960224341622613,0.108624281304039,0.166994919143112,0.110127526655185
