"","v_bh","v_daily","v_mon","v_con"
"4",0.442496954810399,0.0202230362243907,0.0333223956525508,0.0189704900848668
"41",0.188542597929199,-0.0415660787718708,-0.0245045771106143,-0.0423129897371175
"42",0.574365647744976,0.136583859162604,0.15929742666411,0.137360409567566
"43",0.213538299135307,-0.0809981093801282,-0.0622668378831297,-0.0807890521295174
"44",1.25532376284334,0.455161163822094,0.503639202629487,0.457099739345848
"45",0.543629841267397,0.180186338362914,0.193016187297935,0.180935953232555
"46",1.47255652705348,0.493484798980464,0.555749438145015,0.495593099212859
