"","v_bh","v_daily","v_mon","v_con"
"4",1.38619428229237,0.278886638001032,0.320251134621405,0.279542141273726
"41",1.36504392095345,0.413944612448011,0.505261633393359,0.410151565257715
"42",0.315459459736501,-0.1517964365973,-0.1247041040326,-0.151315679713004
"43",2.15124018375012,0.641683990504121,0.750042096959223,0.638350389705844
"44",0.906543591500067,0.163524548274718,0.209651513462617,0.157887190245888
"45",1.04890174069336,0.327316612665022,0.372597937489194,0.322150981003455
"46",0.976472193988015,0.257380504257263,0.284083871519348,0.257550970971378
