"","v_bh","v_daily","v_mon","v_con"
"4",0.191284353301886,0.0499763322443991,0.0533780884555735,0.0500618996415318
"41",0.29094713591831,0.0375209384026762,0.0466541968992811,0.0371096663368662
"42",-0.0822807249495128,-0.267899596974177,-0.263071725036814,-0.269938312576664
"43",0.388358709127707,0.0662315218148932,0.0795107216200139,0.067075196143946
"44",0.681110006925331,0.297845554232167,0.314055152931092,0.298180354367907
"45",0.30135607316976,0.0393484973380436,0.0495092995900022,0.0415627831858592
"46",1.20306239717496,0.5522863844952,0.577926373236239,0.554657821055454
