"","v_bh","v_daily","v_mon","v_con"
"4",3.82739655892213,0.752612667273996,0.909686830173459,0.730108730718386
"41",2.72110144588173,0.425652679025554,0.701181638396358,0.428720012542382
"42",1.90628924443191,0.24392864133038,0.358534929955477,0.255496926309771
"43",2.0576096112814,0.222014274836336,0.306425277910519,0.210852828799789
"44",5.63089724652154,1.18870522915863,1.42730841410686,1.17136033502057
"45",3.63320191850481,0.737350237938747,0.813058065178471,0.731547670748651
"46",5.33537182637088,1.48463578017211,1.72384947266397,1.46827683027969
