"","v_bh","v_daily","v_mon","v_con"
"4",0.504880168878119,0.105970224494399,0.147262174985994,0.106787088168101
"41",0.256904714814414,-0.0265188030110193,-0.0166800725806122,-0.0275568837005857
"42",0.0963544552930755,-0.278728475891627,-0.2634652527913,-0.27718642495401
"43",-0.0780828298750977,-0.30958643544156,-0.290271924971913,-0.309744425066015
"44",0.0999614656758943,0.00990448891934337,0.00283899742630522,0.0107216327177868
"45",0.244986997643024,-0.156549661070078,-0.120822212428551,-0.158794583826869
"46",0.192061075654922,-0.111693376252598,-0.0973278804466977,-0.110682225112133
