"","v_bh","v_daily","v_mon","v_con"
"4",-0.0552456383799549,-0.290734873812982,-0.276108479755533,-0.293388512502969
"41",0.61543023475256,0.17131465489336,0.204417907145101,0.171407166578731
"42",0.354921189900409,-0.0193076629167228,-0.00423300142033423,-0.0196968682419461
"43",0.665963806388566,0.259124199187249,0.275503353637123,0.257630533535942
"44",0.889330050857177,0.238571985684333,0.277784459197066,0.237959139316824
"45",0.427200450093082,0.0939525876526934,0.101280475124463,0.0933409187050174
"46",0.581366214796594,0.0282364493654064,0.0646779797843839,0.0243789749641556
