"","v_bh","v_daily","v_mon","v_con"
"4",17.7834511031762,2.79107923504522,3.30377047488271,2.78137021462156
"41",3.04440216655702,0.567833817940345,0.663981167419519,0.566291577669558
"42",9.59058206817158,1.97935478161155,2.36191233933069,2.00853505099346
"43",1.80615559286427,0.251713474310585,0.316077497869524,0.237972034074933
"44",4.05487706818953,0.768140749058387,0.917437593941796,0.75871726849152
"45",7.7000764252314,1.88588923717738,2.05514081520425,1.90903696134612
"46",3.48504597869825,0.925029601655687,1.07785258958962,0.918839241482395
