"","v_bh","v_daily","v_mon","v_con"
"4",2.89618504288245,0.638643596719001,0.775453237775871,0.631411619303889
"41",3.62150613103294,0.864762888938092,1.00209986574398,0.866857375778924
"42",2.15351375228385,0.542838327509975,0.625764297168478,0.543564873838491
"43",2.18054458106076,0.342764837500491,0.457935491070602,0.349055373195037
"44",3.19494205656045,0.580888643389474,0.715963340093754,0.571918515732214
"45",2.11391984821618,0.554529737651595,0.684382995281759,0.55340983481675
"46",1.92563661387404,0.388528239576941,0.500107359699217,0.385990204709809
