"","v_bh","v_daily","v_mon","v_con"
"4",2.14265045218949,0.665477437231138,0.798736753588726,0.673224842770864
"41",1.67195138894872,0.470258284024473,0.545774712859054,0.469850790240062
"42",3.13408250729305,1.12049457090368,1.16067364012204,1.11213055631913
"43",1.55952666967336,0.392450781424258,0.466413281212334,0.387802765596748
"44",1.09343165480544,0.158307604447145,0.19394332114858,0.161886777907957
"45",2.76981617218714,0.829235764608043,0.969528111168456,0.821998321218537
"46",1.93167041272256,0.520919067634601,0.602239623846178,0.522209673919192
