"","v_bh","v_daily","v_mon","v_con"
"4",3.37991870930216,0.726378952797407,0.774700666712659,0.71733211147306
"41",1.00272406157801,-0.033268748673088,-0.0276928348240153,-0.0346870951760678
"42",1.77844883002144,0.26877354460512,0.348797019566243,0.256386665714358
"43",3.20524520807009,0.94922760268499,1.04624818654184,0.940453187452896
"44",6.4965204028582,1.39876869036869,1.64492129460295,1.39084865468506
"45",1.72070931041109,0.10128487360704,0.167904684968306,0.0963892421874428
"46",1.11374316187498,0.102336612638442,0.14053829188157,0.0988739469843698
