"","v_bh","v_daily","v_mon","v_con"
"4",1.82055137652389,0.0393112304899712,0.141175081152989,0.0474705806459856
"41",3.48852071018785,0.83050806515533,0.971365141130437,0.807500898508251
"42",3.71702689282699,0.729602663068868,0.948083556588046,0.719033859545382
"43",16.5107641999586,2.78559702697247,3.51705070090711,2.74516908812085
"44",10.6183818543376,2.04103200026345,2.47822400779836,2.01232485269617
"45",20.6002378963958,2.84340809854344,4.04818997752508,2.83208670743818
"46",2.64844699012682,0.434331942363789,0.701770731524845,0.427379043641952
