"","v_bh","v_daily","v_mon","v_con"
"4",1.71030605695729,0.208661344974623,0.366063125892247,0.213694284974779
"41",3.19488481094497,0.751559306441903,0.877376526678824,0.721386444644303
"42",4.26944821107502,0.873750520090622,1.09594869883441,0.874030843431935
"43",1.73311087132174,0.0986910076244842,0.207241350150019,0.0821353520439212
"44",9.00719872086215,2.34823076881132,2.98160104700514,2.32265719113191
"45",6.45615648256539,1.53266548103794,2.0714555447983,1.53180093479966
"46",4.02652637592631,0.844309467213341,1.05989489052745,0.845623206335787
