"","v_bh","v_daily","v_mon","v_con"
"4",4.80781589296251,0.949089525655185,1.23755061318592,0.915814415989483
"41",6.22047199811813,1.50337069001704,1.77373595753548,1.49926736290332
"42",1.32059605868793,0.0112847347650722,0.0919775720631311,0.0134081049664703
"43",3.29150678265668,0.661913676941118,0.74214002573909,0.645958684122915
"44",5.27811044223147,1.27238351427305,1.48432801405601,1.28929901045595
"45",3.34974338377927,0.663893536208628,0.806506475165632,0.650780567129206
"46",3.04317605403567,0.563906138419016,0.690974023878731,0.543111891992389
