"","v_bh","v_daily","v_mon","v_con"
"4",1.8741149041512,0.331391229201978,0.424718826832481,0.331341894505988
"41",2.62377961709399,0.619538379816164,0.776794993483084,0.617821414420095
"42",0.830633211459785,-0.0373566197231407,0.0228202250941765,-0.0434372427060215
"43",1.62392678802208,0.184863366908042,0.292501844721115,0.177103040169103
"44",2.83438112660326,0.498041351759071,0.596058997798935,0.492855392884889
"45",1.54273556916413,0.244949953370013,0.286724192054882,0.245184008694781
"46",3.55902619007497,0.877054994942564,1.06045013321601,0.86513114117037
