"","v_bh","v_daily","v_mon","v_con"
"4",5.02165528528464,1.32063344435267,1.52293773629829,1.32562280030314
"41",5.67844663018424,1.78156566032342,2.21593801830922,1.7790969599269
"42",9.62840620288611,1.75451984010122,2.15913543153139,1.72220104674151
"43",4.09854375381427,0.715951648522044,0.812464834832423,0.688416962852616
"44",4.10045127719511,0.763610245274417,0.88765443052515,0.755937925378377
"45",2.74367177447094,0.501852166729696,0.591068407275577,0.498128651488358
"46",4.33018116796914,1.04095281149976,1.13090733515179,1.04664430165569
