"","v_bh","v_daily","v_mon","v_con"
"4",-0.0539651007780733,-0.474676602172543,-0.4499982809791,-0.472616894032308
"41",0.696232528434467,-0.0968617970395202,-0.0402076220773302,-0.100300578053741
"42",1.31263568382729,0.119233770420485,0.187359871716105,0.111526680202786
"43",0.804418762929029,-0.049539413043588,0.0330244098077177,-0.0565179897098931
"44",2.50081579794891,0.538485610644522,0.638820435696059,0.541457198880924
"45",1.52431792982255,0.10190207033872,0.167533254005356,0.0999736340463326
"46",0.971669568854876,0.0337892119677976,0.0951769417998349,0.0293324071929675
