"","v_bh","v_daily","v_mon","v_con"
"4",1.12381568912247,0.215484542192708,0.267402293918988,0.20528989730428
"41",0.270367515959818,-0.183312946917832,-0.151317065136942,-0.18308590463141
"42",0.498072398395159,-0.130918887820144,-0.113834271259834,-0.13568481236544
"43",0.435856661046954,0.0222512243409949,0.032160941729761,0.0230530481539977
"44",0.454855638053582,-0.105933192261664,-0.086948536584313,-0.10976344176674
"45",0.866970595713606,0.134029890617692,0.15714797595704,0.132465420607809
"46",1.04617062595793,0.234804997035115,0.288903555147929,0.235034870268389
