"","v_bh","v_daily","v_mon","v_con"
"4",0.520487076447638,0.143120223728606,0.1581007363436,0.141397858194029
"41",-0.105838904087602,-0.207838041406663,-0.201684409186402,-0.207371435630581
"42",0.268611354921983,-0.0346319052689985,-0.0184183653841909,-0.0357987583879447
"43",-0.0818012805191262,-0.243570997038697,-0.237765683071489,-0.242788508010579
"44",0.314064481667196,0.0434642235271081,0.0501216505831645,0.0404268186611483
"45",1.29945287090847,0.615466813632136,0.655915730913197,0.614334584419071
"46",0.0279516629758505,-0.0913931668511183,-0.0825789055752537,-0.0922175321100802
