"","v_bh","v_daily","v_mon","v_con"
"4",9.14962566710229,2.12118266745736,2.7353090517541,2.11651187463235
"41",2.64597017782686,0.49258448013335,0.68807603517486,0.485311841504363
"42",19.7618560056398,3.30652643728261,4.27308045705637,3.25238383501343
"43",3.8102243176114,0.868418479985855,1.03694001718726,0.850044597452749
"44",2.37272916390676,0.383735579375677,0.504977898520813,0.380723538452749
"45",4.12548675891484,0.86304433420459,1.10874204862027,0.824774218353218
"46",1.77939867494723,0.258088304174832,0.319842973706426,0.24650620078111
