"","v_bh","v_daily","v_mon","v_con"
"4",-0.135216198370937,-0.158126594500832,-0.15482728044051,-0.15844200215936
"41",-0.0901140646654639,-0.121642785953032,-0.121742257594874,-0.1211172315327
"42",0.055264781292566,0.0181952238080401,0.0175281077151204,0.01794312478994
"43",0.112877264062561,0.0512041752087562,0.0554176863135054,0.0512443146378012
"44",0.112877264062561,0.0512401164523926,0.0554007001861718,0.0512199622506864
"45",0.357760977704615,0.350818627719205,0.345351201157778,0.350773601068881
"46",0.424692764875033,0.385398954031195,0.385175143783163,0.384943002776246
