"","v_bh","v_daily","v_mon","v_con"
"4",4.27490625724775,0.846882868216368,1.07485504420398,0.828319041996129
"41",3.096633810489,0.564690189456234,0.743965162675007,0.567993545873939
"42",16.5533649281816,3.86311909057097,4.51266665934269,3.88476086880507
"43",4.21739811066301,0.890510205181356,1.11783851029498,0.864906912626555
"44",31.3768321510021,4.44880069945315,5.79852770182125,4.36665701525013
"45",1.56395809894759,0.0402276488235964,0.228041904000237,0.0301368627966023
"46",9.67416474727526,1.86661100554403,2.1869473511146,1.83461196654229
