"","v_bh","v_daily","v_mon","v_con"
"4",2.20376302743381,0.814631297004655,0.896703429264076,0.812100877549217
"41",1.7569935589069,0.623616971106749,0.72141971422867,0.620520704246724
"42",4.41809624615899,1.31352933392407,1.53552629226492,1.30400259279578
"43",1.66306211494491,0.394951243638947,0.472832849090255,0.391758966719336
"44",0.345100341512665,-0.169544880592402,-0.134278271215175,-0.171114522943683
"45",1.57681945547449,0.435976698699847,0.495198507619278,0.43075231330671
"46",0.404388389857696,-0.163686310309766,-0.136664896368524,-0.159927348560713
