"","v_bh","v_daily","v_mon","v_con"
"4",2.80153169675932,0.901032789035205,1.0572527808542,0.890069550345381
"41",1.15133223518302,0.2154662584041,0.287742913600863,0.207703590877447
"42",1.32984709048148,0.295542712667747,0.349571024771454,0.301661312705215
"43",0.856459226297438,0.0496339945338415,0.114800880827329,0.0476149016951615
"44",1.10692628357057,0.134609447626676,0.175765002590375,0.125972016824098
"45",0.630033665621438,0.00551946818257676,0.0482900881550963,0.00461077463201054
"46",0.394936497576153,-0.0262354337183313,-0.0140723900138107,-0.0241481521573266
