"","v_bh","v_daily","v_mon","v_con"
"4",0.926108025641545,0.335028880126929,0.381346947762214,0.329903076082005
"41",-0.443555689584195,-0.387151245368555,-0.394428282824215,-0.388593107732421
"42",0.0592691725840595,-0.202132268793972,-0.179691387136793,-0.201742495076146
"43",-0.108099098563454,-0.227959891454293,-0.228292561711618,-0.228590310050185
"44",0.340337281937942,0.000811470817513982,0.0166510159442113,0.00270807249039118
"45",0.313585543925968,0.0429523632821396,0.0416057870396411,0.0394384271799137
"46",0.172727289135604,-0.130344216611591,-0.118288373459167,-0.131123883271394
