"","v_bh","v_daily","v_mon","v_con"
"4",3.77320447167232,0.852192419662614,0.984119038879517,0.825243265902922
"41",2.28134025324982,0.444695466677713,0.553584606736353,0.452565958085314
"42",5.22171666208439,1.11022715606964,1.38627869669574,1.09799898606288
"43",1.93565558935639,0.26458798759197,0.401199624502602,0.258237810101316
"44",2.94865021415031,0.624817417898402,0.763980312567661,0.626572768397185
"45",3.11807411029232,0.647501972250192,0.750321063189371,0.641570866990028
"46",5.91774664502267,1.28540297187541,1.39910000732155,1.26895522493756
