"","v_bh","v_daily","v_mon","v_con"
"4",0.685780215365085,-0.00511025521785502,0.0279558714076398,-0.0103933204957913
"41",0.548009544514684,0.0665938882166865,0.0777619855144493,0.0651130262477833
"42",0.991434560230818,0.227335051674103,0.269152710813074,0.225270652773022
"43",3.31896277894684,1.20398300569721,1.29964363142639,1.19362679303788
"44",0.287979027739067,-0.15142189301364,-0.133918324381265,-0.150346413869266
"45",1.64463631955365,0.566935513961525,0.596934133192639,0.56200221420913
"46",1.23675718147326,0.402752652195772,0.440191417143117,0.394488301561826
