"","v_bh","v_daily","v_mon","v_con"
"4",0.397247509818264,0.332619175148483,0.339227172237371,0.332281301542157
"41",-0.184617875745842,-0.26277005795235,-0.256044688432828,-0.26313700449797
"42",0.22216326559709,0.25261204049649,0.246618176455507,0.2526149008137
"43",0.119067644508621,0.0208037962292749,0.0287819744986391,0.019212264729485
"44",-0.356459374385652,-0.394100959686575,-0.394828738375072,-0.394171437275439
"45",-0.373810650359969,-0.381168313726028,-0.383812823481298,-0.381482110006504
"46",0.0674429184464937,0.0238101681842511,0.0320742929696682,0.022324758726608
