"","v_bh","v_daily","v_mon","v_con"
"4",1.86376489861141,0.288871443542329,0.398335624215064,0.290405134237643
"41",2.04306130942656,0.473059526332376,0.589519168743136,0.463188576477275
"42",1.98678837497653,0.427663532996973,0.491087817654544,0.424446822252079
"43",3.19479392100776,0.654835265661794,0.884508250471193,0.65691974338946
"44",2.19726666309135,0.300168771754232,0.414526465325802,0.303708157564286
"45",2.78813669624194,0.624012149839517,0.74078875421749,0.619568690889105
"46",9.97884829454403,1.80593393648195,2.04435357113898,1.78202137374282
