"","v_bh","v_daily","v_mon","v_con"
"4",1.40398035242305,0.267751405462811,0.328186669916507,0.268231985272851
"41",3.36340551085168,1.04162397076724,1.13760356951974,1.03810620062092
"42",1.07412409151967,0.191198106426701,0.21425086997128,0.184600440601036
"43",2.04460108600359,0.718603893626536,0.776588862923981,0.720113468567022
"44",1.49454833738618,0.399644344284988,0.465054685606786,0.385998195270324
"45",1.63752377650264,0.415359293293182,0.456398991113207,0.414330021610767
"46",1.75664534515476,0.551728411771662,0.598565605071853,0.552142779873401
