"","v_bh","v_daily","v_mon","v_con"
"4",0.367832110437787,0.0153450124119159,0.0289896358611905,0.0103398604358862
"41",0.222165636349381,-0.062032734302234,-0.0446648724838212,-0.0610958190395547
"42",0.0652950654932916,-0.238417641266531,-0.202229255691523,-0.239089588332865
"43",0.195880573281977,-0.0273071662609765,-0.0131012874579683,-0.0277708974707767
"44",0.707171390745838,0.16906368479479,0.195500989684709,0.168197816968236
"45",1.46396798534086,0.543621078915067,0.573903238603792,0.547340439844707
"46",0.247910540771614,-0.0781744443881132,-0.0709312445862165,-0.0786673486869267
