"","v_bh","v_daily","v_mon","v_con"
"4",0.049760599654987,-0.0082211551753355,-0.00585815220500274,-0.00836233173727186
"41",0.0640486484489138,0.0214316144751847,0.0330920217214454,0.0215817320018923
"42",0.198616508828061,0.0737823566975417,0.072386117621889,0.0744197513009102
"43",0.145883331088539,0.0603226429099495,0.0573788364943755,0.0608222721252809
"44",0.145883331088539,0.0603088374967293,0.0573426067417753,0.0607663782888292
"45",0.143614417760852,0.0794986995994331,0.0871570098567291,0.0789488474796891
"46",0.124657469704645,0.0465926940552834,0.0500789977435394,0.0484611601508074
