"","v_bh","v_daily","v_mon","v_con"
"4",0.284321845503084,-0.239225901673529,-0.209802789011259,-0.24310155719506
"41",0.945044405475736,0.136462824710438,0.173960158291443,0.13963329699707
"42",0.859595718391399,0.0974295431182322,0.147244157725829,0.0933001046149502
"43",2.56288004389943,0.79715706245123,0.931694913682652,0.799071274513846
"44",1.39665616017163,0.36197282390474,0.43362057476128,0.356880198011964
"45",0.481480476631444,-0.0824323839775984,-0.0449011201685585,-0.0873047700390042
"46",2.48466454752899,0.832470243787575,0.910101465075643,0.824945843184035
