"","v_bh","v_daily","v_mon","v_con"
"4",0.217660693551032,-0.124399897049608,-0.112838024143779,-0.123921045017385
"41",1.59479044533531,0.584132500847075,0.64506397986186,0.581943319675958
"42",1.46624614401408,0.592348680684957,0.643547824249345,0.594052327602687
"43",0.412533496645491,-0.0194428282913517,0.0124753920897893,-0.0166870106191763
"44",0.70379152077596,0.141644511077332,0.180352753791133,0.138974123415697
"45",0.668887476091496,0.120516918303465,0.157768263204884,0.119931442930698
"46",0.326506250774979,0.0255653074341278,0.0504402204300689,0.0252227501080617
