"","v_bh","v_daily","v_mon","v_con"
"4",3.66533338679633,0.759004023274492,0.861604171048368,0.753406352751898
"41",1.66988076493086,0.369880990598333,0.420860887357828,0.362182677027365
"42",0.613042055236026,-0.108792402758704,-0.0871832575939817,-0.114368343540713
"43",5.00286460690647,1.22211638032107,1.38307915948436,1.20331598649804
"44",2.75398211234963,0.524663477872985,0.600474819922244,0.531277698364054
"45",2.68396489257448,0.692913803568234,0.775142710701299,0.688424860464666
"46",2.69714813567007,0.684682864858703,0.69450446185739,0.682945646905459
