"","v_bh","v_daily","v_mon","v_con"
"4",0.840286249583674,-0.0660982678896365,-0.0224141590341533,-0.0646544144075061
"41",4.1353142850458,1.20610873468303,1.39572445899933,1.19411075569028
"42",1.23981404012607,0.0317333921872338,0.138692645880728,0.0193264725960334
"43",2.70060750545293,0.549478864492612,0.659796154066734,0.535839353005098
"44",1.70831464026495,0.346012978377616,0.427683389716572,0.348618932073605
"45",0.657153308730014,-0.189563757868482,-0.145121007542606,-0.194041614111652
"46",9.43209825558847,2.13147997265188,2.35732029760548,2.0928033658987
