"","v_bh","v_daily","v_mon","v_con"
"4",1.25581707596644,0.33193284405319,0.390265000773688,0.326056794168699
"41",0.650677804616083,0.00775891682902197,0.0335626027299787,0.00703572189807922
"42",0.648224135023155,0.0397063923123318,0.0804974456999501,0.034835201329908
"43",0.889756441259689,0.182648923591003,0.217608064179814,0.183978486984313
"44",8.95120968733347,2.92085676609024,3.27089051793334,2.87778237517844
"45",1.2750360800795,0.344712132734665,0.403214872592176,0.342125968197
"46",0.993213554117419,0.164041646540793,0.21914282288455,0.164186605600926
