"","v_bh","v_daily","v_mon","v_con"
"4",0.560587617575277,-0.034197417927007,0.0197589913961802,-0.0347470501549476
"41",1.53950762035092,0.453074783316077,0.543973863874177,0.448718442652206
"42",0.269776523570865,-0.230665061523484,-0.199790554424065,-0.228826166697453
"43",1.02683941528759,0.294417437238143,0.334099813542439,0.296880050102722
"44",1.35059770347444,0.467206518016064,0.5092415390064,0.463135207912093
"45",0.0138892748716168,-0.183761711901472,-0.172266433323896,-0.182734277398658
"46",0.891018189467039,0.204457133787223,0.212284199891208,0.200994716383462
