"","v_bh","v_daily","v_mon","v_con"
"4",0.00646591736048396,-0.0282556209423936,-0.0212333167299561,-0.0289206814474459
"41",0.148442290408013,0.146091125786488,0.142253667727816,0.14616338530729
"42",-0.204980580397461,-0.217276533670248,-0.216191556305225,-0.217655589546358
"43",0.481734822809213,0.349761110710128,0.357611822838078,0.348820376297345
"44",0.481734822809213,0.349848736228817,0.357546481225334,0.348801599638573
"45",-0.197980213041414,-0.235918019924119,-0.231315796199287,-0.23593581952988
"46",0.23657831562758,0.29178317589481,0.287009711635793,0.292158128012537
