"","v_bh","v_daily","v_mon","v_con"
"4",0.199832721194833,0.124515773307837,0.130446861669104,0.124714916568155
"41",0.347432617596588,0.345517278741287,0.34160427066999,0.345799590492426
"42",0.471618786804938,0.480376402017557,0.477081683693308,0.479980875404024
"43",0.084386907313466,-0.0247415805679556,-0.0175978900309905,-0.0259334361884913
"44",0.084386907313466,-0.0247094317924463,-0.0175470456281488,-0.02589866821668
"45",-0.206309251987578,-0.243199998267309,-0.237798082148022,-0.243609309650723
"46",0.0237436240572797,0.0357330447579858,0.031193567048994,0.0356707306576087
