"","v_bh","v_daily","v_mon","v_con"
"4",0.0201902370465334,0.0130670808898725,0.0150901292987493,0.0138565997743108
"41",0.058832834700016,0.0314121672287251,0.0295649072110575,0.0310886212484709
"42",0.312825855697604,0.288424335190559,0.290302278131981,0.288722657476138
"43",-0.260016503877956,-0.268740517723171,-0.267884607320201,-0.268752219805255
"44",-0.260016503877956,-0.268744139197895,-0.267881015124406,-0.268766067626892
"45",-0.096754295398966,-0.129738491534336,-0.127624504512108,-0.130088813544641
"46",-0.0638268484555393,-0.0722803595617227,-0.0743566544463756,-0.0722776975537061
