"","v_bh","v_daily","v_mon","v_con"
"4",2.35661808518494,0.448604850195844,0.529121880268852,0.448118143863464
"41",5.59533062808268,1.19276912069374,1.46515910307711,1.1875544733041
"42",1.76672555844879,0.0954534097077295,0.189390694041259,0.0911446417033619
"43",3.12990350656759,0.59833781187526,0.725619505099314,0.590314244636561
"44",3.0372005195474,0.506171595502914,0.614188792023017,0.478383571471476
"45",2.97111210760113,0.719661643534434,0.905103157487586,0.717535327658452
"46",6.01813876863742,1.75744917454606,2.1103077291472,1.74972081127988
