"","v_bh","v_daily","v_mon","v_con"
"4",2.8531201177591,0.731212959012798,0.958726755635309,0.724040857282071
"41",2.62337767325642,0.547649419406927,0.66959068133297,0.540008882258026
"42",1.8421114438704,0.165081510808144,0.247445480956799,0.166067221953835
"43",4.19356257822247,1.04936497698816,1.263958052671,1.06040346931166
"44",5.04121069862756,1.10296493743963,1.37158256403685,1.089801396937
"45",4.11100234267747,1.22473392980743,1.39740539985704,1.2229664852672
"46",3.36906421467364,0.456715743195359,0.640006631767819,0.456395181512247
