"","v_bh","v_daily","v_mon","v_con"
"4",2.69107411801899,0.828531812770382,0.906164299365315,0.832356024529683
"41",0.936590350106329,0.0439905774358449,0.104615799357939,0.0400002571444764
"42",0.835678465639696,0.277137670649877,0.316400955223334,0.277018491329661
"43",0.731809245807756,0.0337005638428969,0.0586835471874707,0.0328177167997303
"44",0.219390521934171,-0.115469411467561,-0.112756429065458,-0.114880947923948
"45",3.89831062814419,1.51204809924636,1.61364592251675,1.51530032099162
"46",0.625002500264414,-0.00408262383218805,0.0231068787472832,-0.00230844874566083
