"","v_bh","v_daily","v_mon","v_con"
"4",3.49618978022711,0.748986982243845,0.948962609412021,0.743517018592326
"41",2.23693030762051,0.340268886365325,0.394348173193873,0.341222696014321
"42",3.13188301782981,0.701851286456613,0.893579085992552,0.691673478388667
"43",61.8647167256918,9.28701268085438,10.9833863663512,8.97890477651358
"44",1.67593718137358,0.217505426915973,0.250619476036051,0.209116932026813
"45",4.74460017660894,1.00259072075105,1.18126693670105,1.00011587835029
"46",6.19175271475285,1.42221903607335,1.73246052154409,1.38803412471461
