"","v_bh","v_daily","v_mon","v_con"
"4",6.73574675003515,1.71274509001045,1.97587752451029,1.70632772482904
"41",4.55987542242781,1.27137640406812,1.4315365714257,1.269991480105
"42",1.62801892401518,0.209817203515798,0.374188226712888,0.206280802061606
"43",1.74236608645393,0.227606714777371,0.325808804246152,0.226520676320191
"44",0.794972194435561,-0.089359382059123,-0.0465727556017925,-0.0913198322933146
"45",1.80664116818931,0.369975497421414,0.44834368682977,0.365455845248086
"46",2.12949462796234,0.489404867867163,0.549269234839123,0.488975759104814
