"","v_bh","v_daily","v_mon","v_con"
"4",2.46925259393897,0.68015808724663,0.892859914403982,0.670443864395939
"41",1.75323959947539,0.446966382101001,0.555837126777562,0.446182174823177
"42",1.22997430749325,0.237894171281557,0.28679743067513,0.237237805466672
"43",2.03272562524382,0.709584327481014,0.809726123721766,0.697762993204658
"44",1.30030227603107,0.409160241624461,0.516444128557221,0.401432797061084
"45",4.15306915693185,1.42671187998336,1.60933408831214,1.41441240514019
"46",0.936158798063659,0.162517392165804,0.210364029821844,0.159142952164162
