"","v_bh","v_daily","v_mon","v_con"
"4",0.0245950035161391,0.0188319014051621,0.019310179560212,0.0191444800692175
"41",-0.129104171173518,-0.153185753577854,-0.150702395159445,-0.152978388176842
"42",0.11633937847362,0.0678639645293222,0.0688910834319598,0.0678312575735296
"43",0.176249444777635,0.113217591775633,0.121181831894774,0.112698094982032
"44",0.176249444777635,0.113198149303808,0.121184722702793,0.112704874495066
"45",0.0273613907043466,0.00175621242442991,0.00208608694736245,0.00155814362733553
"46",0.156707240443433,0.127350599368324,0.132635747155356,0.12745419158834
