"","v_bh","v_daily","v_mon","v_con"
"4",-0.223135448195392,-0.281026831869744,-0.277601277975404,-0.281472532544345
"41",0.117409320751018,0.155176393478705,0.153352922683609,0.155035512334409
"42",-0.126202333599556,-0.15332884593208,-0.151880439221654,-0.153070068614187
"43",-0.098207325580713,-0.125614053344193,-0.121372092654812,-0.1252661770542
"44",-0.098207325580713,-0.125578828790981,-0.121375083012123,-0.125225743853742
"45",0.077790003024738,0.0686759928539913,0.0700841826869101,0.0691688082258137
"46",-0.443579503472643,-0.43661956408039,-0.435428296813479,-0.436536627921098
