"","v_bh","v_daily","v_mon","v_con"
"4",0.220097708721891,0.237176152004473,0.232403936159491,0.237102452300019
"41",-0.381483584862599,-0.421335535372541,-0.420549094094584,-0.421424292013867
"42",0.151158066777702,0.0756949842490058,0.0818731715706824,0.07567570965693
"43",0.037681115704058,0.0257079098112678,0.0251612545617612,0.0259106133320435
"44",0.037681115704058,0.0257213214702579,0.0252027456218409,0.0258565269503892
"45",0.310274134531156,0.249951362412802,0.256652840589898,0.249822851548834
"46",0.391510958564034,0.42642643665272,0.422317791058537,0.426619012701134
