"","v_bh","v_daily","v_mon","v_con"
"4",0.859837884182129,0.10624205456323,0.138061506121808,0.105355562478594
"41",0.480531615704859,-0.126147473252918,-0.0859783331024109,-0.120896951748764
"42",0.697211915343336,0.0163221375061156,0.0732328743490096,0.0130966483148729
"43",1.50438115374372,0.394725884925155,0.458994954100948,0.392863408690522
"44",0.00873141530578891,-0.276756916050817,-0.252787332637253,-0.279800338253264
"45",4.81921959802091,1.37987782549062,1.58234895540194,1.36943915921457
"46",0.465513233134513,-0.0905037790003154,-0.056632307555383,-0.0894456765138165
