"","v_bh","v_daily","v_mon","v_con"
"4",8.37006261126613,1.39874385981034,1.80943184130668,1.3755709077233
"41",4.72500068040396,0.841596525118255,1.01097103194056,0.834424519272357
"42",3.78618728361789,0.873712292257446,1.04401785389147,0.87921511105293
"43",1.74699658061947,0.130901041121259,0.234085251165522,0.127204746243479
"44",9.64381324933322,1.74196068061127,2.06706875794909,1.66484624494768
"45",4.0955173283169,0.6623188118197,0.760946656217549,0.656679442282991
"46",5.64398403638043,1.23024268830348,1.36197286548891,1.20889490017082
