"","v_bh","v_daily","v_mon","v_con"
"4",0.551985436784779,0.358127436804315,0.382000645759602,0.356529139805564
"41",0.208689358311162,-0.0182826593667671,0.0100535210238126,-0.0180695137613358
"42",1.3409348219693,0.490252815387858,0.539210423660456,0.486682307174339
"43",0.414874834623733,0.231515749699149,0.245198862394448,0.230725589409716
"44",0.413251910490361,0.215949718705588,0.224951856572646,0.215130141716167
"45",0.830874364330847,0.438142940382332,0.462420396226542,0.434251264545614
"46",0.24331026049542,-0.0528636629484556,-0.0311233399418138,-0.0551307448707283
