"","v_bh","v_daily","v_mon","v_con"
"4",4.5062686558741,1.60619884675257,1.78606353468093,1.59140144454263
"41",2.96527686004968,0.892425147823112,1.03139263358131,0.882258173620028
"42",0.85763310063823,0.150124179245275,0.170232042749412,0.143773809379456
"43",1.22418776443098,0.313304055182434,0.348838518438385,0.318312546150174
"44",0.459549011853789,-0.053888918109664,-0.0302902084346162,-0.0591840601578784
"45",2.15253019059406,0.653912700867663,0.789379421605537,0.651652965713644
"46",2.18716669912021,0.665378441003051,0.767110928761503,0.665674695019307
