"","v_bh","v_daily","v_mon","v_con"
"4",3.06921678532182,0.643212549372038,0.731033613204068,0.634517591820355
"41",5.49701457527935,1.02620739474392,1.26054159314591,1.03956116958193
"42",7.26775412746366,1.71076189718186,1.92825678722623,1.69180552679856
"43",1.30545100073235,0.123037421102237,0.168417967407513,0.115614248654925
"44",5.14159460959667,1.51595514488716,1.89119762251053,1.49412986686487
"45",5.206972221941,1.2057154537621,1.41676820364932,1.17485867184308
"46",2.85035538409943,0.595893698424968,0.807894178302703,0.59482451818807
