"","v_bh","v_daily","v_mon","v_con"
"4",0.611861303441713,0.227504635705047,0.266787213481357,0.227222017919393
"41",0.351348532627737,0.0797989457496371,0.105607253874824,0.0808132773736072
"42",0.133362214312604,-0.135969653742219,-0.122951169717894,-0.136414873542865
"43",0.55167737836881,0.297695327305296,0.310986236879904,0.295052416219189
"44",-0.0207331920849669,-0.188343077319048,-0.1675282491768,-0.187388417296373
"45",0.148800701633411,-0.0247078518207875,-0.0221128418314533,-0.024887259351015
"46",0.246680998582025,0.0496596214131637,0.0680246124192023,0.0471021215716365
