"","v_bh","v_daily","v_mon","v_con"
"4",0.33973967034183,-0.0187710479273946,0.00137113338724326,-0.0220875979828605
"41",0.188550477334709,-0.143296559035046,-0.121299863019334,-0.144540095293046
"42",-0.24094922454821,-0.372943048958003,-0.37140767329975,-0.37425051480216
"43",1.05696180446539,0.40330030458683,0.433491291349022,0.403327295365711
"44",0.676354831871626,0.190935936002122,0.21595336144224,0.190454998271637
"45",1.07108318431661,0.341125479507934,0.381055157081311,0.340578675010596
"46",0.505671959856466,0.0978782527194326,0.134181254521153,0.0949349864873823
