"","v_bh","v_daily","v_mon","v_con"
"4",2.95403900661582,0.484247224562578,0.636768292451038,0.482957410866147
"41",1.59183271626561,0.111912867822756,0.223502612642335,0.113203432983271
"42",2.89688304313564,0.451184729250378,0.581104606484359,0.442844178265142
"43",7.08489177865678,1.38947701144661,1.70087535592354,1.33004393931826
"44",1.87561765857404,0.269330483498244,0.409009479840319,0.259409990780478
"45",4.62427982849557,1.12976595208183,1.45754932490918,1.09424525057532
"46",1.89583940512805,0.353440019121368,0.46450184917766,0.350992795405309
