"","v_bh","v_daily","v_mon","v_con"
"4",1.44537806525325,0.283899405512777,0.378657740064022,0.28459131660723
"41",0.182450836457699,-0.27424022729861,-0.239157059096164,-0.272294425187072
"42",1.61813654546828,0.203547953199898,0.264152933527997,0.20719821239423
"43",1.5889123952947,0.223584246271531,0.270880326222303,0.209205867141227
"44",1.3732910514758,0.284241028937279,0.343504046632305,0.280893338575024
"45",1.39551072108259,0.259916864766914,0.344572354729277,0.260069207524543
"46",0.455921887524134,-0.161790119781657,-0.139033915894133,-0.159940728269175
