"","v_bh","v_daily","v_mon","v_con"
"4",0.0749755711116387,0.00656471421674487,0.0125883188216478,0.00710255244023905
"41",0.134673723990144,0.16584000781068,0.165343813112275,0.165678996579501
"42",-0.197131729225586,-0.188307047494222,-0.190303016745816,-0.188496098874374
"43",-0.0774905339232204,-0.103183681723411,-0.100944860234557,-0.103050419564473
"44",-0.0774905339232204,-0.103182038936055,-0.100919669805644,-0.103011878624133
"45",-0.0483438230204758,-0.0602764763192201,-0.0596126213132373,-0.0603580729985267
"46",-0.106300961326166,-0.127317051186277,-0.124411201460906,-0.127095615405161
