"","v_bh","v_daily","v_mon","v_con"
"4",0.199765632173428,-0.144045864687985,-0.11986069669692,-0.146663903697959
"41",0.0476407057108363,-0.171497885588977,-0.164050608034581,-0.16884178013675
"42",0.0830458147351303,-0.225514559350368,-0.208534179727642,-0.226342320912873
"43",-0.0890982069126567,-0.27296622897871,-0.264967809686092,-0.275427924529109
"44",0.262242254369555,-0.0408602149114654,-0.0329814101272912,-0.0431939703210467
"45",-0.112728786048896,-0.230172401423481,-0.230550759637795,-0.231407235026623
"46",0.897592695121924,0.322071412283166,0.367038223143604,0.3204792238519
