"","v_bh","v_daily","v_mon","v_con"
"4",0.431601735855148,0.207835757416261,0.225374652485277,0.207828395083417
"41",-0.263733397866605,-0.317739679019716,-0.311937424272915,-0.318166750060127
"42",0.263437582599468,0.0219476219841654,0.0441550399342807,0.0222718776076278
"43",0.0439600067574735,-0.0707821593403835,-0.0611687626320361,-0.0712742259451282
"44",-0.0887205747991664,0.0266450941249343,0.0161859637470343,0.0269745170639544
"45",0.187924914372706,0.0572022423378225,0.0672610433011172,0.055886955616284
"46",-0.0859817494290445,-0.207594606405777,-0.201913482944687,-0.208470917068696
