"","v_bh","v_daily","v_mon","v_con"
"4",-0.0172610684025312,0.000429907145345521,0.000155363008927711,0.000961150403155031
"41",-0.209217486535453,-0.184154192386672,-0.189011450364598,-0.184076396130978
"42",0.208791069404943,0.122003643464678,0.130573310341791,0.121510770570961
"43",-0.188834528122667,-0.217783737920016,-0.215011969723958,-0.217573515557536
"44",-0.188834528122667,-0.217799519926409,-0.215075360489021,-0.217606850763393
"45",0.0225105434101027,-0.0642073206701195,-0.0559125980093484,-0.0640303908775679
"46",-0.106199207110522,-0.152792236678808,-0.151416105381876,-0.152811617837949
