"","v_bh","v_daily","v_mon","v_con"
"4",1.51140290129438,0.44508719507659,0.525430600310752,0.440295931699693
"41",0.433860659508462,0.127941481639803,0.144424869599963,0.129817691252209
"42",2.11646493051955,0.706865527489744,0.849563836459367,0.700878893940837
"43",0.668274650829751,0.231196380956336,0.251712823641378,0.231419621667096
"44",0.101864380582855,0.0012994119685108,-0.00279163940958815,0.0027262008612996
"45",2.06323939727855,0.654163262116608,0.728128455380041,0.645484809144436
"46",0.302492182487238,-0.0820313366755694,-0.0438185196328025,-0.0853811054611162
