"","v_bh","v_daily","v_mon","v_con"
"4",0.458200390742848,0.231882573320406,0.241228355095211,0.233445494324457
"41",-0.155682332239475,-0.38694095122514,-0.369539875928498,-0.386946396953696
"42",0.375764109319851,0.0118515783319677,0.02639537176952,0.011612296992499
"43",0.578302493646229,0.12098691139462,0.144478956343988,0.115915920713986
"44",0.562372242936756,0.0938978430172077,0.139957038963336,0.09312964821995
"45",0.256983782835063,-0.0669363698022463,-0.0440413626404128,-0.0698899477613253
"46",0.443257852560774,0.0859486445984117,0.100312394803066,0.0842631577666793
