"","v_bh","v_daily","v_mon","v_con"
"4",0.82900864019814,0.12442984281731,0.177096297420324,0.123804800016992
"41",3.33331946352704,1.10500193222349,1.15026553945034,1.10248487691536
"42",0.168246054900305,-0.21117162458459,-0.195612445242028,-0.215705958963675
"43",1.2771587278456,0.358565156773773,0.413743574038399,0.362141934696142
"44",0.868456101289389,0.128017443347099,0.174111592463326,0.131501924534347
"45",1.2580269134972,0.401082062425535,0.468212861689051,0.402636920266541
"46",0.711269894179329,0.124468983072538,0.148430562372124,0.126615238237676
