"","v_bh","v_daily","v_mon","v_con"
"4",2.58696839799163,0.63177578729392,0.729755842065332,0.637810031782596
"41",2.65295101402059,0.726713050844692,0.820205012483855,0.713199048902558
"42",1.77169053913558,0.422187876172968,0.511793670692594,0.421797993121888
"43",0.711108512397002,-0.0575057731564894,-0.0534332050517023,-0.0628811164980325
"44",1.58604533345489,0.217977001755934,0.269647307557751,0.208973143804474
"45",2.45515791260055,0.750503850401467,0.822515645407737,0.736571578283008
"46",1.2770513608099,0.150186686052936,0.220850768625285,0.138975230158123
