"","v_bh","v_daily","v_mon","v_con"
"mean",1066804.00538207,1063889.23656611,1064069.72889211,1063821.85294704
"sd",240607.035496947,212190.688047971,213927.785669106,212140.649311642
"skewness",1.61654224391384,0.743289288323001,0.806551098990606,0.739407096586403
"kurtosis",5.05669931303927,1.44729335285251,1.6159137818238,1.43122588210601
