"","v_bh","v_daily","v_mon","v_con"
"mean",813279.558999088,797682.997873296,798833.777262876,797617.019492939
"sd",124934.650780062,152678.840911056,149995.512837345,152714.739030288
"skewness",0.950087931584606,0.390761492080839,0.411719345051879,0.387408427277536
"kurtosis",1.28245015562166,0.126775060700116,0.16308123738551,0.125232756741495
