"","v_bh","v_daily","v_mon","v_con"
"mean",1310146.63610579,1269976.21214494,1272334.87314784,1269891.32579555
"sd",330961.805782795,246101.552581819,252093.086066191,245812.556621082
"skewness",1.52814943046898,0.71876679139271,0.77908416830182,0.717665267374513
"kurtosis",4.55987542242781,1.27137640406812,1.4315365714257,1.269991480105
