"","v_bh","v_daily","v_mon","v_con"
"mean",1382185.54869781,1322649.56450849,1327646.63767846,1322405.39181808
"sd",376325.637747675,267696.097050768,275972.15343683,267149.219730603
"skewness",1.64279837158333,0.724978320059341,0.79817328633921,0.718053535686486
"kurtosis",5.9730742843561,1.44274697818231,1.67504763806516,1.41703086930792
