"","v_bh","v_daily","v_mon","v_con"
"mean",917611.093263119,916965.553069088,917214.242753298,916945.552568388
"sd",169235.98352477,177705.03832704,177533.101689371,177737.087187144
"skewness",1.08389525104894,0.512640036821742,0.553247999032765,0.513433364619641
"kurtosis",1.55585904675513,0.273419279025566,0.337308172535212,0.275262035797109
