"","v_bh","v_daily","v_mon","v_con"
"mean",827944.085736054,813958.830204587,815385.646577205,813908.593103963
"sd",141633.612759597,164547.789437291,162805.691007466,164558.381511797
"skewness",1.30785688749094,0.675509341539136,0.707542083611217,0.675725563015307
"kurtosis",2.66036871662454,0.533167658174232,0.631686362903486,0.537724964185885
