"","v_bh","v_daily","v_mon","v_con"
"mean",1173892.47092896,1158717.46457242,1159817.26367703,1158554.60406798
"sd",278450.026836186,230347.041775346,234822.440112805,230067.623094831
"skewness",1.20071609172501,0.564335449834712,0.633123791202342,0.558784316669537
"kurtosis",2.40874525451655,0.470720746128455,0.634739337684472,0.453448866818617
