"","v_bh","v_daily","v_mon","v_con"
"mean",1013815.4478306,1011106.29134116,1011430.3211137,1011048.14078511
"sd",229964.751465575,215531.808387241,217208.195465858,215441.737638709
"skewness",1.25314074576564,0.619739633012381,0.681585744166557,0.615462755533806
"kurtosis",2.04306130942656,0.473059526332376,0.589519168743136,0.463188576477275
