"","v_bh","v_daily","v_mon","v_con"
"mean",1093299.27111136,1085651.1798021,1085746.27845107,1085572.80884531
"sd",266690.51050936,228724.559402524,231182.458206397,228702.164811818
"skewness",1.52462042736031,0.793230011296452,0.850645329222672,0.791065610657467
"kurtosis",3.43295775896501,1.04418440423746,1.16024031640226,1.03223873675921
