"","v_bh","v_daily","v_mon","v_con"
"mean",944749.909915065,944729.541811506,944831.444286289,944717.832245157
"sd",119286.854264326,118740.186562718,118822.317002961,118746.802342223
"skewness",0.709270055712021,0.358016068061969,0.379788318214009,0.355974790086543
"kurtosis",0.685780215365085,-0.00511025521785502,0.0279558714076398,-0.0103933204957913
