"","v_bh","v_daily","v_mon","v_con"
"mean",1276045.85125468,1234147.26354821,1237331.35491855,1233971.57395922
"sd",199929.181928948,152602.475127501,156287.306626921,152451.381316176
"skewness",0.734608875801989,0.351306623541093,0.390057586472223,0.350298946091673
"kurtosis",1.05039225770478,0.155391656406177,0.224103102970115,0.15024526135403
