"","v_bh","v_daily","v_mon","v_con"
"mean",1210989.62680929,1182688.97513891,1185084.78299564,1182647.34777665
"sd",185441.873279418,147537.667332892,150693.657797815,147447.212254576
"skewness",0.70517820289207,0.363675481752724,0.398597489246143,0.362002183898941
"kurtosis",0.560587617575277,-0.034197417927007,0.0197589913961802,-0.0347470501549476
