"","v_bh","v_daily","v_mon","v_con"
"mean",784861.244355729,767803.920988065,769194.077068671,767752.311679213
"sd",76056.1330813448,92703.4396429643,91550.8889038172,92774.6549405002
"skewness",0.770980997419132,0.443885383075457,0.465237109272831,0.444137034033015
"kurtosis",0.52830888362642,0.0384320061383376,0.067232103685992,0.0387068445183756
