"","v_bh","v_daily","v_mon","v_con"
"mean",1164404.3972334,1143718.9643467,1145548.51943439,1143660.79742127
"sd",183501.618756447,150292.880795404,152826.298746615,150203.309657285
"skewness",0.826394267676206,0.401184304578844,0.435487905893257,0.400127079549968
"kurtosis",1.38619428229237,0.278886638001032,0.320251134621405,0.279542141273726
