"","v_bh","v_daily","v_mon","v_con"
"mean",798723.109596186,784381.000871271,785533.173991322,784356.215953061
"sd",82668.2029988619,97911.6265889471,96616.0432472154,97961.8585483645
"skewness",1.03064350376529,0.535328445864243,0.56088175147499,0.534030135489421
"kurtosis",2.69107411801899,0.828531812770382,0.906164299365315,0.832356024529683
