"","v_bh","v_daily","v_mon","v_con"
"mean",1253240.41502308,1215665.42401397,1218465.33879802,1215481.49322349
"sd",203613.636159711,156903.962247066,160572.088434224,156722.193955661
"skewness",0.836326805141514,0.420108913971586,0.461264935773503,0.417422562302669
"kurtosis",1.25581707596644,0.33193284405319,0.390265000773688,0.326056794168699
