"","v_bh","v_daily","v_mon","v_con"
"mean",921345.066040586,920624.2211547,920699.059974948,920635.181438973
"sd",116065.890419865,117788.386167996,117703.700203768,117799.23659974
"skewness",0.895145693623817,0.434860849524748,0.468000454260204,0.433929574520856
"kurtosis",1.55826766525111,0.597544912161028,0.644627491180606,0.59905187695604
