"","v_bh","v_daily","v_mon","v_con"
"mean",827047.789487517,818539.883151534,818982.825584426,818512.915340498
"sd",84210.8425758503,97430.2669153642,96351.1023704525,97494.6828637807
"skewness",0.583713167383319,0.246822070030066,0.267199828007518,0.247263300627612
"kurtosis",0.358910754944773,-0.0485555921536833,-0.0347416358076091,-0.047639393354769
