"","v_bh","v_daily","v_mon","v_con"
"mean",1128769.77777044,1115002.2007949,1116098.73835039,1114941.71057893
"sd",162480.966064858,136733.769905078,138819.710289781,136582.673026507
"skewness",0.785523270229394,0.42280314347109,0.452983629250368,0.421803304187894
"kurtosis",0.81660969478262,0.182084137785542,0.215351272163505,0.180072913781371
