"","v_bh","v_daily","v_mon","v_con"
"mean",825490.728807603,810751.827824543,812020.208515223,810654.732957987
"sd",125586.339924526,144778.754937309,142847.307449482,144762.083602383
"skewness",1.51014869849601,0.806543507269328,0.839341502524854,0.80359575473337
"kurtosis",4.11693433350798,1.27201237287628,1.38708374726456,1.26730351265417
