"","v_bh","v_daily","v_mon","v_con"
"mean",1109756.91137499,1102309.37805875,1102973.41791938,1102243.95638682
"sd",225964.091215492,193948.418164038,196323.499918016,193935.10678079
"skewness",1.34133604039459,0.672586301351452,0.72396844635136,0.672634988547352
"kurtosis",3.7122236313313,0.894403040802542,1.04956764245585,0.898253411825563
