"","v_bh","v_daily","v_mon","v_con"
"mean",1203208.98953881,1182102.60655821,1184037.78518018,1182095.12862716
"sd",253710.967912129,209850.002672966,213352.532119036,209794.541221896
"skewness",0.801000116620061,0.296909232022347,0.340804336739964,0.296644986875792
"kurtosis",0.925295393776311,-0.0350207037317971,0.0210813081422145,-0.0318551209250617
