"","v_bh","v_daily","v_mon","v_con"
"mean",1177420.21555991,1159917.42019934,1161426.1900135,1159971.595274
"sd",251241.39879989,209374.08890495,212751.145650359,209261.794941364
"skewness",0.886754264168738,0.435638393452046,0.472753247982609,0.433606308382609
"kurtosis",0.696232528434467,-0.0968617970395202,-0.0402076220773302,-0.100300578053741
