"","v_bh","v_daily","v_mon","v_con"
"mean",1135317.74609803,1123170.10993415,1124072.82422376,1123198.96587553
"sd",245608.494036696,206503.721821414,209797.786262101,206423.615985316
"skewness",1.25218516312556,0.673334133467973,0.735351116420648,0.6712941044421
"kurtosis",2.28051785880086,0.590670524620388,0.750092060376057,0.587548360458216
