"","v_bh","v_daily","v_mon","v_con"
"mean",938971.189672607,938167.87192176,937681.752614637,938167.296284466
"sd",160044.676178821,164898.956938629,164232.217042863,164956.370886973
"skewness",0.992558405683086,0.4194415658506,0.447284152623821,0.416906710530554
"kurtosis",1.70842242305628,0.351451044885093,0.40293118597105,0.347182800516878
