"","v_bh","v_daily","v_mon","v_con"
"mean",1045561.55066952,1044156.24421623,1043863.71236273,1044145.70414841
"sd",194075.510671467,180521.300552288,181034.712105011,180428.919442952
"skewness",0.847934883776038,0.398852514130152,0.425436638968168,0.397147123131734
"kurtosis",0.631653186971725,-0.0475318733849002,-0.0346253670363956,-0.0520991552344592
