"","v_bh","v_daily","v_mon","v_con"
"mean",1378272.28729919,1318634.74777118,1323336.30431883,1318442.8468922
"sd",338169.674153077,238908.283860947,246884.908378809,238502.174669168
"skewness",1.62055793055102,0.840309462398423,0.92164369673239,0.837270308670255
"kurtosis",4.90336634770298,1.58430542095663,1.86553121836811,1.57213867204124
