"","v_bh","v_daily","v_mon","v_con"
"mean",1234725.95003734,1207495.92993027,1209869.34895114,1207456.18748252
"sd",278223.819218651,217019.954513822,222219.069052911,216842.893300523
"skewness",1.40324500356147,0.715342350120782,0.784763519848271,0.710273891479012
"kurtosis",3.77804824640904,1.05201431829409,1.25606425109571,1.03194643332797
