"","v_bh","v_daily","v_mon","v_con"
"mean",876183.314108613,870066.587472822,870542.911092304,870107.915107039
"sd",136331.502907777,152933.749405736,151510.700465769,153046.89889842
"skewness",0.820403698891092,0.308020986597437,0.340373013289651,0.304759863950115
"kurtosis",0.960627846903393,0.0463283571499229,0.0937684086487214,0.0435829669235743
