"","v_bh","v_daily","v_mon","v_con"
"mean",1259128.35191391,1220671.54912492,1223722.00390876,1220533.39786329
"sd",41500.1367484234,32323.7353534783,33042.8333638752,32292.0608311072
"skewness",0.12179245480471,0.0534515810467769,0.0593944675769471,0.0532403553686797
"kurtosis",-0.240908727215234,-0.27604317807,-0.271587413809931,-0.275769234724074
