"","v_bh","v_daily","v_mon","v_con"
"mean",884802.452399233,882397.843553055,882585.901820282,882389.164881853
"sd",21222.4640980526,22867.4097686109,22735.7111074381,22874.3849732573
"skewness",0.0136724923381743,-0.0580380020170656,-0.0521581987258566,-0.058416009767589
"kurtosis",-0.165619503915547,-0.140779504114984,-0.143749347322307,-0.140366685899359
