"","v_bh","v_daily","v_mon","v_con"
"mean",1119815.02227953,1106935.43221281,1107959.23192191,1106891.00339182
"sd",30633.4062324349,26295.8623549528,26651.737447627,26279.3452024863
"skewness",0.137498390106932,0.0723571443226068,0.0780694535128257,0.0720037005968786
"kurtosis",-0.135216198370937,-0.158126594500832,-0.15482728044051,-0.15844200215936
