"","v_bh","v_daily","v_mon","v_con"
"mean",1028345.09365166,1025372.39977137,1025617.29892416,1025363.89384152
"sd",27276.3932057816,25284.2633613793,25434.0822036942,25276.4651853227
"skewness",0.0868444408878082,0.016054835635303,0.0213061491149683,0.0155752729876843
"kurtosis",-0.0581293453375524,-0.0816578034177553,-0.0790762995731793,-0.08192959027155
