"","v_bh","v_daily","v_mon","v_con"
"mean",950779.101523284,950779.703444339,950779.154191579,950779.429195917
"sd",23984.8134400751,23932.0479347438,23939.678822455,23934.0213421158
"skewness",0.203308620003593,0.134338805288215,0.140614107948978,0.134061816975945
"kurtosis",-0.100209084676705,-0.155717381282151,-0.149320988780864,-0.155363586680724
