"","v_bh","v_daily","v_mon","v_con"
"mean",977113.129057292,976722.710598003,976753.088113007,976720.98171565
"sd",25936.3004024769,25196.0602121803,25260.0472790052,25192.9273059946
"skewness",0.207974072157369,0.13275011757239,0.138654635853017,0.132443741672765
"kurtosis",0.00646591736048396,-0.0282556209423936,-0.0212333167299561,-0.0289206814474459
