"","v_bh","v_daily","v_mon","v_con"
"mean",1086495.4403045,1077893.09340848,1078575.37593315,1077861.97276931
"sd",31530.1813571111,27781.1397228942,28074.143993821,27767.2937961527
"skewness",0.164473241362823,0.0922339359514182,0.0981258520093005,0.0920043237210312
"kurtosis",-0.0880562453601712,-0.119526267785483,-0.118177462453923,-0.119651273566246
