"","v_bh","v_daily","v_mon","v_con"
"mean",778546.470010075,759515.087523703,761020.075699024,759447.450165481
"sd",15589.2321594757,19457.9114435638,19149.4499891455,19472.7365780289
"skewness",0.213126545425675,0.142472898986766,0.147509625725899,0.142493434147461
"kurtosis",-0.112200490227286,-0.148419287351213,-0.146153054330709,-0.148509399307805
