"","v_bh","v_daily","v_mon","v_con"
"mean",1152571.18734572,1134720.64017978,1136139.97342375,1134655.45566498
"sd",32158.2470948611,26993.6632271789,27406.7860953431,26974.1495251546
"skewness",-0.046669574188038,-0.119119843177619,-0.112701840929874,-0.118939221656352
"kurtosis",0.00359978781639425,0.0391698248069852,0.035741118050415,0.0393103827516121
