"","v_bh","v_daily","v_mon","v_con"
"mean",905469.024966114,904348.05692635,904443.809545803,904344.431055052
"sd",22926.1410433815,24089.5227082336,23998.8786424819,24094.930606508
"skewness",0.0787014170686174,-0.0105896441152912,-0.00399477244188484,-0.0106321760362322
"kurtosis",0.220097708721891,0.237176152004473,0.232403936159491,0.237102452300019
