"","v_bh","v_daily","v_mon","v_con"
"mean",926521.052495045,926250.352576526,926279.50142159,926249.372849734
"sd",21853.7261996614,22433.4276633127,22386.0355575801,22436.3567489971
"skewness",0.0223225022077855,-0.050181371508554,-0.0449742858296606,-0.0503556196019431
"kurtosis",-0.0172610684025312,0.000429907145345521,0.000155363008927711,0.000961150403155031
