"","v_bh","v_daily","v_mon","v_con"
"mean",930014.472205725,929859.61152929,929900.452021667,929863.568758481
"sd",44614.9827768322,45419.1811337708,45372.0190737849,45424.7286174273
"skewness",0.351702378216021,0.216786126633381,0.226633415705311,0.216382365097882
"kurtosis",-0.0118419001538923,-0.100600450557354,-0.0907851928301207,-0.101005105447975
