"","v_bh","v_daily","v_mon","v_con"
"mean",954047.910270415,953963.456298004,953949.96234645,953966.287194402
"sd",49640.4533456549,49323.867410288,49319.8220125288,49314.4476935773
"skewness",0.304135162068536,0.163073835296212,0.176651606709456,0.162814448833155
"kurtosis",-0.0512796779309967,-0.151459031752873,-0.141877787658037,-0.150898866607133
