"","v_bh","v_daily","v_mon","v_con"
"mean",1027963.9382561,1025117.76856455,1025401.37667716,1025120.51842666
"sd",52724.0441971258,48910.3407243231,49238.7844596058,48892.8978332695
"skewness",0.184707417153462,0.052625259002228,0.0653941038802348,0.0524453065582041
"kurtosis",-0.0891298269478429,-0.151856340224677,-0.144934305900703,-0.151481344783854
