"","v_bh","v_daily","v_mon","v_con"
"mean",846005.379648621,839717.685350769,840219.302883079,839690.879619211
"sd",35848.668581082,40314.1517387728,39946.6856577494,40329.9090917848
"skewness",0.462465832612283,0.311535662812131,0.320292416417255,0.311265391459418
"kurtosis",0.406883470989598,0.184719785551536,0.19826552818811,0.185973524625156
