"","v_bh","v_daily","v_mon","v_con"
"mean",796090.142027098,781066.838749672,782242.754003337,781012.559952096
"sd",33519.9156353094,40719.7495489352,40150.1261565152,40743.5480179456
"skewness",0.262278290245319,0.0903657403573307,0.100756964957282,0.0903638690877963
"kurtosis",0.368143790897431,0.179776544155961,0.184675187414383,0.180484831378311
