"","v_bh","v_daily","v_mon","v_con"
"mean",812595.848065967,800954.585973055,801854.271538874,800916.359482975
"sd",33803.4522733207,40050.2354339919,39575.1443018589,40076.9501195201
"skewness",0.238856983567053,0.0907385031098549,0.10110088773702,0.090195971767618
"kurtosis",0.049760599654987,-0.0082211551753355,-0.00585815220500274,-0.00836233173727186
