"","v_bh","v_daily","v_mon","v_con"
"mean",779007.752771662,760087.186852332,761579.018084111,760015.126973803
"sd",30940.9475590716,38476.2491229661,37877.9199576203,38504.3079477054
"skewness",0.417594600158657,0.240052888419551,0.252235170891835,0.240497433094102
"kurtosis",0.581475312392709,0.385445424391338,0.399024824825196,0.385125318613881
