"","v_bh","v_daily","v_mon","v_con"
"mean",1117788.68733565,1105211.04721698,1106212.59267465,1105160.69601291
"sd",63684.6312320744,54517.884527309,55219.7829891787,54488.0883502397
"skewness",0.415239607596166,0.266372768064399,0.279030728519814,0.265492084022625
"kurtosis",0.300567142948218,0.0830073003320755,0.100140626342156,0.0815408245896831
