"","v_bh","v_daily","v_mon","v_con"
"mean",1302744.61029959,1254250.21510319,1258100.28963909,1254073.25067446
"sd",82615.3656480669,62696.1317270478,64256.8365478837,62624.4418437843
"skewness",0.219464669482167,0.0459980632103549,0.0627556000716777,0.0449787603499513
"kurtosis",0.397247509818264,0.332619175148483,0.339227172237371,0.332281301542157
