"","v_bh","v_daily","v_mon","v_con"
"mean",1161327.05955204,1142045.20216257,1143587.04832073,1141974.51060872
"sd",68023.4450141026,56286.5310653231,57242.5261304907,56252.3748565663
"skewness",0.474524534598853,0.318102764112693,0.33285406971617,0.317115086040566
"kurtosis",0.455679487005851,0.225531124424804,0.254497724315664,0.224781551344467
