"","v_bh","v_daily","v_mon","v_con"
"mean",866186.80447921,862087.84435225,862428.972201778,862076.926710145
"sd",40236.1960117199,44329.1146081133,44027.0590164075,44340.876243874
"skewness",0.202434635330086,0.0709158555004106,0.0813285522415414,0.0700705135661203
"kurtosis",-0.215163385377624,-0.283724014547077,-0.27730915740843,-0.283864042751606
