"","v_bh","v_daily","v_mon","v_con"
"mean",1506962.18577442,1464239.6899304,1468549.2493485,1464044.48051181
"sd",448556.846794283,334319.187668428,342845.255332815,333964.772492417
"skewness",1.65712269802484,0.84055693387826,0.914604121368737,0.835201212376868
"kurtosis",4.29506249252035,1.16960565009824,1.35871050428605,1.15347881808263
