"","v_bh","v_daily","v_mon","v_con"
"mean",986015.244896336,972659.593124643,973954.635777633,972662.0013337
"sd",196787.807314118,219928.873815171,218138.210930088,219954.598847446
"skewness",1.86502272815641,0.840158807848907,0.905307847959483,0.841555588413772
"kurtosis",6.80872565035656,1.65160588720352,1.9286658486991,1.66409078056136
