"","v_bh","v_daily","v_mon","v_con"
"mean",1358942.24323717,1344590.90502854,1345705.3725185,1344500.02877627
"sd",358726.056761038,298852.395444147,303878.088590514,298789.051012154
"skewness",1.27876517268167,0.612610850639697,0.675300229781716,0.613011403681933
"kurtosis",2.13556171378913,0.46047799322956,0.54454005182416,0.469673670906373
