"","v_bh","v_daily","v_mon","v_con"
"mean",946779.675682591,925233.343544084,926543.607172143,925178.987260403
"sd",173257.836536941,208843.316891977,205798.94495931,208710.850633369
"skewness",1.29048508321256,0.661262634040932,0.699078553021269,0.658147743044126
"kurtosis",2.39547402461584,0.325229973390577,0.398845113893444,0.316883644593737
