"","v_bh","v_daily","v_mon","v_con"
"mean",1243193.67757349,1240459.0261331,1240679.05575892,1240397.44148206
"sd",312430.899857314,279827.070441109,282735.914530013,279738.51988463
"skewness",1.43286518579578,0.672971942458895,0.73337685078448,0.6698140518494
"kurtosis",3.3267398170199,0.716849887328633,0.853317129060946,0.709685983794975
