"","v_bh","v_daily","v_mon","v_con"
"mean",1430453.05432152,1406098.04035085,1407292.26438379,1406086.05111428
"sd",382383.34814353,304982.566043569,310686.955187706,304642.590076179
"skewness",1.24524739319417,0.637379607116709,0.686444337729731,0.634412168346889
"kurtosis",1.89583940512805,0.353440019121368,0.46450184917766,0.350992795405309
