"","v_bh","v_daily","v_mon","v_con"
"mean",929378.751482281,902985.6434552,904504.994209165,902856.772282638
"sd",169590.454070867,205640.06956941,202434.800076612,205617.959273534
"skewness",1.66890703016889,0.789955324201509,0.822731023478727,0.787185847783824
"kurtosis",5.15619840124206,1.17035829151799,1.26111404666092,1.15688115040174
