"","v_bh","v_daily","v_mon","v_con"
"mean",901990.466163498,866411.742828314,869316.746893459,866289.33331346
"sd",158372.328150329,202002.640285234,198686.078261441,202004.615261179
"skewness",1.43363442801549,0.701805779348914,0.745874471252521,0.699157572483657
"kurtosis",3.22110148837178,0.596422514790651,0.665714536043963,0.594916100310653
