"","v_bh","v_daily","v_mon","v_con"
"mean",1031256.61935037,1027458.91487373,1027210.40932125,1027548.98466842
"sd",197758.185298678,219608.008172801,218332.629349394,219553.947183415
"skewness",1.04464749055842,0.47525115589085,0.542683236081606,0.468898329822935
"kurtosis",1.28811331687058,0.0575070356913514,0.205490573042385,0.049541234072481
