"","v_bh","v_daily","v_mon","v_con"
"mean",989592.858190492,977299.226014143,978495.573443681,977270.663007947
"sd",191179.908765874,219317.131765392,217674.404205075,219394.828529918
"skewness",1.3061900541395,0.590449848100905,0.631943070321041,0.584080081310168
"kurtosis",2.80012746665993,0.511959220029582,0.561993544128355,0.493095441295861
