"","v_bh","v_daily","v_mon","v_con"
"mean",1068033.84505971,1063805.85769585,1064668.88666893,1063747.66016325
"sd",238723.983536772,247417.965564498,247984.077765958,247483.596881599
"skewness",1.35853208596433,0.724121377884365,0.781599001241026,0.722567244557213
"kurtosis",2.15275457397854,0.440868335446022,0.542082558436909,0.442176592290396
