"","v_bh","v_daily","v_mon","v_con"
"mean",1380316.31903605,1351703.36735537,1353982.31966486,1351609.17225456
"sd",80872.4038166897,65909.9416166744,67103.2987693831,65859.3039796394
"skewness",0.169156240599371,0.052445533545562,0.0629437019960927,0.0513682633593383
"kurtosis",-0.373810650359969,-0.381168313726028,-0.383812823481298,-0.381482110006504
