"","v_bh","v_daily","v_mon","v_con"
"mean",921716.094160054,904324.234485393,905724.649295579,904266.695677673
"sd",38374.6040028526,46390.0888513478,45762.0449254056,46421.6463213713
"skewness",0.457449995315374,0.280164814520237,0.293170440658645,0.280590941410342
"kurtosis",0.593876504880203,0.371268506773766,0.38025267311667,0.371826520566523
