"","v_bh","v_daily","v_mon","v_con"
"mean",938036.691190415,923986.256711543,925101.956648541,923933.03810615
"sd",39293.1660966828,46816.7499624196,46239.8462696296,46846.0335706132
"skewness",0.151413385246868,0.0182415561702339,0.030348881913226,0.0178928779223524
"kurtosis",-0.201866753124226,-0.249533163327221,-0.24545850623572,-0.249224056012913
