"","v_bh","v_daily","v_mon","v_con"
"mean",1135589.55633983,1134988.90763907,1135030.33331793,1134989.18118134
"sd",59440.6900221181,57444.5094482438,57613.5133942295,57436.7140509826
"skewness",0.338562682733631,0.185109547584113,0.199062961767537,0.185266681818353
"kurtosis",0.157503288091414,0.0552675248299241,0.0643881189328259,0.0561340089080304
