"","v_bh","v_daily","v_mon","v_con"
"mean",963203.802901903,953344.828212214,954102.048886038,953304.306646552
"sd",43774.231668409,50486.9650026961,49962.6949211481,50510.3931878664
"skewness",0.211786421378323,0.0638156797794035,0.0722419517196417,0.0635829209400315
"kurtosis",-0.102164822932895,-0.124273592061224,-0.128802482763367,-0.124654683544085
