"","v_bh","v_daily","v_mon","v_con"
"mean",1193319.39172472,1189695.87295012,1190004.54235845,1189669.91960544
"sd",63933.3093678206,59101.6673897746,59484.7392238901,59081.0007992588
"skewness",0.246263925644613,0.0958631372085984,0.108496308381381,0.0954678526303115
"kurtosis",0.0596443966592504,0.0500104652892945,0.0495486558097613,0.0509234748028411
