"","v_bh","v_daily","v_mon","v_con"
"mean",982030.251878986,974853.165572916,975412.303735557,974824.739250233
"sd",45160.8356290962,50712.0534049657,50262.9619207891,50732.9007882759
"skewness",0.40051829417856,0.235396774688063,0.247751365506785,0.234593411019594
"kurtosis",0.282231367460593,0.198307783911837,0.201403028695615,0.198412542791492
