"","v_bh","v_daily","v_mon","v_con"
"4",1.93966409895264,0.319195617501672,0.447349656480984,0.308256270602211
"41",2.48304653416476,0.555946355127531,0.686612251057659,0.548614348996588
"42",2.16275959811245,0.439228268663114,0.532433504704678,0.4409577764735
"43",2.33632448161767,0.48972976812943,0.629807523783219,0.490031152026072
"44",2.34667470919769,0.623383110984829,0.791296366262747,0.619571142594759
"45",4.28850052866472,0.902100944276454,1.1005222907952,0.895614696074793
"46",3.3267398170199,0.716849887328633,0.853317129060946,0.709685983794975
