"","v_bh","v_daily","v_mon","v_con"
"4",0.210645911228928,-0.0321378896009943,-0.0129248483965712,-0.0334668829242264
"41",0.0610859071310461,-0.0917065339525469,-0.0904167774291857,-0.092383337703025
"42",0.380785841493062,0.092558792286455,0.112843078915549,0.0913203631415689
"43",0.337332495937175,-0.000323694651596096,0.0264308924376704,-8.11534025313421e-06
"44",-0.206098122549355,-0.290543337167819,-0.288302216112873,-0.291900338737775
"45",-0.135146074915059,-0.280102174218544,-0.275184062484054,-0.281241936852057
"46",0.184423442506504,0.0641149575904709,0.0704114433398884,0.0649823190876284
