"","v_bh","v_daily","v_mon","v_con"
"4",-0.165619503915547,-0.140779504114984,-0.143749347322307,-0.140366685899359
"41",-0.180160220729345,-0.17215266148062,-0.173199116631679,-0.172457125432973
"42",0.212399510637599,0.192251689070627,0.193102452457223,0.192906063531335
"43",0.201256618493704,0.183005020839845,0.184150901489403,0.183316389264184
"44",0.201256618493703,0.182996167462653,0.184209452543459,0.183311851964091
"45",-0.212190867959678,-0.192796495719918,-0.196061804970762,-0.192625362718462
"46",0.209853772282882,0.117334000044515,0.124384380582616,0.116556549595761
