"","v_bh","v_daily","v_mon","v_con"
"4",1.79261853434073,0.258930713895813,0.349572607528199,0.25007187476458
"41",2.48425745025972,0.481015012775262,0.542440196839786,0.4709061894084
"42",2.42764864677836,0.543963451639249,0.655521229587578,0.534083726883925
"43",3.19430196783194,0.597184956280617,0.720481019242031,0.59910689867643
"44",3.9719155880957,0.852940837655131,0.914473534737714,0.842131934842761
"45",2.85887488498442,0.576384359700584,0.684086776210761,0.552910448235268
"46",5.15619840124206,1.17035829151799,1.26111404666092,1.15688115040174
