"","v_bh","v_daily","v_mon","v_con"
"4",0.81660969478262,0.182084137785542,0.215351272163505,0.180072913781371
"41",2.67930640722589,0.763615546613862,0.878793051524642,0.756816529148719
"42",0.486004405811888,-0.0188324131480022,0.00545368104658461,-0.0199098486617242
"43",0.773433052307924,0.127715630976263,0.150057787142098,0.123803455347811
"44",1.4130952948645,0.382443934011186,0.424139120793971,0.382707281165398
"45",1.72249123669558,0.412103008096378,0.501104893139684,0.404957679654273
"46",0.67632349598648,0.0595862226380031,0.0879299521168755,0.0569047319167435
