"","v_bh","v_daily","v_mon","v_con"
"4",4.26682795441535,1.12784073259009,1.23496882977405,1.13508920701357
"41",1.2171147719517,-0.0429957220117849,0.00367435139389505,-0.0525123079354097
"42",3.19174940502241,0.67826249198309,0.834222439488272,0.649848639878489
"43",21.9223298395818,3.53210887045314,4.35589084895194,3.48189944480841
"44",1.66106522554511,0.0665508531438492,0.125222885440106,0.0648191291572684
"45",7.89003369297441,1.93909405841656,2.34622370472218,1.91986961779855
"46",2.49563624295512,0.433277628300075,0.47586883332267,0.426878141236061
