"","v_bh","v_daily","v_mon","v_con"
"4",2.40705423706849,0.530130039386915,0.673224107414255,0.531126335525961
"41",1.78404385811615,0.296633644235849,0.349373983185899,0.286163593889532
"42",1.84900261821899,0.361866639119163,0.424112276641701,0.357007118152145
"43",6.19022549288798,1.52219931194292,1.69849225486943,1.50468148428637
"44",2.07072082401278,0.531026516922621,0.62215218136785,0.527032466407277
"45",1.32604588910522,0.20733053671946,0.287833081585753,0.202391842167226
"46",1.52183098693783,0.180356751383146,0.270387189246611,0.179656091318396
