"","v_bh","v_daily","v_mon","v_con"
"4",2.4300665319781,0.694823549572697,0.771005060797045,0.697258414555847
"41",0.631653186971725,-0.0475318733849002,-0.0346253670363956,-0.0520991552344592
"42",1.88700230619872,0.438762587638594,0.529311459776236,0.433045133838391
"43",0.646084181041958,0.0488311386121927,0.0431904149758737,0.0454520542772561
"44",1.42790092984512,0.364747310455251,0.452219307993881,0.368246585758482
"45",0.665209837186325,-0.0467214199132093,-0.025488082777299,-0.0443745103216244
"46",2.68766438812471,0.681207923975532,0.745345349320048,0.6842017947598
