"","v_bh","v_daily","v_mon","v_con"
"4",1.05039225770478,0.155391656406177,0.224103102970115,0.15024526135403
"41",0.304795254724613,-0.21024043032776,-0.162839983803231,-0.214284457305888
"42",0.889001302447225,0.212980082871595,0.244338637369588,0.208372662212111
"43",0.891616674670967,0.0719371989261108,0.126500176260371,0.069186957132287
"44",1.07409741350952,0.22909579456751,0.318672139446451,0.230510937364655
"45",0.855204097435566,0.186233823540416,0.237357811861322,0.188987699186395
"46",0.0082992128500079,-0.319139147303927,-0.294411868673056,-0.316175056587351
