"","v_bh","v_daily","v_mon","v_con"
"4",0.14473141117677,0.190907927471831,0.188905336154775,0.191903110891781
"41",0.104218433566244,0.0431937123974269,0.0449096343397901,0.0433692444056835
"42",0.570337775707822,0.451032023594278,0.458201188535732,0.449994323939839
"43",-0.131550062230839,-0.165017489953932,-0.166030108415406,-0.165085481795749
"44",-0.13155006223084,-0.165018061764451,-0.166121636851223,-0.165058887265972
"45",-0.0364170853928152,-0.0279662786111059,-0.028836446185653,-0.0280281338209045
"46",-0.101974342023426,-0.106794356028193,-0.104690381038947,-0.107166630340897
