"","v_bh","v_daily","v_mon","v_con"
"4",-0.0930866979020832,-0.178063115574345,-0.170951756068545,-0.17705779941177
"41",-0.0191969171007211,-0.0672616509274193,-0.066422235185752,-0.0682610221036692
"42",0.371396013423569,0.296632008883901,0.293743597167196,0.295037358486008
"43",0.320414537955503,0.0666585807766986,0.0815033903149276,0.0667423155509144
"44",0.0439600067574752,-0.070834546649913,-0.0614241075569271,-0.0712808158099776
"45",0.222163265597088,0.252728013610494,0.248475018780145,0.252576504250575
"46",-0.111189113020163,-0.121143289875586,-0.12113586321457,-0.121554568426578
