"","v_bh","v_daily","v_mon","v_con"
"4",0.220255111757838,-0.0442992463993219,-0.0244343714996598,-0.0455964156837791
"41",-0.072396565236597,-0.13949073960154,-0.134134217832872,-0.139541538623057
"42",0.167968662809487,-0.00353225566283699,0.0138285267659524,-0.00302903431604662
"43",-0.0425730682293364,-0.21033264695973,-0.196402780111268,-0.210096300621189
"44",-0.156622392268509,-0.286264075948451,-0.272222276447299,-0.285288384123487
"45",0.127093644372543,-0.089092853489658,-0.0841283719894022,-0.090176742135498
"46",0.194042374666602,0.0740712319886945,0.0839640502620629,0.0751616300832576
