"","v_bh","v_daily","v_mon","v_con"
"4",3.7524404882245,0.729044312591702,0.833432563129554,0.739240943248872
"41",2.66036871662454,0.533167658174232,0.631686362903486,0.537724964185885
"42",5.12842234624246,1.11434286481547,1.24746929137159,1.13522499496971
"43",1.98346067421929,0.418355519858328,0.478839229368282,0.414989140266506
"44",1.07955530254522,-0.124815664962673,-0.0661286084379813,-0.126160303835681
"45",1.44007174745936,0.0770308560558033,0.131654692411617,0.0775903407847682
"46",3.1653959811104,0.704155602572575,0.813737146274904,0.703550658761603
