"","v_bh","v_daily","v_mon","v_con"
"4",1.86308069851023,0.680789168300913,0.752766810176748,0.689981719708518
"41",0.730611744316852,0.169692735918424,0.211898164430123,0.166203287573095
"42",0.358884556646219,-0.0330735439505654,-0.0166176102372835,-0.035137714959748
"43",3.48291501463831,1.42208831134202,1.63812516084968,1.41127216176017
"44",1.06517196540536,0.465104307933607,0.505769895732107,0.46530997572323
"45",0.0191616189054531,-0.226130038958614,-0.202572837803503,-0.229011670516771
"46",0.917665747255473,0.263469742827308,0.298539506465822,0.260099790381437
