"","v_bh","v_daily","v_mon","v_con"
"4",1.11323010526839,0.419676745118378,0.466818049959327,0.415392165733597
"41",1.3842603772634,0.482279031879256,0.566706734298418,0.480382797194868
"42",0.130264333430893,-0.100739390768615,-0.0946972555458996,-0.0987591787600701
"43",0.0755765028156987,-0.202649747269064,-0.186551819254241,-0.206431166610593
"44",0.107594769690591,-0.100658845417459,-0.0898004139183923,-0.0987752326785096
"45",0.706541222222592,0.125531296752356,0.163727488050168,0.12188230412186
"46",0.237103023979499,-0.10803629583508,-0.0775275167074172,-0.109195475926045
