"","v_bh","v_daily","v_mon","v_con"
"4",0.470370596768549,0.0496793590108697,0.0511215399123945,0.0470599371537097
"41",0.385188664207695,0.00361732422542893,0.0108375588778995,-0.00105823834263497
"42",0.185115284733512,-0.137874091922622,-0.109601235016227,-0.13717244899152
"43",0.150526786869707,-0.186308081371186,-0.172478887318951,-0.185212694824178
"44",0.753817701405942,0.308760901127711,0.323328513448842,0.308825299353168
"45",0.467613473860395,0.141199828753613,0.154051749289867,0.140900264859278
"46",0.841112418149772,0.299056556273516,0.323996317940907,0.30081159219235
