"","v_bh","v_daily","v_mon","v_con"
"4",-0.24878726264796,-0.280145558287755,-0.280578309222041,-0.279654414224098
"41",0.142513721679945,0.0989590448463646,0.102199531742425,0.0991762159111627
"42",0.0248105425540222,-0.0357331665908971,-0.0341135846639427,-0.0361651189509269
"43",0.0554739834834828,0.0456983797611827,0.0482718540975888,0.0453247366673266
"44",0.0554739834834828,0.0456794613736085,0.0482937382259032,0.0453300457854353
"45",-0.0161425328236393,-0.0393076298823849,-0.0396469501288319,-0.0392966555197436
"46",-0.0239763614947073,-0.0251161395859598,-0.0261725313871781,-0.0255219696152689
