"","v_bh","v_daily","v_mon","v_con"
"4",1.53583712678087,0.199695529404528,0.299177320701674,0.19463264610791
"41",2.5418747690831,0.58182486087067,0.668769274887639,0.577929239265575
"42",0.8251469610362,-0.0905155918258846,-0.0689811599662682,-0.0868365270721654
"43",2.56178487286609,0.675366202948304,0.777504588382655,0.661996949983068
"44",1.98977694349177,0.341964118444085,0.452068636973819,0.34583986677124
"45",1.22203131822068,0.0861066242590183,0.162858322722239,0.0819713226206211
"46",5.41256529639791,1.16543835269801,1.38520929059747,1.15667244429192
