"","v_bh","v_daily","v_mon","v_con"
"4",0.629204797889815,-0.0326582522817662,-0.000562047487133732,-0.037044810741039
"41",4.25641255771887,1.16506588547543,1.27127084777214,1.16946947646874
"42",3.45195112957731,1.08173182902747,1.21206268005388,1.08271198802567
"43",1.87806621352922,0.47653110707124,0.600641243352377,0.476539651147045
"44",1.26430528639956,0.258687524231566,0.292409108832661,0.254032845111777
"45",4.09809730167153,1.43419545017222,1.58460789041365,1.4338749145983
"46",1.12614013652388,0.198467701702327,0.235538218108401,0.195042155731616
