"","v_bh","v_daily","v_mon","v_con"
"4",2.28046252776358,0.211683020024109,0.344164375125739,0.219728125153959
"41",2.5365089075855,0.340412642226482,0.486757911280704,0.339663797852456
"42",5.74325003889899,1.26075042933568,1.7252933903569,1.26312802123806
"43",4.41281609597694,1.0833664651497,1.32809407357214,1.04164020101387
"44",2.73539752492136,0.358814674468425,0.554522749286688,0.365156626777333
"45",3.09310181258753,0.679752832405643,0.857216655386658,0.66590887428623
"46",2.6629822775305,0.4883538768142,0.604354203280658,0.470486819257345
