"","v_bh","v_daily","v_mon","v_con"
"4",1.30625945204749,0.160442302169935,0.195129252881268,0.160464096216251
"41",4.11693433350798,1.27201237287628,1.38708374726456,1.26730351265417
"42",2.38980134088282,0.510512318395519,0.59669597580104,0.507539298234077
"43",2.47683534852303,0.64098002992565,0.703327684437829,0.636402322160681
"44",1.0622313185635,0.0412737808655814,0.0910018958011385,0.0416535657171351
"45",0.282653490099478,-0.299438494510007,-0.281840088931892,-0.299373101008217
"46",1.0667761898872,0.0855143343206861,0.163579995039458,0.0850999408946387
