"","v_bh","v_daily","v_mon","v_con"
"4",0.81053657075591,0.00248959474260069,0.0442294971600878,0.00377993824530209
"41",3.77804824640904,1.05201431829409,1.25606425109571,1.03194643332797
"42",2.79487239750109,0.735533004903004,0.872111167712318,0.729872283038871
"43",2.268241955113,0.570082760745842,0.701262108618689,0.574017494272745
"44",1.44699541071616,0.169644037394222,0.254422671076668,0.177147515767255
"45",2.45171087995163,0.569830078405813,0.715721879573138,0.560542022355466
"46",1.71451489339554,0.396493725313661,0.482627692323238,0.381726528840427
