"","v_bh","v_daily","v_mon","v_con"
"4",0.336758997952717,0.136992618722216,0.152930447200686,0.135820238537834
"41",1.14304120306629,0.586350285346005,0.636410288001318,0.584629644124262
"42",1.3505966917407,0.760806777006419,0.804053261296866,0.758264859543146
"43",-0.0398806592378911,-0.217762627058126,-0.199089672460152,-0.217178138754594
"44",-0.0053074503650743,-0.156994853911008,-0.145847280109511,-0.159159832183069
"45",-0.0130706457676699,-0.122333700455816,-0.124250976125182,-0.120500555904365
"46",0.118644948233571,-0.113385562790025,-0.0974546202375248,-0.112193782803754
