"","v_bh","v_daily","v_mon","v_con"
"4",1.1374993400408,0.329571555954606,0.390771991273676,0.325664777287385
"41",1.34148346137729,0.158463776382037,0.249667525423898,0.159869712654553
"42",0.812408573178875,0.0872746834863918,0.133282998751107,0.0834455925831197
"43",0.513991958766952,0.00845504011121312,0.0274224947489601,0.0108248137968636
"44",2.18381925277668,0.703289391202857,0.791338061394835,0.692126591748178
"45",1.04109720722305,0.170762769474587,0.243465104166867,0.165995068032571
"46",1.27018814606454,0.238406839528862,0.280596401210707,0.234709139257632
