"","v_bh","v_daily","v_mon","v_con"
"4",0.498851415357786,-0.0808287683181139,-0.00408964813248724,-0.0772282630394914
"41",3.03118448939549,0.77505671409924,0.908224211072641,0.768767722889502
"42",2.27194694160211,0.522822544199519,0.703831898469859,0.514278076905269
"43",1.09435037370653,0.0420747391830454,0.0889611817133593,0.04321210419694
"44",1.50309698571066,0.162695118702062,0.280985483752819,0.157948602359152
"45",1.55803527969045,0.277530854329376,0.36379292635305,0.283515362132895
"46",2.67484646203578,0.631373028147584,0.756767378926347,0.623988305088199
