"","v_bh","v_daily","v_mon","v_con"
"4",3.01850325506474,0.763930702524359,0.901716179175014,0.752950173236642
"41",3.43295775896501,1.04418440423746,1.16024031640226,1.03223873675921
"42",6.39286436354922,1.4588632516791,1.63419881510332,1.47123460331857
"43",1.2098950399439,0.0796582379414188,0.135340136573241,0.0803992604500197
"44",3.32186030548273,0.835235935820348,1.01087238034301,0.841619560721793
"45",1.34845841100136,0.12062419990923,0.191643961112799,0.116761825599714
"46",0.849652074365311,-0.101307949448299,0.0587162995545141,-0.111311567137395
