"","v_bh","v_daily","v_mon","v_con"
"4",-0.0118419001538923,-0.100600450557354,-0.0907851928301207,-0.101005105447975
"41",-0.116173208558045,-0.163429322512702,-0.162715064923018,-0.162814078291298
"42",0.201416592206932,0.107128832322744,0.108942263761194,0.107876109768009
"43",0.871353991307432,0.476092941491334,0.498359158001167,0.472728317923534
"44",0.364199899062499,0.166964390159579,0.187520821532211,0.164262648188441
"45",-0.225997365907025,-0.284627606665361,-0.286680480853141,-0.285565586736861
"46",-0.15704423521441,-0.221659156878252,-0.216515129384963,-0.222605524123286
