"","v_bh","v_daily","v_mon","v_con"
"4",0.134656992797891,-0.144674070380857,-0.120578440296195,-0.142971235398293
"41",-0.101530094393314,-0.198331197987037,-0.196521105179065,-0.198586978746793
"42",0.270817516805006,-0.0229321297376868,-0.00606734159256961,-0.0215407922825728
"43",0.803457882851452,0.307669624381496,0.333320781451302,0.309086448334644
"44",0.0327502728024109,-0.113828097062862,-0.104067317545244,-0.113442836281611
"45",1.08559710376249,0.486990792024451,0.522515828490957,0.487375290400898
"46",0.298841046528874,0.0731125009207925,0.0975471934081602,0.0712965334372022
