"","v_bh","v_daily","v_mon","v_con"
"4",0.0323117644860007,-0.21785439368164,-0.188989851380032,-0.217472177237694
"41",0.212623094987496,-0.0174221443690441,-0.0116331690419509,-0.0161736345827252
"42",0.725611444195532,0.190553353352477,0.220436612110093,0.187665026096782
"43",-0.149150164015138,-0.356276932309208,-0.352694268742757,-0.356662451097193
"44",0.641855733694109,0.0770066118439439,0.121913286364334,0.0734043822749761
"45",0.525944961537172,0.145949682677284,0.164006285017572,0.146596811709935
"46",1.05142187293834,0.283445461354891,0.303237107629394,0.281398105528516
