"","v_bh","v_daily","v_mon","v_con"
"4",3.6869783092304,0.798112090049098,0.996253915671311,0.785447111702668
"41",6.6498603779581,1.39889670734121,1.79197496965731,1.40679079671953
"42",3.49387067816092,0.729364321345199,0.883987939116099,0.740180640768455
"43",4.71533789684052,0.981893875091942,1.13874152345256,0.949785057328669
"44",2.29132045106299,0.294568594818359,0.428820479018515,0.290101321535852
"45",11.4049274423321,2.32198952019433,2.86436119116944,2.29706581958806
"46",18.4412944392173,3.89678388753283,4.69832787041304,3.87664494421241
