"","v_bh","v_daily","v_mon","v_con"
"4",6.35369901661923,1.70589462484911,1.96682312962213,1.68763163943127
"41",0.925295393776311,-0.0350207037317971,0.0210813081422145,-0.0318551209250617
"42",1.59924598940395,0.282953972040507,0.375063385291724,0.267499930445838
"43",0.919390551518394,0.0420687183176476,0.102276892401218,0.0369215244405816
"44",3.1845570849731,0.872072379330717,0.976622371052614,0.860813779498021
"45",1.04604513309947,0.127039304334389,0.184029162479896,0.118899391246972
"46",2.55098259493051,0.579274685212151,0.673221774476671,0.585656767568501
