"","v_bh","v_daily","v_mon","v_con"
"4",-0.0880562453601712,-0.119526267785483,-0.118177462453923,-0.119651273566246
"41",0.0219729393320689,-0.0107883201936079,-0.00654424670889764,-0.0109053339729406
"42",0.0307610803868403,0.0153021057215308,0.0208023754500326,0.0153605383439914
"43",-0.225752448977627,-0.257802089738961,-0.253045194301011,-0.259068364000706
"44",-0.225752448977627,-0.257803364955909,-0.253116970736374,-0.259069894640862
"45",0.248904901466341,0.20839267940319,0.214861844948156,0.208243378978958
"46",0.167986200679725,0.0731131268972871,0.0817850961341891,0.0721302497839531
