"","v_bh","v_daily","v_mon","v_con"
"4",4.49281190574627,1.02258725170989,1.24516677016035,1.02692919198317
"41",3.12316612911997,0.492116652759639,0.622540025137271,0.491193400362937
"42",1.14901080109349,-0.046442577138615,0.0850089326644237,-0.0536098620199548
"43",7.13829826345155,1.97119500591246,2.40408820120859,1.95317683973835
"44",1.6704502024515,0.123595449848982,0.245176511162424,0.112230208496982
"45",7.47684485443909,1.67886000553816,1.82980701167518,1.65787965866731
"46",5.04540819315829,1.30368748191417,1.4536759488929,1.28911130419357
