"","v_bh","v_daily","v_mon","v_con"
"4",0.0894827349873695,0.039222675813356,0.0411659172285459,0.0393027622974449
"41",-0.183891074088538,-0.206999763531746,-0.203204361176428,-0.207609034621099
"42",-0.0363174448119175,-0.0441162438733462,-0.0452096608553738,-0.0442883532129326
"43",-0.0681137593099534,-0.085730977144423,-0.084340087824049,-0.0864515775913759
"44",-0.0681137593099526,-0.085701557558207,-0.0845478761353884,-0.0864779527339468
"45",0.0509053762132479,0.0468024880149223,0.0464110588239897,0.0460743596405706
"46",0.0814610994417913,0.0159347988153131,0.0222181320846269,0.0156719552684748
