"","v_bh","v_daily","v_mon","v_con"
"4",2.19787357050784,0.44716641600133,0.608977859478925,0.438089437589822
"41",2.34689710830503,0.355868952745519,0.514768651529673,0.354406164692515
"42",1.51823645206136,0.32085251205854,0.372997637275422,0.323860840980685
"43",1.74789240281621,0.307131335133689,0.412462239022655,0.305095898690022
"44",4.19464483288632,1.03128169020842,1.19827840372094,1.03394900349543
"45",2.88386800836615,0.606191979606982,0.77343157469152,0.602237912167721
"46",4.65085810470751,1.12336067042032,1.33341878945998,1.11754122049443
