"","v_bh","v_daily","v_mon","v_con"
"4",2.80355736131531,0.896886204066058,1.03893207839102,0.890084994204783
"41",2.28051785880086,0.590670524620388,0.750092060376057,0.587548360458216
"42",4.10769776871567,1.06353965943887,1.19801502988172,1.04887574158036
"43",1.63774653899564,0.250045196342348,0.338324044683934,0.246967338152856
"44",1.2399491680932,0.137742283455616,0.214795863365032,0.131871880152014
"45",1.76257218308313,0.403777843866461,0.494179707073865,0.400435686484828
"46",3.45493583378452,0.852788282134805,0.999872450064486,0.83424382199075
