"","v_bh","v_daily","v_mon","v_con"
"4",0.324231270760261,0.0662599768094685,0.0737476227526264,0.0640486105795457
"41",0.794806584746711,0.342802029700991,0.357086342021983,0.344016893972444
"42",0.0572773193470257,-0.0263464035845979,-0.0234224302217214,-0.0277639889015657
"43",0.219968685181112,0.053096024884423,0.0556447823298347,0.0521346670807388
"44",0.491641442866937,0.204737861667462,0.221526799929473,0.205122299721688
"45",0.0545885468431688,-0.122294095612877,-0.120119738421352,-0.122691350189937
"46",-0.0804174988646689,-0.237807965350303,-0.219041234920233,-0.239036021731382
