"","v_bh","v_daily","v_mon","v_con"
"4",0.784798032124124,0.212105784097827,0.247460216127573,0.208702586730055
"41",2.0748089869576,0.742914164214807,0.790324104398774,0.743268423739544
"42",-0.103498497498737,-0.237336861469793,-0.22456225904297,-0.237717933814682
"43",0.160472454565409,-0.145907873531029,-0.113228692387998,-0.144739897791491
"44",0.540037914562021,0.171817571257944,0.172955652566312,0.174653370230464
"45",0.223999839727255,-0.0725038407606866,-0.0574912180872511,-0.0693180998118774
"46",1.13278375712001,0.380320210674878,0.410429356166362,0.380627066068947
