"","v_bh","v_daily","v_mon","v_con"
"4",0.159523280427714,0.206766446341378,0.196042293210812,0.207158350197981
"41",-0.0453636316823163,-0.149530686140006,-0.131491341185307,-0.149980407311002
"42",0.01547849424123,-0.0959773801633603,-0.0896353856383865,-0.0966742554918354
"43",-0.229461142918805,-0.334729024407714,-0.328357206475955,-0.334313559932907
"44",-0.17000654783962,-0.245135391856768,-0.242996998890628,-0.245157994308771
"45",-0.102164822932895,-0.124273592061224,-0.128802482763367,-0.124654683544085
"46",0.0214671710601397,-0.128178492555412,-0.116160101243792,-0.129680141536524
