"","v_bh","v_daily","v_mon","v_con"
"4",0.828089719839684,0.0978882284802189,0.13456053816122,0.0941797804442674
"41",2.89016905745629,1.10568955387725,1.19495273555465,1.1095465657348
"42",0.505877143551645,0.062672295918472,0.0860476944965347,0.0656863668879129
"43",2.25513107667751,0.635502984508552,0.678089115770145,0.62481954843738
"44",0.648808476766446,0.0427642426475958,0.074950814109549,0.0451715739991063
"45",2.0031931704187,0.642134168955466,0.702412294681994,0.647262708303489
"46",0.693767416670295,0.0938529422791259,0.134127253810683,0.0944461938527126
