"","v_bh","v_daily","v_mon","v_con"
"4",1.40281303116627,0.244261136519579,0.349075435893518,0.242679791862968
"41",4.90336634770298,1.58430542095663,1.86553121836811,1.57213867204124
"42",2.9023825160974,0.839764633912107,1.08560821396585,0.838986963982197
"43",1.5278220027669,0.244801741972356,0.358257842490389,0.237211390317283
"44",1.22782838174573,0.0515265962860241,0.162432884924401,0.052984629216589
"45",2.05411922839722,0.289894514222329,0.468269692367433,0.279972771580077
"46",0.942677383937763,0.108905902566844,0.167141260904986,0.110310053888929
