"","v_bh","v_daily","v_mon","v_con"
"4",0.939979567946887,0.329796101381677,0.352222598914617,0.331043539401219
"41",0.236768464454219,-0.0600565478657238,-0.0404358433985874,-0.0634726850018139
"42",0.315927031279235,0.0571083018942424,0.0704935738670032,0.0593445358379361
"43",-0.0231039635243633,-0.253803802638437,-0.232400878072657,-0.252377382596589
"44",1.04586515912491,0.440195873738138,0.473472181516577,0.434937677898318
"45",-0.0844606276872666,-0.253364173603814,-0.256475555878258,-0.252360073905707
"46",0.19694820808152,-0.0956970235974937,-0.0725892491788827,-0.0987940036027366
