"","v_bh","v_daily","v_mon","v_con"
"4",1.29042491001579,0.0401799692996714,0.16197118466535,0.0259269846401615
"41",3.83061359448722,1.00700986604824,1.13221128903349,0.994016941821279
"42",3.0809195787566,0.494610713510728,0.583309534275214,0.489884591668271
"43",8.77625788101829,2.04490154429775,2.30585780478657,2.01057629026266
"44",1.558006787886,0.0881816719607178,0.121279105600127,0.0784658222932619
"45",2.58526014937807,0.510321831047521,0.632034046497323,0.49566689694069
"46",2.70174073335934,0.547724930992418,0.701749765931732,0.553710683013569
