"","v_bh","v_daily","v_mon","v_con"
"4",3.00701537574263,0.348174657982048,0.509718348888231,0.326738314682154
"41",2.05182230164566,0.221737518625659,0.31928326217247,0.208864988037668
"42",4.9128761582592,0.975807850018181,1.28007426043598,0.970735707259113
"43",3.77495957592487,0.939015741839914,1.2831480884821,0.91774927784572
"44",10.13931856988,1.82917522354543,2.63650163175144,1.79339439323125
"45",1.82674957068705,0.152819786690012,0.217155566672534,0.151730826133458
"46",3.47027240223959,0.598188204664984,0.743875315368934,0.602936905760092
