"","v_bh","v_daily","v_mon","v_con"
"4",0.914283909817323,0.48851620562177,0.503323942616767,0.483681676809918
"41",-0.0162620006807508,-0.128471952872197,-0.125816413190108,-0.127930246724927
"42",0.471872750243738,0.212989034600257,0.231155706051382,0.214168422110561
"43",0.0887684550422758,-0.166279974332153,-0.152430551518125,-0.168756523079859
"44",-0.0509762026557987,-0.229003044468332,-0.221001552554383,-0.228301459160567
"45",0.897914962187338,0.353673593701358,0.385067226735255,0.349262507000725
"46",-0.222102364478424,-0.313264325262655,-0.308095623377328,-0.313418581872618
