"","v_bh","v_daily","v_mon","v_con"
"4",4.03882332335329,0.910396802767782,1.01801083201323,0.902172493557913
"41",31.5457608962634,5.34104743175925,6.36420526768999,5.33792072416256
"42",4.0373936755188,1.07234076664221,1.21363657322661,1.05570558477956
"43",0.955855413424506,-0.120340594880803,-0.0409582948717979,-0.127740631640105
"44",3.33517479768944,0.677737325127119,0.844313083608009,0.676418609766831
"45",8.94197494641975,2.19570430839956,2.61523112341092,2.1525251562289
"46",1.79538715799766,0.081259204657874,0.195242296167665,0.0807473854660565
