"","v_bh","v_daily","v_mon","v_con"
"4",1.25630376337158,0.246883405478301,0.31741618515463,0.247493715836704
"41",3.48202842925923,0.974507728516735,1.17864304085364,0.968441127612325
"42",0.834249486815438,0.089681368894686,0.0937011581561813,0.0840400881197341
"43",0.896863662150785,0.0749989498781409,0.095235211499471,0.0709463720893435
"44",1.11071052298669,0.314160903035424,0.367295167038847,0.31152108328285
"45",2.02481988378818,0.550760106194255,0.592872919110045,0.54591351370029
"46",3.06869892732902,0.87688050819567,0.952693448683181,0.866331321176001
