"","v_bh","v_daily","v_mon","v_con"
"4",3.28403521998551,0.906983474305781,1.05720742700455,0.898298047634217
"41",1.48019050881181,0.235524076259817,0.313773332667095,0.230740072367189
"42",1.95876184105377,0.473109572068611,0.554168117776886,0.468212304857045
"43",2.60134301926834,0.482799743029287,0.616903647280235,0.495270555450768
"44",2.37125260321636,0.390332100080054,0.480790536783467,0.387853435343079
"45",3.13339034648522,0.688103223870858,0.805693098557033,0.682834281880644
"46",2.00780237590494,0.336694590962886,0.428557429946818,0.317490060056217
