"","v_bh","v_daily","v_mon","v_con"
"4",0.358103014292405,-0.0530925562475622,-0.0344858539738322,-0.0522416976906621
"41",0.187840909242544,-0.194278026348589,-0.163256830387591,-0.191892399324242
"42",1.43346970617494,0.531435206367469,0.590051776788741,0.523147636045995
"43",0.0740803561477317,-0.307406245533506,-0.284570380130721,-0.308064709848918
"44",0.86891792382815,0.0867063850012841,0.147809534335159,0.091134795022108
"45",0.883344864501733,0.200835802244676,0.252957242536801,0.202868669088905
"46",1.02682407291001,0.302790923251046,0.387041627958336,0.295537371328413
