"","v_bh","v_daily","v_mon","v_con"
"4",0.368143790897431,0.179776544155961,0.184675187414383,0.180484831378311
"41",-0.00864036300100146,-0.11376694558155,-0.111467779714529,-0.114220110694247
"42",0.194659972300339,0.0963976462938838,0.0973876170982098,0.0965468485429501
"43",-0.0713360760086212,-0.178402416789572,-0.166850831146978,-0.177105713159979
"44",-0.0713360760086212,-0.178459606336136,-0.166920605829763,-0.177108253856677
"45",-0.227192438237061,-0.303967577252932,-0.302152942775179,-0.304003440590713
"46",0.035590025417743,-0.101526010297972,-0.0984512670362485,-0.10099631430755
