"","v_bh","v_daily","v_mon","v_con"
"4",4.31548480792886,1.04190483718968,1.15400006467968,1.02230200033916
"41",1.70842242305628,0.351451044885093,0.40293118597105,0.347182800516878
"42",2.64060073635482,0.708711550019821,0.869089906911984,0.689004588158041
"43",1.89103215058893,0.392963880677256,0.426813283635409,0.382201998371115
"44",2.42997274810698,0.48755457729143,0.595222678997803,0.492197546775355
"45",5.55408190476809,1.66386003841316,1.87905079961781,1.65097624595326
"46",1.42152449598141,0.217917766789878,0.290004728961281,0.214184260268433
