"","v_bh","v_daily","v_mon","v_con"
"4",0.597509385374204,0.093799979239833,0.134055450599106,0.0917923235410312
"41",0.181204917498341,-0.169569294323483,-0.144432040223977,-0.171237264598927
"42",0.429284392029687,0.0381741137352996,0.0879464728587482,0.0364471136424287
"43",0.847723179901223,0.268011896888579,0.305100204467938,0.268218737696376
"44",0.818596492440149,0.243698435890131,0.304784255178674,0.243689614462456
"45",1.1399727064757,0.32624082065995,0.371221665963112,0.331047076292518
"46",0.550303821939139,0.0446744641851997,0.0921604473778128,0.0428424141354009
