"","v_bh","v_daily","v_mon","v_con"
"4",0.406883470989598,0.184719785551536,0.19826552818811,0.185973524625156
"41",0.653720918823499,0.383907071335841,0.396632468231008,0.381616577074843
"42",0.45939344006815,0.358193266701133,0.351245746849639,0.357855568676262
"43",-0.0777091296503083,-0.208620896253394,-0.196932174503052,-0.209295080727633
"44",-0.0777091296503083,-0.208643462466144,-0.197010839356191,-0.209282869939593
"45",0.593876504880203,0.371268506773766,0.38025267311667,0.371826520566523
"46",0.502178863512103,0.294083155739868,0.303096140327139,0.292580877218152
