"","v_bh","v_daily","v_mon","v_con"
"4",0.52830888362642,0.0384320061383376,0.067232103685992,0.0387068445183756
"41",1.26743033741634,0.398846580835872,0.421483156655565,0.397277119560391
"42",0.289937979916941,-0.133985708003946,-0.112210335349273,-0.134977338661414
"43",-0.0756757630115601,-0.340426281309986,-0.331314623540079,-0.340817662288202
"44",0.399565226825093,-0.0780743047987715,-0.0880267723133406,-0.0784283893842885
"45",0.256004553369882,-0.155705028401468,-0.141219948930141,-0.151793239261948
"46",0.846006927651525,0.263102270102754,0.31477188353618,0.262386125844188
