"","v_bh","v_daily","v_mon","v_con"
"4",5.10134114570612,1.40978380318094,1.71916169611112,1.41100939671391
"41",1.53849520192223,0.302722438943578,0.429675591383406,0.302264232459777
"42",2.23634987860522,0.523744253166331,0.643943723917042,0.525290509282443
"43",2.81495829193484,0.493853690100462,0.660713576087379,0.499185599115701
"44",9.49992245783064,2.27807329841356,2.63383733419814,2.24219453933015
"45",2.25111504291494,0.435296563441192,0.484724552898288,0.446223827186708
"46",2.22946188422576,0.368611885820327,0.489698818638848,0.379416813059131
