"","v_bh","v_daily","v_mon","v_con"
"4",2.63085166150259,0.79736814303486,0.877504769252209,0.79230331332848
"41",2.2457630436487,0.527867831327384,0.626407980862246,0.520842786114268
"42",0.832264706438612,0.0569711579070469,0.0941005298384017,0.0539344630946932
"43",1.52097164456499,0.493223207394949,0.540031358518857,0.493190526222568
"44",3.59708799340098,0.850476584887507,1.02356751484164,0.853226352165133
"45",1.14320055119304,0.143557427461867,0.202456538428195,0.144336326005341
"46",1.12915767820075,0.224870757064649,0.241867530417621,0.221423897388784
