"","v_bh","v_daily","v_mon","v_con"
"4",-0.215163385377624,-0.283724014547077,-0.27730915740843,-0.283864042751606
"41",-0.188654935110387,-0.265490804664893,-0.261810994556365,-0.265198112192364
"42",0.0549789390904731,-0.0120190060193619,-0.00751104963578708,-0.0126039698319711
"43",-0.175303727993264,-0.210888544602279,-0.21174042135275,-0.21048637769071
"44",-0.175303727993264,-0.210912926435038,-0.211751340115438,-0.210490149870817
"45",-0.201866753124226,-0.249533163327221,-0.24545850623572,-0.249224056012913
"46",-0.205261482105759,-0.256526267544231,-0.25235862171135,-0.257162062764847
