"","v_bh","v_daily","v_mon","v_con"
"4",0.581475312392709,0.385445424391338,0.399024824825196,0.385125318613881
"41",0.0861420636558852,-0.0745060450977881,-0.0699299963019833,-0.0752547474634016
"42",0.125494836751769,0.0271524055017554,0.0290863602065676,0.026908727131548
"43",0.775246778710601,0.440854022090169,0.471811797947086,0.439939590821134
"44",0.775246778710601,0.440791630043216,0.4715937725818,0.439964353028522
"45",-0.277738704585469,-0.353071560950446,-0.353687628293348,-0.352212508523096
"46",-0.283338439553039,-0.273056159559788,-0.273870359406016,-0.273411515598205
