"","v_bh","v_daily","v_mon","v_con"
"4",0.496718537768096,-0.282221852133512,-0.232380362612695,-0.2833129924133
"41",5.35878432286232,0.979682119415947,1.21777156676033,0.968327670335791
"42",2.87881870453485,0.671425375867987,0.789393766110777,0.678869094612754
"43",4.35100669645213,0.945728763227747,1.09854077655446,0.933861382648273
"44",2.77225085102648,0.522110605937181,0.68415826510815,0.510974782267785
"45",3.24251941905488,0.526682858234746,0.61446983814193,0.508188997737561
"46",2.15275457397854,0.440868335446022,0.542082558436909,0.442176592290396
