"","v_bh","v_daily","v_mon","v_con"
"4",42.7701317863652,6.17250803145307,7.5544791777175,6.04225180709618
"41",2.99905553023888,0.496662309959151,0.551458184365562,0.484550755036254
"42",3.95109569668215,0.840473658366442,1.04356998026608,0.851475066258815
"43",6.38019010162973,1.59528038304536,1.81943633675767,1.56237137208697
"44",5.23292128650242,1.05546132033281,1.23966217900992,1.0223539633485
"45",4.75134234250074,0.894007565162898,1.15389994166523,0.894320023893069
"46",7.76055797851798,1.42882683742461,1.64798350150407,1.44816961001312
