"","v_bh","v_daily","v_mon","v_con"
"4",0.358910754944773,-0.0485555921536833,-0.0347416358076091,-0.047639393354769
"41",0.745740987774179,0.168508393517682,0.20373313280097,0.167937017384897
"42",0.0935212839914255,-0.315789588860342,-0.299718700959718,-0.314832600822678
"43",0.407115474622392,-0.0481582175367046,-0.0181729244979585,-0.0521647933158182
"44",0.485859397710379,-0.0276276051748483,-0.00789115172422372,-0.0270906053194615
"45",0.70926779487343,0.041072715271413,0.0799772563208188,0.0390150196537031
"46",2.19463201487973,0.601277875536568,0.71507697309549,0.586582094969258
