"","v_bh","v_daily","v_mon","v_con"
"4",0.560996949581936,0.229642765000552,0.243366780649457,0.230672139561266
"41",0.850388874331161,0.450805894281553,0.480740661410595,0.451114159798602
"42",-0.137651263859871,-0.285345663111188,-0.275140647187179,-0.283547016658875
"43",0.161419466624935,0.0159053244356988,0.0176146981320162,0.0176008013084461
"44",-0.157910023940025,-0.238457811750167,-0.237976638863231,-0.239386139434524
"45",0.237637722869012,-0.00738660973355243,-0.00142899119283957,-0.00690799953362697
"46",0.390632392266075,0.122399173935676,0.1263511343216,0.121258730978189
