"","v_bh","v_daily","v_mon","v_con"
"4",0.455679487005851,0.225531124424804,0.254497724315664,0.224781551344467
"41",0.138652247230247,0.029639588184426,0.0309611814636517,0.0291345779433998
"42",0.0828468927471695,-0.0159529001334024,-0.0123377198127574,-0.0161963455118155
"43",-0.115741744506095,-0.190240471789088,-0.184315848495786,-0.191518849778887
"44",0.496050951390617,0.20855978344775,0.234889918087055,0.206367170276838
"45",-0.23801874866558,-0.303296283249332,-0.292088106964841,-0.303209840698415
"46",-0.144277482504335,-0.154423352943987,-0.155039897567065,-0.154555793328099
