"","v_bh","v_daily","v_mon","v_con"
"4",2.00041686936248,0.572429259086504,0.700508448279218,0.562039377570711
"41",1.18414345777663,0.374110743001205,0.445440278053571,0.371728660069174
"42",0.875652641982819,0.139071321105876,0.168161338307389,0.136450316888256
"43",0.456696214711805,-0.11410927605244,-0.0555347607540293,-0.114359476102198
"44",-0.00423200263258838,-0.263392219727974,-0.254270228770056,-0.268492053998498
"45",0.689712523428922,0.139715777077945,0.191209745249655,0.137969764985847
"46",1.17984685823703,0.348209575961473,0.398853430496647,0.348139951794153
