"","v_bh","v_daily","v_mon","v_con"
"4",0.187696524749205,0.1233342486701,0.125596796712198,0.123373605979383
"41",-0.267981067703684,-0.32134498420466,-0.31528692522097,-0.320921933872861
"42",-0.321065906514362,-0.312962923898843,-0.317718611364233,-0.312859972900215
"43",0.496050951390621,0.208720818825262,0.235577070339556,0.206307224572014
"44",-0.362922038243146,-0.367924539504253,-0.369747497612629,-0.367098665206058
"45",0.700962476728154,0.331923495050047,0.38097561724966,0.329945266273871
"46",0.0774792436008513,-0.0832669163490429,-0.0644225350177821,-0.0847293491195988
