"","v_bh","v_daily","v_mon","v_con"
"4",-0.0290056234784455,-0.0950551572673715,-0.0920841338656708,-0.0943988423863895
"41",-0.0773955138786699,-0.195334534451896,-0.189940742247359,-0.197564607173587
"42",0.164976106387793,0.0769846272564076,0.0852229237570636,0.0777320104015722
"43",-0.362922038243145,-0.367958255308926,-0.369787771192047,-0.367085172340011
"44",0.185771028458927,0.0372800097210066,0.0427528068002512,0.0361881210669961
"45",-0.13703819048206,-0.217588681766532,-0.207384928894953,-0.217269396916751
"46",0.14798773315783,0.0210426917307549,0.0353996109516852,0.0210291168898156
