"","v_bh","v_daily","v_mon","v_con"
"4",2.84384154003834,0.413542229555329,0.522348158340857,0.41985163450921
"41",4.01184733698562,0.880368723059421,1.01388679743913,0.871620980885719
"42",2.33321437433162,0.381682512135981,0.451934324780674,0.373940239464786
"43",2.07550044768773,0.23636851042028,0.370492189450776,0.241707669162474
"44",3.90732187463456,0.920541443998341,1.10099163242686,0.929011728300401
"45",4.43730765275238,0.787414403531445,0.994407343716511,0.763440163627224
"46",2.80012746665993,0.511959220029582,0.561993544128355,0.493095441295861
