"","v_bh","v_daily","v_mon","v_con"
"4",6.13804261331846,1.29971961643561,1.67161085413595,1.29256895549405
"41",1.69671744038081,0.214668173693055,0.327010320247022,0.220040742207959
"42",1.37682856532433,0.0602022004990803,0.113407279682945,0.0590216460000428
"43",10.1476065409029,2.95589393780171,3.39585041895425,2.943036444503
"44",1.99651189062017,0.377885448732711,0.486187516400602,0.374680114517489
"45",7.40967082091175,1.65033706790433,1.90924680916413,1.63713407600677
"46",5.733548363943,1.4220717899289,1.6737201718934,1.40046318975536
