"","v_bh","v_daily","v_mon","v_con"
"4",1.80606320230939,0.412440917880799,0.532337077177514,0.399628186633
"41",3.7122236313313,0.894403040802542,1.04956764245585,0.898253411825563
"42",4.23921615759632,1.28465254965412,1.59128646659709,1.27180427004718
"43",2.21680471289051,0.486717669339902,0.551385047221113,0.47899044523417
"44",1.70104099537237,0.384628832720976,0.516128606907333,0.381182087476362
"45",0.755218558079724,-0.0731539415762148,-0.0102016716675286,-0.069280977293567
"46",2.6420753958501,0.615989477712807,0.735350394895344,0.606520905916086
