"","v_bh","v_daily","v_mon","v_con"
"4",3.81155102409222,1.0412767754936,1.20546480610981,1.02871094464757
"41",2.40874525451655,0.470720746128455,0.634739337684472,0.453448866818617
"42",3.69658686663133,1.01539573807836,1.20049621619021,1.00484131381577
"43",0.943634954555431,0.0328244364789763,0.120293263917465,0.0310787426001742
"44",7.04348137857308,1.45956754652549,1.62323173997441,1.42811249626866
"45",1.04280183542394,-0.110999079222349,-0.0452160587121639,-0.110122810327498
"46",3.64387582059579,0.767710669707685,0.966844535635269,0.756269191699205
