"","v_bh","v_daily","v_mon","v_con"
"4",0.261064296198884,0.0883332553082439,0.101990834881156,0.0864157822458873
"41",-0.163216483198819,-0.187011772181282,-0.184324317655215,-0.187582099502639
"42",0.0305289975615066,-0.0475340366813195,-0.0427119929233997,-0.0479914584058934
"43",0.355334085745419,0.185341052448981,0.201162481890683,0.183917733648423
"44",0.110146699063329,0.0252276616408076,0.0418946386617103,0.0221292940947588
"45",0.138694677556675,0.021378987622362,0.0302254032696667,0.0218799215140875
"46",0.687732000584381,0.40341998704703,0.427548064192369,0.403970157766356
