"","v_bh","v_daily","v_mon","v_con"
"4",-0.16139485398849,-0.25426206998349,-0.241078356482193,-0.254789074811852
"41",0.360116251156898,0.137424557288915,0.152046841899434,0.139452554167395
"42",-0.205166215937971,-0.212004931198068,-0.216537798656618,-0.211997457001385
"43",0.028303393488962,0.00820192579266532,0.00373396126328229,0.00746336932624603
"44",0.35533408574542,0.185254504623153,0.200758851524325,0.183889457432136
"45",0.157503288091414,0.0552675248299241,0.0643881189328259,0.0561340089080304
"46",-0.0956189161658467,-0.0766770449362073,-0.0799610576630831,-0.076036090502595
