"","v_bh","v_daily","v_mon","v_con"
"4",0.300567142948218,0.0830073003320755,0.100140626342156,0.0815408245896831
"41",0.187819165168725,0.0697147909148055,0.0778682139932014,0.0710634154819112
"42",-0.00189627775981238,-0.036173863393715,-0.0365134422068278,-0.0363898167854342
"43",0.110146699063333,0.0252228193271948,0.0419691663477755,0.0221437000505373
"44",-0.115741744506094,-0.190231681149625,-0.184535522799594,-0.191495321249747
"45",0.0596443966592504,0.0500104652892945,0.0495486558097613,0.0509234748028411
"46",0.0120043621389958,-0.122568919585837,-0.109305648392861,-0.122624011450365
