"","v_bh","v_daily","v_mon","v_con"
"4",0.0873794339931453,0.0359223851852217,0.0380233490175272,0.0364044020593006
"41",-0.0791627070510041,-0.131400601890276,-0.122198745139584,-0.13054140940732
"42",-0.0937682524750429,-0.205251775443938,-0.19253382756263,-0.206106059704491
"43",-0.170006547839624,-0.245102582227609,-0.242846666645765,-0.245163287280446
"44",0.871353991307431,0.476109402705637,0.497215509563777,0.472673691296224
"45",0.282231367460593,0.198307783911837,0.201403028695615,0.198412542791492
"46",0.151764387956925,0.0350359775184397,0.0352237671832243,0.0343272820752158
