"","v_bh","v_daily","v_mon","v_con"
"4",0.579709880840717,-0.0610613032276484,-0.0327492479916009,-0.0540841126761231
"41",0.577090624912967,0.0529503902592285,0.0921132425837854,0.0520682472828757
"42",0.591249307086524,0.0471247552213945,0.0957352508004856,0.0489913651539937
"43",0.0508644397318831,-0.189005805647583,-0.18467840440144,-0.1894486558846
"44",1.66806862978295,0.494174948001294,0.559304906794664,0.491150721143846
"45",0.978245596694378,0.245376553922339,0.302639679509824,0.243729433785833
"46",0.612340448168254,0.0155177127342063,0.0395845547518312,0.0145860180519213
