"","v_bh","v_daily","v_mon","v_con"
"4",1.14395639555711,0.285286379812416,0.352254331582928,0.280101048991019
"41",0.148060157574513,-0.181966680762142,-0.155846862725443,-0.17933752644011
"42",1.04619885147113,0.302164201568829,0.343294176840747,0.299775422815339
"43",0.592204486948558,0.097581546765273,0.131702490631859,0.0987953658440341
"44",1.36053430937849,0.476796686406917,0.525958508773489,0.473168292650238
"45",1.09593168705052,0.274454330078471,0.337428853415132,0.272793544787439
"46",0.302842408797852,-0.0918562874332309,-0.0610695816109548,-0.0910809335701064
