"","v_bh","v_daily","v_mon","v_con"
"4",0.0480740377577211,-0.0668490125949912,-0.0565877752897643,-0.0666685972312906
"41",-0.235507357888542,-0.295256199162682,-0.289978697720175,-0.29527886456413
"42",0.399021246781576,0.249020824461706,0.264034191893459,0.248643093279699
"43",0.265090582552064,0.191948094659645,0.189011543899916,0.192509905506024
"44",0.265090582552064,0.191955067278778,0.188949368986429,0.192575501697525
"45",0.0362563489354431,-0.049634578887642,-0.0371383612843124,-0.0502103633439193
"46",0.0293167624824076,-0.0584489350878998,-0.0442439943414685,-0.0585702972133011
