"","v_bh","v_daily","v_mon","v_con"
"4",-0.100209084676705,-0.155717381282151,-0.149320988780864,-0.155363586680724
"41",-0.170842207199311,-0.195362331864006,-0.193655535264548,-0.19561676242116
"42",0.502446408341349,0.351682283001093,0.363270040596273,0.351570446956317
"43",0.430415165163138,0.361889415587611,0.366586949319632,0.361864046095899
"44",0.430415165163139,0.361861531959118,0.366621172359975,0.361853436429188
"45",0.295197458200949,0.294732877953214,0.291137241314106,0.294175217272223
"46",0.0797662056280668,0.0752044120346733,0.07544386571035,0.074894073009443
