"","v_bh","v_daily","v_mon","v_con"
"4",3.50074547645114,1.01172281327139,1.18652267758601,0.982573456265238
"41",3.9692469791289,1.10225897501067,1.25954386482014,1.07936473148127
"42",2.90212570916465,0.612946210128239,0.762747345672202,0.606985800439312
"43",7.94701829379347,1.64994869756021,1.91697655949267,1.63000290012161
"44",3.16033150484648,0.608434707773694,0.763482774967599,0.607139276841925
"45",3.24552384371213,0.747711112948883,0.883628472072365,0.741102392937485
"46",1.28811331687058,0.0575070356913514,0.205490573042385,0.049541234072481
