"","v_bh","v_daily","v_mon","v_con"
"4",4.40359478549952,1.11595775947451,1.37481682764453,1.10762785315607
"41",2.7200276874894,0.599313486566757,0.692025867098472,0.608268429874869
"42",2.79830326076108,0.384307112815698,0.542337665056008,0.384887334223449
"43",2.62992959340592,0.51804838011423,0.687543750448864,0.515533079547735
"44",3.39457875704023,0.713659884610098,0.799080425734694,0.692031457269744
"45",3.29197119977106,0.685933704856568,0.831078757928087,0.675199474789919
"46",3.97949390264927,0.677511488630659,0.913869609457976,0.671663830175113
