"","v_bh","v_daily","v_mon","v_con"
"4",-0.112200490227286,-0.148419287351213,-0.146153054330709,-0.148509399307805
"41",-0.235726818328802,-0.242230198374652,-0.241418252026087,-0.242159727496369
"42",-0.0558279058409243,-0.0580923647569684,-0.060902872653164,-0.0583518475456186
"43",-0.0626272268180834,-0.0639532559253677,-0.0650011112072106,-0.0645521000129601
"44",-0.0626272268180834,-0.0639657260802151,-0.0649333355367676,-0.0645291205652936
"45",-0.0747020341425793,-0.0604505278340022,-0.0602134342255076,-0.0609200996427264
"46",-0.215600984567475,-0.220135602690215,-0.21765522809871,-0.219962057349486
