"","v_bh","v_daily","v_mon","v_con"
"4",0.297952250430634,0.0935233386378171,0.108870875490692,0.0932567190197342
"41",0.472474659201585,0.285979225157248,0.286086680762482,0.285693936165226
"42",-0.00465685054212495,-0.197311294635564,-0.192673104793507,-0.197299315585584
"43",0.280370769186548,0.114958986698458,0.131596094243419,0.116866095578173
"44",-0.219912046881556,-0.336588695593962,-0.328995105751317,-0.336339006201507
"45",0.0840410033156909,-0.0477634551906112,-0.0411022664966336,-0.048992545760874
"46",0.0794250673721462,0.0447751513145032,0.0442442796460583,0.0415702976850962
