"","v_bh","v_daily","v_mon","v_con"
"4",1.09025782717863,-0.0166196173899991,0.0819955066198697,-0.0181489499131233
"41",6.29281321197339,1.4291040806102,1.74694855165448,1.38541482249121
"42",3.62931386821806,0.871604049500287,1.0569547975079,0.837048749907524
"43",1.84360815581189,0.26954926929926,0.34806004786383,0.268266789973931
"44",12.1599324541868,2.40298358573479,2.82458104620393,2.36795393239425
"45",3.05044270052358,0.726817403282112,0.80364467205224,0.712068005690588
"46",5.61482408204394,1.17116347904723,1.41926007536235,1.13816057969651
