"","v_bh","v_daily","v_mon","v_con"
"4",2.01164005291872,0.511960466786579,0.558229037940017,0.501024586714295
"41",0.960627846903393,0.0463283571499229,0.0937684086487214,0.0435829669235743
"42",0.758330287952594,-0.0595396163170561,-0.0316185250368197,-0.0534608013015268
"43",1.44257427295166,0.384692357549627,0.471549374406899,0.383070656606792
"44",2.11820250846575,0.415789980216793,0.473569839241486,0.408238742937699
"45",2.12847522485338,0.598660103908084,0.684909369359155,0.603116131257731
"46",2.90648268702436,0.811682858107218,0.898075548288047,0.802956259091269
