"","v_bh","v_daily","v_mon","v_con"
"4",4.5761477735462,0.943098830711564,1.08606373289985,0.922938123695027
"41",6.27929164791879,1.19728328542425,1.3758575872239,1.19190901748939
"42",2.83225545783185,0.573655683230226,0.605283472234517,0.570827024772022
"43",1.75630003787332,0.179946785862231,0.267188439372375,0.177154620815791
"44",1.6771243092889,0.238884937218339,0.315535297894933,0.232632805737776
"45",7.71256565464261,1.85336069110849,2.37255208405233,1.8320703827791
"46",6.80872565035656,1.65160588720352,1.9286658486991,1.66409078056136
