"","v_bh","v_daily","v_mon","v_con"
"4",0.391506707630218,-0.238928325047538,-0.187640592987801,-0.239262320246599
"41",1.54322496367654,0.260835882820898,0.324553401287193,0.259833102774022
"42",3.75480998228661,1.21958506702505,1.34669700643014,1.22308705821842
"43",1.36984767264007,0.292082409285537,0.380427612113242,0.290446408558193
"44",1.29457840404134,0.282009508686637,0.330224631406752,0.275296600601131
"45",1.12476332831657,0.12497983216182,0.195141807418416,0.125170494551746
"46",1.4629659382357,0.427775279286231,0.460578070128997,0.423309626599852
