"","v_bh","v_daily","v_mon","v_con"
"4",3.13213178335155,0.600648862329807,0.784078916614773,0.600864390969745
"41",1.45620727735868,0.0793039643243185,0.145993418202742,0.0812718659946583
"42",14.4511924814917,2.22443070829943,2.95261849580644,2.22131031500807
"43",3.10471230862576,0.592376897606729,0.685761742120088,0.585801279808698
"44",2.98524951576948,0.539384417533937,0.657966521516434,0.536282123941752
"45",2.48562770757816,0.375010869164268,0.448339826715172,0.364270336603942
"46",2.39547402461584,0.325229973390577,0.398845113893444,0.316883644593737
