"","v_bh","v_daily","v_mon","v_con"
"4",1.0578179936882,0.0869846788269197,0.131755417203816,0.0793706501001039
"41",1.58875604027069,0.378753595985132,0.440219344381104,0.377128328443469
"42",4.05286055402268,1.06502686445411,1.20920134306545,1.05824214102982
"43",1.45949435329375,0.270010365938937,0.350935369183064,0.259080754642895
"44",0.537190734522935,-0.154843487113863,-0.110281538175685,-0.160525650809659
"45",1.99505825064726,0.405580039286102,0.490266816459173,0.407637604172008
"46",1.9073907954946,0.458288030345573,0.5980989058908,0.451995841696545
