"","v_bh","v_daily","v_mon","v_con"
"4",0.695558752720014,0.0724328047436864,0.117299682375316,0.0702646872727639
"41",1.29127871378285,0.258954289371242,0.353334069898679,0.266826482526332
"42",0.82171256800661,0.0935870500394707,0.143937027571191,0.0890061527387367
"43",1.90909331679992,0.678676032530533,0.764589762115393,0.669660906775335
"44",1.26090036598354,0.357914662890334,0.437568530698802,0.360306721633271
"45",2.006105930291,0.537147577593315,0.620520853237895,0.538006484712094
"46",3.70269091499075,1.09088910513723,1.21764385092099,1.09453446523748
