"","v_bh","v_daily","v_mon","v_con"
"4",1.55826766525111,0.597544912161028,0.644627491180606,0.59905187695604
"41",0.00103548382253171,-0.289783091421132,-0.264411470304097,-0.289127320317226
"42",1.46511034627061,0.314156437028497,0.376502159176806,0.307706995775871
"43",1.40005698714686,0.296143648768306,0.381788459362672,0.301849899596686
"44",0.98809357386456,0.343458154677638,0.369292026900381,0.338691326754382
"45",1.84142072752698,0.614910048411715,0.677530940333487,0.616197247603267
"46",0.272496003745064,-0.12296845947112,-0.109586491070836,-0.120759430345518
