"","v_bh","v_daily","v_mon","v_con"
"4",1.1092455453655,0.124569884170193,0.179022008240499,0.129894628913631
"41",0.964857085746696,0.0186547590908863,0.12759697506747,0.0119278686765032
"42",4.91767334814862,1.4074856953197,1.65983159638289,1.40984892780904
"43",2.77314698380789,0.692196965371125,0.817308163337006,0.685377999772056
"44",0.636351801617631,0.0346528770394419,0.0810504732123327,0.0358891449623413
"45",2.1569595039828,0.275230110507402,0.35423394426109,0.27486049722268
"46",1.72486792642813,0.24605137142879,0.338818134009342,0.245387106689972
