"","v_bh","v_daily","v_mon","v_con"
"4",1.22564213947325,0.432031440292976,0.490690392958917,0.42521392388109
"41",0.848117818473098,0.196629835762927,0.221478111844936,0.195659595125107
"42",1.58830759077081,0.493645588824991,0.563842800596456,0.492115893079428
"43",0.456895517855288,-0.0616251489136004,-0.00114806774445686,-0.0656065572862525
"44",0.425528333149035,-0.0684393846918079,-0.0255848677397448,-0.0724463980527057
"45",0.83673468981714,0.154536042559554,0.217974744350137,0.151939563048004
"46",0.951561969084838,0.217990473790383,0.253093943941847,0.217080422093594
