"","v_bh","v_daily","v_mon","v_con"
"4",-0.0512796779309967,-0.151459031752873,-0.141877787658037,-0.150898866607133
"41",0.150081134086665,-0.0108985358814326,-0.00257030899976218,-0.010943992375481
"42",0.120339221181125,0.0524486255043315,0.0550797707805191,0.0506638157202186
"43",0.364199899062499,0.166954631037723,0.18797652950793,0.16428784502394
"44",0.320414537955498,0.066605034325335,0.0808834876500586,0.0667349516881837
"45",0.293990336800663,0.171504278267466,0.182403872533889,0.173864628323437
"46",-0.000351600275850572,-0.127768510230764,-0.124961624283112,-0.127584415455885
