"","v_bh","v_daily","v_mon","v_con"
"4",2.65468205374394,0.520827207187719,0.577267272512632,0.507830968131761
"41",6.23893283174373,1.53655182419948,1.87773299499938,1.52050934907624
"42",8.65522955911735,1.88985603196322,2.21770429851773,1.8743363538016
"43",1.99651189062017,0.377115730838204,0.468567481274545,0.374684986089273
"44",2.08593907026613,0.328480802049424,0.486542426425475,0.326489608602167
"45",4.93605609852885,1.15355084526498,1.31295775408612,1.1480110848033
"46",3.22110148837178,0.596422514790651,0.665714536043963,0.594916100310653
