"","v_bh","v_daily","v_mon","v_con"
"4",0.922615904044093,0.117905169804539,0.217409019427371,0.118778106154555
"41",1.35079043598269,0.461894392604046,0.543958117146125,0.466477250493852
"42",-0.0416549242775268,-0.342090811871869,-0.326265948921018,-0.344198992968194
"43",0.403670981278484,-0.0957372550872266,-0.0559252566241066,-0.0972532653715614
"44",0.704486133433517,0.0939127240320592,0.125392516057251,0.0923857612206413
"45",0.455036528640317,-0.0389731943833254,0.0160479414752426,-0.0405475713797001
"46",1.59902096921993,0.401583123926658,0.472221388420555,0.406051188753496
