"","v_bh","v_daily","v_mon","v_con"
"4",4.46481324655929,0.892957450545648,1.04388630332634,0.888455553410938
"41",5.05669931303927,1.44729335285251,1.6159137818238,1.43122588210601
"42",12.1175531500156,2.13131654064578,2.63495950530911,2.08184088221917
"43",4.65253387332211,1.09493442720523,1.29238852498315,1.08746093276785
"44",1.51386206654866,0.186758256747998,0.291918875308795,0.178165434462615
"45",2.86717828715646,0.744096729135951,0.847086183027323,0.742513927118067
"46",3.88065212478154,0.982281310122256,1.21472333210094,0.977225875994409
