"","v_bh","v_daily","v_mon","v_con"
"4",2.55575802039464,0.551992763782601,0.737041073736237,0.547850490766224
"41",2.25952630984049,0.607652458287123,0.69388684820751,0.598820115761248
"42",2.3055781165573,0.403689583499882,0.536657490506502,0.389253107128942
"43",1.13121131550564,0.115110228567208,0.22362992160006,0.113253907486404
"44",1.7145036695485,0.326963358559363,0.387892511133505,0.321220676462753
"45",1.48182800410119,0.26467708523695,0.331109605904106,0.263021351363229
"46",0.79707761327917,-0.0148699392481224,0.0244057984213408,-0.0180066787323261
