"","v_bh","v_daily","v_mon","v_con"
"4",0.443908120163217,0.102326030708725,0.123041317300594,0.101801303853608
"41",1.1520335703771,0.586993064135545,0.614948100869523,0.581900227372358
"42",0.612799535570218,0.414412609112355,0.421350169046869,0.411022749709883
"43",0.266237906066825,-0.023107943531,-0.00707555170223451,-0.0250143278677215
"44",-0.19025139520708,-0.230414877262475,-0.233930827529858,-0.230913127278976
"45",0.349902924578798,0.0458171371492777,0.0585178199956808,0.0434615681544197
"46",0.0533544852203311,-0.0825755586037746,-0.0713652787105321,-0.0816995044255662
