"","v_bh","v_daily","v_mon","v_con"
"4",2.2133173298009,0.575720354474758,0.721558842514563,0.575079382692961
"41",2.68019084406171,0.730206856773609,0.845770441045762,0.726044001028946
"42",4.46097544664283,1.30044525695066,1.538188739377,1.28835145287217
"43",0.984453700085643,0.0762143102963639,0.147103213236937,0.0708302358982218
"44",0.963370522329198,-0.00732683787770183,0.0522796372070164,-0.00527469162856642
"45",3.16969919461878,0.946370118173538,1.04406470885294,0.938312107125139
"46",1.67029977301549,0.344728399389339,0.382590592293267,0.342179284539276
