"","v_bh","v_daily","v_mon","v_con"
"4",4.48719667779595,0.993723432454624,1.25343047016988,0.979932302553691
"41",3.00978503234077,0.658910875946893,0.860156734552894,0.666795914803756
"42",2.34339405436052,0.363595406588828,0.536415125758597,0.3581427549563
"43",3.37382506467232,0.708257105423814,0.90777069452452,0.70079519360828
"44",11.6505454949948,2.47639223171995,2.89518516689435,2.42836041163845
"45",3.76855120628151,0.767885445979615,1.00533390700854,0.758004731300433
"46",7.46684078151984,1.39950699971632,1.66042504084287,1.40430068875973
