"","v_bh","v_daily","v_mon","v_con"
"4",-0.0581293453375524,-0.0816578034177553,-0.0790762995731793,-0.08192959027155
"41",-0.285740907476376,-0.277390152357323,-0.282419999907087,-0.277245561384714
"42",0.0440812353936972,0.0721094360734185,0.0701341114319241,0.0719145238525396
"43",0.38579089665838,0.336547809015788,0.338397700437142,0.336144257625836
"44",0.385790896658381,0.336555806601759,0.3383700970817,0.336157361870916
"45",0.0963015375489316,0.0745222414044653,0.0743258955353983,0.0746492642042744
"46",-0.0664649614845891,-0.0901145845189326,-0.0886715195767729,-0.0904907502830934
