"","v_bh","v_daily","v_mon","v_con"
"4",2.03066305063839,0.882138389207302,0.970250136538341,0.874871264935673
"41",0.135382822983856,-0.177026123704167,-0.152538432713181,-0.177924626683869
"42",0.554656153634916,0.153908067438536,0.181101396764314,0.156362569682187
"43",0.163214202713947,-0.11777925073709,-0.100923448779134,-0.121008904238169
"44",0.983455392323689,0.454697407751929,0.483085929623639,0.45030904214875
"45",1.00683002943437,0.435906727538409,0.461434479396297,0.432965490537614
"46",0.0616017658350194,-0.288952077840189,-0.282417028077314,-0.291740496607156
