"","v_bh","v_daily","v_mon","v_con"
"4",0.59953370202305,0.330844506111919,0.336428207955869,0.331553310586619
"41",0.294564211606027,-0.00813662377074431,0.0122590479071567,-0.00852767032094892
"42",0.117137949100637,-0.0451084539076092,-0.0259450593286119,-0.046514269163477
"43",0.157674492919178,-0.0776288747785396,-0.0656552423632943,-0.0782139234755141
"44",0.0676641379467569,-0.10212660171748,-0.0950026649788054,-0.101743508673497
"45",0.186019331966814,0.0138784297413803,0.0186878200900047,0.0116111531024838
"46",0.0547903345018197,-0.102279115277452,-0.0923132428975948,-0.104239897249016
