"","v_bh","v_daily","v_mon","v_con"
"4",-0.0286491852073247,-0.0993832814143074,-0.0997908380820256,-0.101576791413893
"41",0.0758410951669135,-0.0681841995837749,-0.0552845657109335,-0.0695482554652798
"42",0.506326557098004,0.218128709616227,0.227363971456367,0.218072691092271
"43",0.0769948959781588,-0.127467504560703,-0.113809312815231,-0.12499530292181
"44",0.0545202542799093,-0.0458581808465457,-0.0401278312636681,-0.0459344622438125
"45",1.11011122935383,0.60024262234995,0.601855155799086,0.597873194468244
"46",0.871677772365647,0.361756118203461,0.374750308605118,0.360655221183451
