"","v_bh","v_daily","v_mon","v_con"
"4",1.66957138551511,0.423810105592307,0.467267836255122,0.424153323326225
"41",0.864327200824242,-0.00693775904729499,0.0147318721227605,-0.00784358097024374
"42",1.68671917256604,0.212887263644297,0.270253752892251,0.201648802933364
"43",1.78335769317929,0.298476663608509,0.371105673146114,0.29679573332894
"44",0.393153237779418,-0.273859201322272,-0.241077398280685,-0.275226060754709
"45",2.25741721852353,0.640381746281882,0.698584488307447,0.643256563734151
"46",1.02949139021109,0.12305757714329,0.160601224018766,0.119199060603671
