"","v_bh","v_daily","v_mon","v_con"
"4",0.488486223857072,-0.0536574559413796,-0.0158028176495977,-0.0529361897172231
"41",1.07456117262766,0.409610295453935,0.439897119943988,0.405625879349398
"42",0.637819321072211,0.0651493645749555,0.0845875906886544,0.0636624605246339
"43",0.980634821026218,0.201379743384636,0.234348501123773,0.199640443150369
"44",0.181083207589344,-0.0891504966914778,-0.067093482511003,-0.0900553373911941
"45",0.874193859698414,0.154754588873172,0.195235543682118,0.155124619177266
"46",0.578884711397516,0.0590363194020793,0.0806162932076386,0.0624084009569792
