"","v_bh","v_daily","v_mon","v_con"
"4",0.988739305621939,0.105967492180512,0.154313627911676,0.102969806604908
"41",3.03310285207716,1.0974372836294,1.13392845464424,1.08357080232189
"42",2.58806082686134,0.845083948401692,0.937216246470496,0.833116820861033
"43",0.884591201147312,0.13187818399001,0.151163674381467,0.136091732302227
"44",1.43237579443211,0.269768145449251,0.30435459857509,0.259287944705026
"45",3.91811733741711,1.13899243588435,1.35116403912585,1.12633134425766
"46",0.643647429308301,-0.00358916757949412,0.0113437714130313,-0.00875956951772228
