"","v_bh","v_daily","v_mon","v_con"
"4",-0.107573978175656,-0.210109726021505,-0.20430825487895,-0.209508027501201
"41",0.518527189483656,0.192738032508581,0.199707198999862,0.191647246796419
"42",0.444842893017119,0.148966356980231,0.167116112381624,0.148876412162844
"43",0.044531409678207,-0.127350880863788,-0.118855913569909,-0.128301615863902
"44",0.501856584169155,0.187829334507144,0.200938942407332,0.185445285644163
"45",0.0127046337194874,-0.130931023754856,-0.117041553622329,-0.13204317561358
"46",0.153733685963946,-0.063300548572228,-0.0508273538550936,-0.0651298678745
