"","v_bh","v_daily","v_mon","v_con"
"4",0.766934390889511,0.146772068725809,0.206458210754424,0.144428353523018
"41",0.809560084563626,0.112431707550287,0.156824713631261,0.10908247589676
"42",0.76845046719507,0.0993994297937539,0.106097641494149,0.105149511291571
"43",0.639847295019647,0.0325475702902507,0.0655228053394397,0.0344499114556291
"44",1.79831153371111,0.551513569789593,0.587481455685268,0.550801656377558
"45",0.74089467606681,0.14353504614943,0.178139733884304,0.1481686547041
"46",0.831802006414285,0.00837570197629622,0.0491898688720576,0.00248013541289938
