"","v_bh","v_daily","v_mon","v_con"
"4",3.53790279619768,0.774672142087524,0.944655331647559,0.772775977951491
"41",4.42392094717605,0.880435316896445,1.05498597788243,0.895773519271295
"42",5.4247146489856,1.28018172176477,1.50856715526627,1.27293748528279
"43",14.8466808650922,2.34599448632453,2.86453647805379,2.36602091826981
"44",3.02169391064672,0.54007292449687,0.628485951269893,0.55723934463096
"45",3.19127517656496,0.864091330913735,1.01892561966923,0.849815587317914
"46",5.68095687681781,1.46623173622541,1.70469568650688,1.45568515597566
