"","v_bh","v_daily","v_mon","v_con"
"4",1.73333170235048,0.507052953384657,0.578589767690355,0.49777762713604
"41",0.739972810518834,0.112316575523071,0.171169882778056,0.106580776728735
"42",0.361928731042558,-0.173102494357918,-0.147531374503944,-0.174868678152537
"43",0.619194332896724,-0.0157514051170162,0.0274877186891267,-0.0144231111115252
"44",1.84455801679738,0.538731234650767,0.614688272142268,0.531744535491338
"45",0.618839749406161,0.0743823140476985,0.113352941149223,0.0725839322029489
"46",0.108278218707318,-0.204850903892191,-0.195361236630705,-0.201974908017966
