"","v_bh","v_daily","v_mon","v_con"
"4",4.49282961349014,1.09157094016243,1.23499265475899,1.06655568840255
"41",1.99042338604123,0.392402562214386,0.512791153221573,0.388622388586595
"42",2.33005178357799,0.300039225032951,0.439309313736555,0.288025590674817
"43",2.33198237284626,0.413209523972256,0.508993884612039,0.425439199342514
"44",2.64941445733297,0.517956768085517,0.693592540205255,0.499967038398012
"45",1.4974144588783,0.11222724386036,0.179031470926338,0.120871201676491
"46",2.13556171378913,0.46047799322956,0.54454005182416,0.469673670906373
