"","v_bh","v_daily","v_mon","v_con"
"4",1.07194249327684,0.203653949970649,0.251007240998258,0.198313174043403
"41",0.991902923835786,0.0610285560829489,0.136380311401674,0.0596050557139991
"42",2.90952885547844,0.763557600692511,0.838032450224778,0.763011668399361
"43",0.902916542713833,0.00919839568351133,0.0588973870522609,0.011407756099159
"44",1.06536122933674,0.224479890555171,0.27064524399719,0.222296400418022
"45",0.791193209207253,0.00407461031038769,0.0488464786656366,-0.000591956654972137
"46",1.0440100361411,0.163127086754771,0.208620615923937,0.158183542984794
