"","v_bh","v_daily","v_mon","v_con"
"4",1.23025155986916,-0.0192200467207622,0.0773726673127553,-0.0171061602752451
"41",2.33812406136099,0.437697344380382,0.682988168232185,0.425980725790015
"42",2.16351791216537,0.379850708414592,0.472040216244737,0.375500046719337
"43",4.02742759160154,0.830592385650575,1.02118312301742,0.802862337332046
"44",3.27908385564749,0.605498233014615,0.75706629233212,0.601723443919579
"45",3.22024611265279,0.46960954184101,0.613238682263414,0.475938402844467
"46",1.94716363901042,0.172123394674432,0.277732136118638,0.15729972296604
