"","v_bh","v_daily","v_mon","v_con"
"mean",1005390.18057923,1004210.45610269,1004325.76772629,1004198.46061216
"sd",74849.9418493737,78099.490903639,77911.4520659785,78109.6158941081
"skewness",0.373050816992094,0.157668617377233,0.175998742752419,0.156656215049875
"kurtosis",0.0327502728024109,-0.113828097062862,-0.104067317545244,-0.113442836281611
