"","v_bh","v_daily","v_mon","v_con"
"mean",898249.591523308,885499.497622398,886523.066616411,885440.946466047
"sd",55239.9357755159,65329.2908820044,64529.4118686264,65367.7177788926
"skewness",0.38232146823075,0.171232581875921,0.188385540945317,0.17094360940709
"kurtosis",0.158134850560082,-0.0782823353287609,-0.0638468613876149,-0.0763386783148947
