"","v_bh","v_daily","v_mon","v_con"
"mean",1183061.72094853,1175328.07961339,1176009.46309118,1175314.23912574
"sd",102948.365435247,91439.946504151,92405.4703860668,91405.9799287405
"skewness",0.480029015362179,0.270294297833018,0.288818880556433,0.269512873153275
"kurtosis",0.0676641379467569,-0.10212660171748,-0.0950026649788054,-0.101743508673497
