"","v_bh","v_daily","v_mon","v_con"
"mean",863466.892867955,843081.905055842,844636.577158705,843013.629957713
"sd",51869.3130884689,64470.1200587888,63493.4657970375,64508.7695212101
"skewness",0.339713704340408,0.152707032327589,0.165392113520889,0.152172441720724
"kurtosis",-0.219912046881556,-0.336588695593962,-0.328995105751317,-0.336339006201507
