"","v_bh","v_daily","v_mon","v_con"
"mean",1289133.47095133,1266700.95162217,1268583.89646015,1266622.74472862
"sd",116410.635377234,96721.9965611569,98234.4071603487,96652.8010147728
"skewness",0.267743339083236,0.0745903404097795,0.0928399120296687,0.0732442554659336
"kurtosis",-0.206098122549355,-0.290543337167819,-0.288302216112873,-0.291900338737775
