"","v_bh","v_daily","v_mon","v_con"
"mean",1309653.28919387,1283240.72538168,1285330.38145219,1283172.01117547
"sd",125553.739442849,102423.042539472,104297.45241444,102343.937807098
"skewness",0.405486830741434,0.202596366342526,0.222796021002231,0.201286710814526
"kurtosis",-0.0914687256895319,-0.241455564526861,-0.234196398545863,-0.24419018438285
