"","v_bh","v_daily","v_mon","v_con"
"mean",1364046.02749702,1328004.70236044,1330866.87651925,1327868.92329581
"sd",118706.380360765,92943.9441994137,94989.3455860927,92847.9465378215
"skewness",0.741488905870631,0.423065886660051,0.458414189136566,0.422118878892128
"kurtosis",2.25950653844406,1.10396279128495,1.2326826820235,1.09793520437831
