"","v_bh","v_daily","v_mon","v_con"
"mean",1087316.1747887,1086918.94366012,1086986.49223057,1086898.62849922
"sd",81412.785246704,78597.3871732836,78836.6572831101,78590.8735088276
"skewness",0.326305904082192,0.142807526585906,0.160193676756123,0.142466901164624
"kurtosis",-0.156622392268509,-0.286264075948451,-0.272222276447299,-0.285288384123487
