"","v_bh","v_daily","v_mon","v_con"
"mean",1025873.87494212,1025816.12778203,1025754.01055221,1025833.09332365
"sd",72119.8872432357,73706.7931536039,73616.02559315,73710.9878981034
"skewness",0.354353429446333,0.162778543907964,0.185389061015608,0.161681343398373
"kurtosis",-0.0207331920849669,-0.188343077319048,-0.1675282491768,-0.187388417296373
