"","v_bh","v_daily","v_mon","v_con"
"mean",919923.123526699,910896.871742241,911639.050057119,910874.384581602
"sd",57653.9738849144,65931.8654644455,65274.1188552353,65965.5080528267
"skewness",0.550829272963644,0.326992214118979,0.342987007025658,0.325177505500783
"kurtosis",0.501856584169155,0.187829334507144,0.200938942407332,0.185445285644163
