"","v_bh","v_daily","v_mon","v_con"
"mean",961305.560180183,957395.980808084,957756.397784526,957393.498731308
"sd",63437.3274130804,69451.0611015747,68992.3075240447,69470.2540885034
"skewness",0.390946317395389,0.157011327263004,0.176487405962369,0.156480970974136
"kurtosis",0.408859062502297,0.169882102435232,0.180216264765952,0.170056163188642
