"","v_bh","v_daily","v_mon","v_con"
"mean",927083.253088457,900355.051375392,902454.683958987,900260.168440298
"sd",68569.5986783402,86599.2752167408,85155.7025165619,86649.7078876555
"skewness",0.728988804042711,0.379055034872824,0.401882527064648,0.378800816589697
"kurtosis",1.47255652705348,0.493484798980464,0.555749438145015,0.495593099212859
