"","v_bh","v_daily","v_mon","v_con"
"mean",1301999.26999963,1293098.1295953,1293825.84932257,1293050.37927897
"sd",146760.618216805,129987.729684682,131213.163221701,129920.108198279
"skewness",0.519178648981342,0.244738346106672,0.262621219815677,0.244214421730622
"kurtosis",0.192061075654922,-0.111693376252598,-0.0973278804466977,-0.110682225112133
