"","v_bh","v_daily","v_mon","v_con"
"mean",1162921.91379516,1163296.87228515,1163307.15297665,1163299.30838044
"sd",113153.860992092,111861.701815157,111881.549154717,111890.777052957
"skewness",0.441485335691534,0.151826556113749,0.177598351708507,0.151827568786554
"kurtosis",0.326506250774979,0.0255653074341278,0.0504402204300689,0.0252227501080617
