"","v_bh","v_daily","v_mon","v_con"
"mean",1014373.09245908,1005774.49280927,1006526.20823943,1005744.59972183
"sd",84650.5411409181,95924.8648151989,95096.3000615239,95956.2062374323
"skewness",0.654898084896579,0.342355431193012,0.362703458287162,0.341376223005182
"kurtosis",0.841112418149772,0.299056556273516,0.323996317940907,0.30081159219235
