"","v_bh","v_daily","v_mon","v_con"
"mean",881456.891802782,839272.908093504,842580.744119865,839138.581799829
"sd",65501.2245678432,88490.0035049617,86632.5874955191,88586.8947297075
"skewness",0.729343444287003,0.388018486613336,0.405529871073809,0.387006325632896
"kurtosis",1.05142187293834,0.283445461354891,0.303237107629394,0.281398105528516
