"","v_bh","v_daily","v_mon","v_con"
"mean",1421581.72972644,1395550.41868027,1397565.69628158,1395437.7632899
"sd",170285.363532878,139246.825451764,141639.25310497,139121.945296534
"skewness",0.649031643365645,0.323773596483508,0.349009015250021,0.322097483183587
"kurtosis",0.917665747255473,0.263469742827308,0.298539506465822,0.260099790381437
