"","v_bh","v_daily","v_mon","v_con"
"mean",1335312.06259813,1322104.72126065,1323293.86739303,1322068.83963922
"sd",156508.149518071,135691.067772138,137502.646545366,135614.565561242
"skewness",0.53084861380439,0.219021774625962,0.245760517448008,0.218292873560324
"kurtosis",0.443257852560774,0.0859486445984117,0.100312394803066,0.0842631577666793
