"","v_bh","v_daily","v_mon","v_con"
"mean",1378501.9837584,1359687.43251796,1361008.58472356,1359591.78572627
"sd",160035.442831412,134482.45811481,136410.221135209,134390.754858977
"skewness",0.572096554585957,0.307279532393809,0.331939333230866,0.306721006709404
"kurtosis",0.237103023979499,-0.10803629583508,-0.0775275167074172,-0.109195475926045
