"","v_bh","v_daily","v_mon","v_con"
"mean",918717.507340469,889070.968897489,891455.644163813,888959.790380078
"sd",70727.5971465831,90936.3025987124,89372.5065966011,91013.5119135099
"skewness",0.507605360884242,0.255236084057681,0.269333863383475,0.253872543172009
"kurtosis",0.0616017658350194,-0.288952077840189,-0.282417028077314,-0.291740496607156
