"","v_bh","v_daily","v_mon","v_con"
"mean",1080459.70365343,1078103.60829229,1078222.93678882,1078088.31864235
"sd",103694.578919311,109370.872467721,108918.0785373,109416.353685903
"skewness",0.661680127695956,0.359140435836878,0.380346364728216,0.359119293572075
"kurtosis",0.532363651421226,0.136158300217557,0.147372137946423,0.135089720223421
