"","v_bh","v_daily","v_mon","v_con"
"mean",1268418.65307415,1228113.87329443,1231274.36173858,1227936.04803554
"sd",159644.936023738,121814.012129068,124901.214856413,121671.458995148
"skewness",0.784599629184133,0.457330989480348,0.484237729819214,0.455801617565589
"kurtosis",1.11323010526839,0.419676745118378,0.466818049959327,0.415392165733597
