"","v_bh","v_daily","v_mon","v_con"
"mean",985573.188468807,985145.160850013,985192.681918298,985174.729376021
"sd",100585.109959527,96399.0166556842,96677.4603872892,96392.9788374955
"skewness",0.571767635704687,0.283686104352284,0.305229394154729,0.282446318737632
"kurtosis",0.37601899318894,0.0713616817006404,0.0974483093542391,0.0741559937191179
