"","v_bh","v_daily","v_mon","v_con"
"mean",832378.401173938,824406.469451226,825103.693369035,824381.128224607
"sd",69135.6505220845,79169.6556075009,78283.360556908,79209.4318300365
"skewness",0.561590952419721,0.281039476121801,0.299367574485211,0.280730122882266
"kurtosis",0.442496954810399,0.0202230362243907,0.0333223956525508,0.0189704900848668
