"","v_bh","v_daily","v_mon","v_con"
"mean",1195030.28361166,1169762.85775243,1171808.30436649,1169672.06272761
"sd",145110.262674037,117017.505597074,119495.721986161,116905.866835914
"skewness",0.613094322902639,0.314196487806992,0.345402657029611,0.314029004952486
"kurtosis",0.504880168878119,0.105970224494399,0.147262174985994,0.106787088168101
