"","v_bh","v_daily","v_mon","v_con"
"mean",867932.52605243,864311.597701988,864647.594637739,864307.917815356
"sd",76767.3075017769,84091.3899573629,83546.285599823,84119.1634238851
"skewness",0.508394213445307,0.223166394469946,0.241017989414198,0.222078327331097
"kurtosis",0.367832110437787,0.0153450124119159,0.0289896358611905,0.0103398604358862
