"","v_bh","v_daily","v_mon","v_con"
"mean",816882.14744817,805966.576007731,806768.374537402,805919.594195515
"sd",70357.6420633024,81468.3289768353,80524.3938359993,81502.5482251865
"skewness",0.890489866363853,0.483609376554031,0.515006634217422,0.481155640108506
"kurtosis",2.03066305063839,0.882138389207302,0.970250136538341,0.874871264935673
