"","v_bh","v_daily","v_mon","v_con"
"mean",1130049.07492214,1115625.27635162,1116659.1718539,1115581.80086092
"sd",133411.446184593,112255.348370831,113963.990961973,112179.294152713
"skewness",0.690553097916755,0.406181470700532,0.435784283681523,0.406057295244109
"kurtosis",0.540272283818175,0.0543719455345739,0.114164585602988,0.0543362454204894
