"","v_bh","v_daily","v_mon","v_con"
"mean",1070332.42153499,1063340.70691659,1063905.38650861,1063292.62680987
"sd",123411.460456008,109221.464834888,110379.984038876,109145.800067852
"skewness",0.616885440868514,0.349604113638017,0.37099105855381,0.349541256421683
"kurtosis",0.217660693551032,-0.124399897049608,-0.112838024143779,-0.123921045017385
