"","v_bh","v_daily","v_mon","v_con"
"mean",800569.162420075,786815.773289734,787951.348675983,786770.894189116
"sd",63604.8857338034,76253.4779709971,75354.9640813999,76294.990219215
"skewness",0.604633128535466,0.293029905849778,0.313305184459192,0.292031855667503
"kurtosis",0.784798032124124,0.212105784097827,0.247460216127573,0.208702586730055
