"","v_bh","v_daily","v_mon","v_con"
"mean",1229788.17386184,1197611.66269763,1200155.38893164,1197515.5760187
"sd",151533.168794203,120310.865763161,122795.871302034,120197.330051902
"skewness",0.475110072887451,0.14719315245406,0.170918823350869,0.146165764795927
"kurtosis",0.458200390742848,0.231882573320406,0.241228355095211,0.233445494324457
