"","v_bh","v_daily","v_mon","v_con"
"mean",784012.659801856,766533.780764833,767936.060100733,766457.153840624
"sd",60669.588069794,74903.2902251286,73816.2210803124,74973.0492357903
"skewness",0.473823969394325,0.22102549732737,0.242795794132576,0.220345234481988
"kurtosis",0.0323117644860007,-0.21785439368164,-0.188989851380032,-0.217472177237694
