"","v_bh","v_daily","v_mon","v_con"
"mean",1010604.15027608,1001100.88095229,1001858.32449782,1001074.25306888
"sd",41440.3894469479,47500.0043040227,47004.0085776283,47519.8075328911
"skewness",0.294138369946354,0.150783934010906,0.160397191608591,0.150438963798197
"kurtosis",0.151764387956925,0.0350359775184397,0.0352237671832243,0.0343272820752158
