"","v_bh","v_daily","v_mon","v_con"
"mean",1161626.33354509,1161559.76497459,1161553.90822757,1161559.90036361
"sd",58511.7781582496,57962.7659710119,58004.2807869798,57960.8712169299
"skewness",0.191677490779409,0.0491752023022988,0.0602685534153635,0.0491316178328202
"kurtosis",-0.0956189161658467,-0.0766770449362073,-0.0799610576630831,-0.076036090502595
