"","v_bh","v_daily","v_mon","v_con"
"mean",892480.585639643,854688.127969272,857677.241376526,854560.773118485
"sd",31613.4488846016,42412.1506228538,41559.9035335114,42451.2007345011
"skewness",0.297890205394525,0.15751230710701,0.164961554613756,0.157581543472604
"kurtosis",0.035590025417743,-0.101526010297972,-0.0984512670362485,-0.10099631430755
