"","v_bh","v_daily","v_mon","v_con"
"mean",964463.54815479,946508.279204625,947926.722766847,946443.382482201
"sd",39223.7927441994,47672.2832147496,47029.8338955377,47703.2428670889
"skewness",0.169798845541064,0.0384712487605408,0.0466793128000652,0.0378320608342661
"kurtosis",-0.205261482105759,-0.256526267544231,-0.25235862171135,-0.257162062764847
