"","v_bh","v_daily","v_mon","v_con"
"mean",946813.937474819,924814.209460777,926561.643343753,924738.423289108
"sd",37829.8275717333,46909.4974353863,46160.4867849964,46945.7924538426
"skewness",0.321440830429754,0.146652251272614,0.157316050890659,0.146533066174877
"kurtosis",0.502178863512103,0.294083155739868,0.303096140327139,0.292580877218152
