"","v_bh","v_daily","v_mon","v_con"
"mean",1075193.10819523,1072638.90600808,1072863.01770902,1072631.26789218
"sd",49161.4774605518,52732.9822693703,52470.239393952,52745.7605407484
"skewness",0.180524122889262,0.0433331632865696,0.0556617253306414,0.0425601109826346
"kurtosis",-0.111189113020163,-0.121143289875586,-0.12113586321457,-0.121554568426578
