"","v_bh","v_daily","v_mon","v_con"
"mean",1102466.03907335,1101403.66862708,1101488.48554187,1101404.19221795
"sd",53516.287580532,55684.4799239428,55504.0212314912,55690.238350153
"skewness",0.338064949952564,0.20610239729143,0.215413380703255,0.205330703039807
"kurtosis",-0.0859817494290445,-0.207594606405777,-0.201913482944687,-0.208470917068696
