"","v_bh","v_daily","v_mon","v_con"
"mean",1128271.43071494,1128081.61157954,1128074.11869426,1128080.94327176
"sd",54713.8439436458,55750.9340730394,55640.2453341231,55752.2393830155
"skewness",0.241710628197786,0.0884869012779846,0.101986250926331,0.0881909068726573
"kurtosis",0.163043861277188,0.0759825065085007,0.0841663589867068,0.0755172499273451
