"","v_bh","v_daily","v_mon","v_con"
"mean",1326551.51695617,1314791.05254165,1315684.80934187,1314742.22328361
"sd",74759.3622400196,65383.7763303652,66144.9819373884,65333.1853365132
"skewness",0.259752176848066,0.109851777438268,0.125187254021117,0.109189989878365
"kurtosis",0.14798773315783,0.0210426917307549,0.0353996109516852,0.0210291168898156
