"","v_bh","v_daily","v_mon","v_con"
"mean",1026449.85108575,1026096.03371181,1026126.54208793,1026095.22472707
"sd",26873.3499012416,26144.0851651012,26203.6745134646,26141.5649933216
"skewness",0.250026215772424,0.172270611850181,0.178438718397526,0.172019056542574
"kurtosis",0.11633937847362,0.0678639645293222,0.0688910834319598,0.0678312575735296
