"","v_bh","v_daily","v_mon","v_con"
"mean",870421.699171406,860772.534858393,861535.383709693,860738.131225025
"sd",18586.1640564961,21529.5656016561,21294.471634113,21539.7991247171
"skewness",0.316538046366215,0.226345551155205,0.23235481843403,0.225985275571643
"kurtosis",0.570337775707822,0.451032023594278,0.458201188535732,0.449994323939839
