"","v_bh","v_daily","v_mon","v_con"
"mean",931469.888801219,928991.078107761,929184.750005399,928981.898480491
"sd",20537.4652131299,22064.0551146189,21946.3223514313,22067.255465906
"skewness",0.25632726355541,0.183767629384487,0.190152552142077,0.183252263448991
"kurtosis",0.151158066777702,0.0756949842490058,0.0818731715706824,0.07567570965693
