"","v_bh","v_daily","v_mon","v_con"
"mean",976337.998155029,976026.754770056,976050.627335086,976025.197651969
"sd",25047.7581971977,25544.9411822527,25503.7063000031,25548.6006670581
"skewness",0.454475903242291,0.367171646485083,0.373538641847321,0.367056745528241
"kurtosis",0.502446408341349,0.351682283001093,0.363270040596273,0.351570446956317
