"","v_bh","v_daily","v_mon","v_con"
"mean",953133.296820143,951958.941359011,952055.323996137,951956.636537406
"sd",23837.6823640416,24940.4636831336,24860.8696196453,24944.5174764207
"skewness",0.39996219599067,0.320820782582202,0.327806399743183,0.320628159641182
"kurtosis",0.208791069404943,0.122003643464678,0.130573310341791,0.121510770570961
