"","v_bh","v_daily","v_mon","v_con"
"mean",835677.884665187,819440.78098404,820732.505568473,819382.889145265
"sd",16849.7686323792,20545.7684069745,20250.4610993525,20558.6684831316
"skewness",0.122627040112882,0.0505679103966013,0.0557710612490912,0.0502180658648593
"kurtosis",-0.0613346806581294,-0.0739125040560107,-0.0724192110135582,-0.0741086874763726
