"","v_bh","v_daily","v_mon","v_con"
"mean",910268.668522942,905873.210801544,906225.956271227,905856.951719477
"sd",20099.8611096012,22188.5657679897,22024.6566150475,22197.6928165404
"skewness",0.0761450631476733,-0.00429265048384151,0.00289444058734899,-0.00458884573872012
"kurtosis",0.212399510637599,0.192251689070627,0.193102452457223,0.192906063531335
