"","v_bh","v_daily","v_mon","v_con"
"mean",1182173.64391857,1162556.22385265,1163731.06010493,1162510.6464132
"sd",385791.173725778,304673.694940189,310220.485753454,304669.646236115
"skewness",1.92872494507572,0.881417599924595,0.978292558152723,0.88236514699269
"kurtosis",6.6498603779581,1.39889670734121,1.79197496965731,1.40679079671953
