"","v_bh","v_daily","v_mon","v_con"
"mean",978659.662506541,980643.520115269,979817.037857144,980710.216314009
"sd",247544.559091232,240080.838985731,240192.154474644,240206.807881099
"skewness",1.56517808859321,0.647505058864053,0.71072727082852,0.645408333378603
"kurtosis",4.72500068040396,0.841596525118255,1.01097103194056,0.834424519272357
