"","v_bh","v_daily","v_mon","v_con"
"mean",1110306.73163835,1104911.85846895,1105306.90362778,1104683.19027075
"sd",316785.120956267,272361.32385223,276901.390339034,272157.983741244
"skewness",1.48239358572002,0.684268975498329,0.74396926984688,0.674923169935379
"kurtosis",3.19488481094497,0.751559306441903,0.877376526678824,0.721386444644303
