"","v_bh","v_daily","v_mon","v_con"
"mean",1399456.65141846,1337671.87150439,1342994.33213174,1337348.32742509
"sd",461757.131875142,331222.96606939,341774.898926799,330605.913463998
"skewness",1.36453393046938,0.605889075182768,0.69072331473142,0.601752527353022
"kurtosis",2.64597017782686,0.49258448013335,0.68807603517486,0.485311841504363
