"","v_bh","v_daily","v_mon","v_con"
"mean",995999.875433461,994996.260176393,994630.00246306,994973.999752122
"sd",266684.788962427,256758.975667536,256865.883437276,256619.693311198
"skewness",1.27948799712627,0.584692904107414,0.632466380820778,0.578801500159594
"kurtosis",2.05182230164566,0.221737518625659,0.31928326217247,0.208864988037668
