"","v_bh","v_daily","v_mon","v_con"
"mean",894977.062712038,886354.787225859,887605.923216268,886105.620204665
"sd",256038.406299804,244797.107934009,246425.164479192,244694.968641586
"skewness",3.87535776353937,1.36833820415073,1.526748538998,1.36343617737265
"kurtosis",31.5457608962634,5.34104743175925,6.36420526768999,5.33792072416256
