"","v_bh","v_daily","v_mon","v_con"
"mean",1387365.94028385,1325142.59814815,1330416.8872764,1325051.68824072
"sd",482633.510367898,341619.978663335,353581.852323114,341184.554135398
"skewness",1.524250636511,0.758346570988804,0.847418272323341,0.757842681924356
"kurtosis",3.00978503234077,0.658910875946893,0.860156734552894,0.666795914803756
