"","v_bh","v_daily","v_mon","v_con"
"mean",1012291.02631252,1013821.44119179,1014382.21886248,1013817.0414106
"sd",266578.070354079,249083.103269572,251398.70245451,249032.925694621
"skewness",1.70938272882664,0.673633469017873,0.760849593001644,0.672843368004667
"kurtosis",5.89245890500015,1.17207508262012,1.45999504476183,1.17530311175941
