"","v_bh","v_daily","v_mon","v_con"
"mean",1285492.87770888,1253319.09239209,1256432.15352727,1253298.30322236
"sd",390477.311056313,298601.472007256,307330.291865946,298552.586092441
"skewness",1.34465022413582,0.631962934053353,0.725206317854226,0.632335593579834
"kurtosis",2.72110144588173,0.425652679025554,0.701181638396358,0.428720012542382
