"","v_bh","v_daily","v_mon","v_con"
"mean",921064.787547566,916889.52401142,917203.551707582,916883.368197848
"sd",242544.3878364,242514.772832944,241712.429001961,242543.136396935
"skewness",1.93903497552315,0.880837355018194,0.95605008122765,0.880030475863516
"kurtosis",6.22047199811813,1.50337069001704,1.77373595753548,1.49926736290332
