"","v_bh","v_daily","v_mon","v_con"
"mean",1082794.10946467,1077812.54265299,1078050.65499349,1077897.19119424
"sd",311361.049963951,273707.910152676,276734.940603693,273709.366307913
"skewness",1.45355946556023,0.671143091541905,0.732220605477178,0.669146556079607
"kurtosis",3.04440216655702,0.567833817940345,0.663981167419519,0.566291577669558
