"","v_bh","v_daily","v_mon","v_con"
"mean",1231032.98425002,1205837.80736467,1208229.04332796,1205571.95406464
"sd",392378.314791791,304752.48462434,310741.887414627,304479.4546677
"skewness",1.5816720516636,0.788243250470713,0.854270863124073,0.783407284403669
"kurtosis",3.48852071018785,0.83050806515533,0.971365141130437,0.807500898508251
