"","v_bh","v_daily","v_mon","v_con"
"mean",1076689.13115397,1074679.12313602,1075180.5944958,1074644.57124594
"sd",241286.75181242,220164.62864112,222110.974459367,220082.77589571
"skewness",1.51689127650523,0.690227314630081,0.751463980898676,0.687938393709413
"kurtosis",4.65253387332211,1.09493442720523,1.29238852498315,1.08746093276785
