"","v_bh","v_daily","v_mon","v_con"
"mean",914270.885023661,908136.28256157,908377.507849058,908131.024505119
"sd",171440.636232406,183374.470125521,182251.103223437,183532.181886483
"skewness",1.47793491373306,0.802600111881568,0.841240853500239,0.800841232208424
"kurtosis",3.20524520807009,0.94922760268499,1.04624818654184,0.940453187452896
