"","v_bh","v_daily","v_mon","v_con"
"mean",1245124.90705958,1222658.14067803,1224526.24654039,1222600.50897576
"sd",323106.958621179,257464.182814637,262771.761556218,257221.737621344
"skewness",1.58803647118396,0.737610255509676,0.794980119519471,0.732680508911947
"kurtosis",4.83761191117463,1.19733387396386,1.34754279444998,1.19103907937599
