"","v_bh","v_daily","v_mon","v_con"
"mean",840779.33666919,821331.406225981,822911.700234907,821189.756759815
"sd",140520.219786586,167476.601685451,165665.478864071,167448.493497858
"skewness",1.37888771512496,0.728475068703254,0.77922032097773,0.724590003174491
"kurtosis",3.15752688886038,0.650196081943979,0.854064542122893,0.637777976266553
