"","v_bh","v_daily","v_mon","v_con"
"mean",1197623.42221742,1185381.39253947,1185690.48675632,1185353.89301577
"sd",273458.817881491,234339.171095236,237443.224561717,234315.017440304
"skewness",0.913193842969154,0.364323406954336,0.419359425757899,0.36418798732657
"kurtosis",0.943634954555431,0.0328244364789763,0.120293263917465,0.0310787426001742
