"","v_bh","v_daily","v_mon","v_con"
"mean",960241.641827531,958433.901486736,958853.688981445,958355.504974799
"sd",188681.365276421,193797.717964393,193500.566035407,193925.420611865
"skewness",1.42621446793698,0.648859200848633,0.694228481971186,0.648308034669557
"kurtosis",4.15325515448105,0.890806153863335,0.984617708445846,0.891691141352772
