"","v_bh","v_daily","v_mon","v_con"
"mean",897648.428406878,885647.166073792,886642.028094323,885705.79677264
"sd",180967.105852715,196344.664917205,194289.480071894,196525.463654586
"skewness",1.66642582829033,0.804426990228718,0.857528896111869,0.801246576251982
"kurtosis",5.00286460690647,1.22211638032107,1.38307915948436,1.20331598649804
