"","v_bh","v_daily","v_mon","v_con"
"mean",1298272.64887455,1267494.5978722,1270240.37166615,1267402.93988646
"sd",327972.350480786,259992.344976708,265860.474910172,259843.589082876
"skewness",1.07682167148325,0.46157078857081,0.526164722490723,0.460074514171595
"kurtosis",1.74236608645393,0.227606714777371,0.325808804246152,0.226520676320191
