"","v_bh","v_daily","v_mon","v_con"
"mean",911421.287239849,907723.10659621,908127.189154067,907705.006897306
"sd",99854.8540958976,108971.964545339,108197.557779415,109060.109231139
"skewness",0.692569036977959,0.348609768323214,0.368988763272572,0.348768590480233
"kurtosis",0.505877143551645,0.062672295918472,0.0860476944965347,0.0656863668879129
