"","v_bh","v_daily","v_mon","v_con"
"mean",846769.705607951,832079.071138041,833304.028902581,832029.060441736
"sd",92448.2047201095,110617.074397016,109172.968792378,110709.041959322
"skewness",0.562498535524261,0.237858017133661,0.259715287251265,0.237312445202167
"kurtosis",0.0935212839914255,-0.315789588860342,-0.299718700959718,-0.314832600822678
