"","v_bh","v_daily","v_mon","v_con"
"mean",816023.334452634,794950.821092345,796791.327657697,794873.122956479
"sd",80891.6257961364,101030.648210402,99370.4819393973,101113.114517037
"skewness",0.630508727950124,0.294702616959043,0.312353994959054,0.293901467059489
"kurtosis",0.289937979916941,-0.133985708003946,-0.112210335349273,-0.134977338661414
