"","v_bh","v_daily","v_mon","v_con"
"mean",856846.558227051,845663.840537415,846393.004613913,845582.053518031
"sd",84643.1323770944,99729.0856858168,98573.3473064747,99802.7723314941
"skewness",0.568758173146075,0.266867382834472,0.287407634920183,0.266261941346356
"kurtosis",0.168246054900305,-0.21117162458459,-0.195612445242028,-0.215705958963675
