"","v_bh","v_daily","v_mon","v_con"
"mean",1363743.63205085,1314377.65822397,1318462.89769604,1314183.31604602
"sd",221487.502255494,166258.597922453,170832.63568503,166070.420538505
"skewness",0.856458555550203,0.415395649255208,0.457860382117235,0.413460643665418
"kurtosis",1.43346970617494,0.531435206367469,0.590051776788741,0.523147636045995
