"","v_bh","v_daily","v_mon","v_con"
"mean",881431.732242082,873900.121721634,874523.753990148,873906.558231365
"sd",93338.9419419128,105842.955390262,104873.835865471,105864.533756941
"skewness",0.710158326625241,0.347691633680846,0.364136097847784,0.34741199030137
"kurtosis",0.76845046719507,0.0993994297937539,0.106097641494149,0.105149511291571
