"","v_bh","v_daily","v_mon","v_con"
"mean",1224891.46605169,1204886.65234358,1206610.92739343,1204839.33237063
"sd",175092.976317333,144814.829186207,147156.539803199,144722.703827258
"skewness",0.589335690913632,0.282006811871489,0.303456672886318,0.281567922251986
"kurtosis",0.269776523570865,-0.230665061523484,-0.199790554424065,-0.228826166697453
