"","v_bh","v_daily","v_mon","v_con"
"mean",1292448.13598146,1284613.52648848,1285307.67089372,1284550.92066717
"sd",108701.860885373,96567.7485618398,97585.958606426,96522.3708599936
"skewness",0.551534429179241,0.331233199338281,0.349456438662013,0.32973125280854
"kurtosis",0.391276369442237,0.0792854202769591,0.101689520476219,0.0771455874270104
