"","v_bh","v_daily","v_mon","v_con"
"mean",1052250.00694057,1047842.57913883,1048121.97584297,1047821.30883408
"sd",70555.5555372399,77014.505769988,76515.2657098878,77045.0207319841
"skewness",0.472241456104514,0.251953362308702,0.269257610786595,0.251348000229548
"kurtosis",0.298841046528874,0.0731125009207925,0.0975471934081602,0.0712965334372022
