"","v_bh","v_daily","v_mon","v_con"
"mean",1365224.84160365,1348115.61398039,1349466.7758659,1348075.75614057
"sd",119799.350199675,101878.843399625,103314.108727738,101815.966089145
"skewness",0.404266557851549,0.216127011831258,0.233402840764958,0.215338708456084
"kurtosis",-0.116723597974317,-0.283892237106606,-0.269773883943403,-0.284319241556806
