"","v_bh","v_daily","v_mon","v_con"
"mean",1224546.72965681,1222502.75849978,1222708.68093691,1222488.34370576
"sd",94534.1225578344,88671.160017851,89243.1289563108,88633.8984352781
"skewness",0.411812630761049,0.212693523305753,0.231435139485855,0.211671206002582
"kurtosis",0.0547903345018197,-0.102279115277452,-0.0923132428975948,-0.104239897249016
