"","v_bh","v_daily","v_mon","v_con"
"mean",914095.183926687,883313.427311751,885740.435260807,883212.622003084
"sd",50354.8213392237,65522.2209231861,64341.6017878652,65565.2766878783
"skewness",0.333191680846808,0.111180368763581,0.125562418502883,0.110579865890963
"kurtosis",0.0794250673721462,0.0447751513145032,0.0442442796460583,0.0415702976850962
