"","v_bh","v_daily","v_mon","v_con"
"mean",967694.355009525,950515.080829049,951816.334038404,950440.404146846
"sd",58718.0676234573,70551.1005328538,69736.61022304,70602.4762995921
"skewness",0.489430539397019,0.285092716981444,0.299238948103082,0.283963538376471
"kurtosis",0.153733685963946,-0.063300548572228,-0.0508273538550936,-0.0651298678745
