"","v_bh","v_daily","v_mon","v_con"
"mean",1407547.86293878,1384131.04152263,1385961.31171153,1384052.14737579
"sd",120674.620540668,99884.8056470618,101530.925346118,99830.4282286305
"skewness",0.454327630633596,0.239800093224201,0.261520217168347,0.237999741262158
"kurtosis",0.288161963336047,0.0633527409457706,0.0932623332197702,0.0620464846751236
