"","v_bh","v_daily","v_mon","v_con"
"mean",1259327.49370422,1254767.15446159,1255240.41039388,1254762.71504098
"sd",99778.0865895834,91307.2767153938,92035.1009273802,91271.2282852937
"skewness",0.376261822275971,0.172702462917183,0.18914441428943,0.171248438010699
"kurtosis",0.0533544852203311,-0.0825755586037746,-0.0713652787105321,-0.0816995044255662
