"","v_bh","v_daily","v_mon","v_con"
"mean",1138276.52523702,1137403.26464498,1137592.39105955,1137407.88520528
"sd",92398.3412039605,88376.342433408,88775.0967264599,88365.5258282171
"skewness",0.650459561992566,0.39251612794569,0.415126926714073,0.391656022702213
"kurtosis",0.897914962187338,0.353673593701358,0.385067226735255,0.349262507000725
