"","v_bh","v_daily","v_mon","v_con"
"mean",922662.794660873,905726.36248441,907096.785833856,905677.06002242
"sd",54045.0388412722,65254.0832929536,64440.6429066339,65302.1325120744
"skewness",0.519763074617819,0.255509026206578,0.27315664883631,0.253073892607752
"kurtosis",0.942954581388897,0.511223652142466,0.543758465367151,0.506946895058476
