"","v_bh","v_daily","v_mon","v_con"
"mean",982501.679414379,975338.128743316,975955.525407768,975317.291552189
"sd",67024.4634765428,75142.6752620256,74515.8181063701,75150.400180432
"skewness",0.484863336595912,0.261381156959114,0.276761606726455,0.260677995827208
"kurtosis",0.294498075607317,0.00422498526529846,0.0243934866412827,0.00227603177063074
