"","v_bh","v_daily","v_mon","v_con"
"mean",1164241.53130149,1162303.04620105,1162462.07972541,1162296.37195725
"sd",95063.5647133648,89432.0056042497,89897.2247383309,89395.8987142774
"skewness",0.539833272174984,0.267772725327578,0.295622810081418,0.266247368853197
"kurtosis",0.830874364330847,0.438142940382332,0.462420396226542,0.434251264545614
