"","v_bh","v_daily","v_mon","v_con"
"mean",1232769.21387695,1225467.81162164,1226017.05313383,1225438.61779434
"sd",105687.491610817,93992.3402571194,94932.1638714069,93950.677727874
"skewness",0.580850677940262,0.363256972932709,0.37982043924288,0.361572197540113
"kurtosis",0.349902924578798,0.0458171371492777,0.0585178199956808,0.0434615681544197
