"","v_bh","v_daily","v_mon","v_con"
"mean",814591.504466145,803509.350841025,804425.557522578,803478.210001075
"sd",48909.9629812162,57633.5390318365,56944.6446076527,57665.3080690832
"skewness",0.418856510614105,0.198680603161477,0.218299619908645,0.198054982746123
"kurtosis",0.297952250430634,0.0935233386378171,0.108870875490692,0.0932567190197342
