"","v_bh","v_daily","v_mon","v_con"
"mean",1007108.67855782,1005735.11728371,1005868.51225611,1005743.19036512
"sd",76766.1320126007,72172.1766524261,72510.8454670321,72140.5192126054
"skewness",0.485069437019317,0.265356150770092,0.284147710093238,0.264411222411494
"kurtosis",0.336758997952717,0.136992618722216,0.152930447200686,0.135820238537834
