"","v_bh","v_daily","v_mon","v_con"
"mean",783429.419582939,765840.129059321,767282.062421425,765770.472536055
"sd",44147.8835484805,54388.1802771483,53561.109121435,54412.8247102944
"skewness",0.532281979711416,0.304419021154999,0.321234959722007,0.303248078522262
"kurtosis",0.560996949581936,0.229642765000552,0.243366780649457,0.230672139561266
