"","v_bh","v_daily","v_mon","v_con"
"mean",890656.30567157,888867.522286928,889030.685424514,888851.797903948
"sd",60315.1009352803,64554.7638809724,64235.953723595,64576.8036373209
"skewness",0.291981856611539,0.0685679854812395,0.0865614889859967,0.0686344655943153
"kurtosis",0.191284353301886,0.0499763322443991,0.0533780884555735,0.0500618996415318
