"","v_bh","v_daily","v_mon","v_con"
"mean",1318500.4496542,1266022.41416508,1270204.68476963,1265843.62178705
"sd",128984.098086763,96603.2958007022,99165.2049724144,96474.6759073517
"skewness",0.397381995099063,0.203749660958056,0.220992594878215,0.202405189675774
"kurtosis",-0.0404145079087805,-0.2594242850867,-0.243689856266419,-0.261002717411257
