"","v_bh","v_daily","v_mon","v_con"
"mean",1189964.48293658,1165352.26172269,1167363.19599438,1165267.23097084
"sd",111889.5323951,90811.6258615857,92538.7909664401,90727.2961598787
"skewness",0.51974364501991,0.241280330906896,0.266905622891786,0.239753842306366
"kurtosis",0.933375896552584,0.417064473016401,0.458352909410729,0.417589191209234
