"","v_bh","v_daily","v_mon","v_con"
"mean",848913.885743161,842973.140176255,843437.651032765,842944.52764075
"sd",56105.5568050931,62563.3626698123,62029.2200175148,62589.3763899913
"skewness",0.610333550369391,0.391393987062084,0.40433539196701,0.39179831318423
"kurtosis",0.467399516723241,0.114665171793825,0.132897205154764,0.114943267500182
