"","v_bh","v_daily","v_mon","v_con"
"mean",1036580.61587406,1032750.99973562,1033058.87706387,1032754.18557758
"sd",87571.9786831124,80379.0318023882,80979.1195005034,80344.0691854048
"skewness",0.401004282419251,0.176192839848809,0.198595267011327,0.175033240978087
"kurtosis",0.220255111757838,-0.0442992463993219,-0.0244343714996598,-0.0455964156837791
