"","v_bh","v_daily","v_mon","v_con"
"mean",1258174.64871107,1219932.22314631,1222989.79807876,1219788.66647521
"sd",118694.155040815,92418.0127629585,94471.4024413513,92318.638757965
"skewness",0.368678325899196,0.145185369122569,0.162117416201905,0.143867711700349
"kurtosis",0.191889464387075,-0.00378973463591192,0.00558584661774075,-0.00494222475137462
