"","v_bh","v_daily","v_mon","v_con"
"2",151533.168794203,120310.865763161,122795.871302034,120197.330051902
"21",153213.4586785,123827.668710285,126238.081130279,123730.105114904
"22",156934.257918727,127228.233617676,129494.845658077,127128.692838741
"23",156731.535398066,126580.556664741,128671.352779861,126469.314171911
"24",149323.396128682,123162.226703492,125261.51262475,123065.885416478
"25",151714.697323393,129046.837809067,130676.790612499,128913.275601156
"26",156508.149518071,135691.067772138,137502.646545366,135614.565561242
