"","v_bh","v_daily","v_mon","v_con"
"2",162947.726852083,164279.95006708,164162.084515893,164352.014273602
"21",160044.676178821,164898.956938629,164232.217042863,164956.370886973
"22",150032.730609655,157699.486788424,157031.733269647,157679.24024025
"23",161902.069917816,171345.240030024,170246.345014922,171250.179049769
"24",164357.649982891,175649.854855531,174838.270376289,175759.73503551
"25",162233.262615513,175238.75914685,174258.932305932,175299.663645575
"26",164743.902185119,182634.903633267,181278.902801062,182751.150178056
