"","v_bh","v_daily","v_mon","v_con"
"2",185441.873279418,147537.667332892,150693.657797815,147447.212254576
"21",195188.740593725,156475.538043141,159455.136169321,156335.508166101
"22",175092.976317333,144814.829186207,147156.539803199,144722.703827258
"23",197255.182841776,161125.850045806,163853.609104786,160997.634331125
"24",177025.079833324,147873.621982282,150246.385149596,147740.608800665
"25",177248.374565601,156028.791032804,157622.039412881,155960.376043033
"26",181595.742249117,160392.772953947,162026.019415355,160281.491782187
