"","v_bh","v_daily","v_mon","v_con"
"2",128984.098086763,96603.2958007022,99165.2049724144,96474.6759073517
"21",124543.194963888,95082.8047623499,97403.1832261403,94998.4704631628
"22",125525.488032409,96786.6634248844,99071.693114476,96676.5352261846
"23",121939.768726316,95555.8850253518,97589.7271474378,95488.6557317399
"24",118706.380360765,92943.9441994137,94989.3455860927,92847.9465378215
"25",125418.295791001,100906.33639241,102750.980802033,100815.562171646
"26",120674.620540668,99884.8056470618,101530.925346118,99830.4282286305
