"","v_bh","v_daily","v_mon","v_con"
"2",298426.625728967,260382.292517012,263031.954320203,260246.179248627
"21",316785.120956267,272361.32385223,276901.390339034,272157.983741244
"22",327991.038675091,283970.632748097,286533.459904236,283856.682336517
"23",309777.859140719,280393.705688985,282892.568280755,280120.774800061
"24",375491.526179955,308927.424180035,314433.788771722,308588.479883984
"25",338985.856570242,298338.071442758,302260.3903492,298481.35024227
"26",337981.43744997,306272.655737402,310321.400311072,306557.188037275
