"","v_bh","v_daily","v_mon","v_con"
"2",231165.65569263,180926.730088363,185406.37706031,180667.305117991
"21",238283.813420093,189014.406952641,192970.324223698,188870.977285004
"22",223904.100226801,182456.910891886,185150.070597783,182283.356267674
"23",227209.210918047,182632.726247639,186440.467541977,182429.31348247
"24",211037.43525398,177162.128554117,180152.769941982,177022.105934687
"25",233624.524943516,194586.513934646,197502.978041401,194422.358860329
"26",227070.274438445,198210.373034313,200713.975410229,198135.851517662
