"","v_bh","v_daily","v_mon","v_con"
"2",120337.982680088,139060.240821643,137529.365176559,139096.799917851
"21",121232.697893943,141962.636676326,140315.099830967,142001.30324527
"22",133001.09436633,154696.557713665,152616.81572466,154795.185347606
"23",112561.266859838,139021.833007378,136976.764360499,139114.731474241
"24",132961.712519467,160065.443235038,158076.241730508,160172.591213556
"25",120968.400951145,151901.972647119,149051.513025528,151918.654187298
"26",121283.653098379,154721.214221042,152093.458275972,154843.557676971
