"","v_bh","v_daily","v_mon","v_con"
"2",88044.0331888351,78790.3443336677,79506.3014687434,78757.1576368409
"21",85975.2394167713,78371.6211636998,78867.2702098012,78352.0501613301
"22",90396.9917441907,82866.6532147913,83416.1910375622,82838.1744149021
"23",95288.0017818018,88128.3259576087,88728.1312528927,88105.304123061
"24",89930.7438492937,85264.0430165624,85571.0426771658,85248.4055258723
"25",92398.3412039605,88376.342433408,88775.0967264599,88365.5258282171
"26",88202.8059561347,87317.1114155123,87355.5649250456,87321.3975323158
