"","v_bh","v_daily","v_mon","v_con"
"2",159644.936023738,121814.012129068,124901.214856413,121671.458995148
"21",166292.488780902,128511.760876111,131589.615666449,128365.12167413
"22",160411.630010106,126576.056491878,129097.247686241,126459.334853392
"23",168913.332001272,135069.631566564,137822.195113267,134954.728752543
"24",167130.855589275,135017.381988704,137563.485439518,134870.55270463
"25",161510.830949239,134075.219971075,136128.934548209,133932.062224738
"26",160035.442831412,134482.45811481,136410.221135209,134390.754858977
