"","v_bh","v_daily","v_mon","v_con"
"2",15589.2321594757,19457.9114435638,19149.4499891455,19472.7365780289
"21",16058.2726495469,20400.6081729696,20059.9097095605,20414.9744976217
"22",14994.49651357,19227.6694992615,18889.2967169469,19243.61905622
"23",15141.4360109954,19604.2485225265,19252.7493577706,19619.9173981257
"24",15141.4360109954,19889.5094158697,19516.032442129,19906.2559392166
"25",14770.2020850848,19897.9341264129,19490.1598716066,19915.7010378626
"26",14839.153401573,20368.2174880898,19936.5581390418,20387.6208755076
