"","v_bh","v_daily","v_mon","v_con"
"2",229875.862855567,232722.157127341,231500.821531936,232951.723313909
"21",256038.406299804,244797.107934009,246425.164479192,244694.968641586
"22",219427.67583427,230837.683599474,229337.667885025,231114.08517549
"23",193773.753539704,221883.850061797,220353.3800988,221941.983344314
"24",223695.943386119,242464.246556202,242578.083595852,242661.121310727
"25",220932.797700176,240619.386677119,238962.357656054,240586.758917288
"26",200087.551662343,236792.385711279,233015.709399602,236891.385758263
