"","v_bh","v_daily","v_mon","v_con"
"2",76056.1330813448,92703.4396429643,91550.8889038172,92774.6549405002
"21",74767.5763144549,92643.9062525826,91149.1452645432,92690.8518882346
"22",80891.6257961364,101030.648210402,99370.4819393973,101113.114517037
"23",76845.482715961,98472.1297294961,97035.0012844027,98586.8549286155
"24",79931.7291197273,102339.68195877,100393.538879383,102430.881640332
"25",76322.6252869693,100341.988862906,98412.328912743,100419.179020998
"26",75947.6603890995,102434.049003384,100504.381773286,102559.85302867
