"","v_bh","v_daily","v_mon","v_con"
"2",313613.884726905,257328.9252137,261848.518080381,256915.630764132
"21",297888.569751825,252803.240081051,256909.422012299,252831.891967056
"22",317862.921957098,266113.916337801,269521.062713802,266060.825546467
"23",297971.34602957,256596.54573689,260090.308775503,256538.834073673
"24",303354.111670754,260947.45540005,264275.648680331,260902.691853606
"25",312470.288322273,275996.91046685,278420.350613353,275874.471821974
"26",312430.899857314,279827.070441109,282735.914530013,279738.51988463
