"","v_bh","v_daily","v_mon","v_con"
"2",168753.117854906,125326.523037411,128698.12120518,125194.484716836
"21",173201.550691056,130336.663816499,133600.33114454,130192.273986346
"22",169294.97117139,129203.663330975,132218.713861785,129061.215793752
"23",161600.645195613,123227.809625278,126275.779244253,123083.058805709
"24",169883.928860568,132739.225818452,135552.514549307,132614.525648649
"25",163191.018929852,132376.245769585,135096.941833512,132230.092146642
"26",170285.363532878,139246.825451764,141639.25310497,139121.945296534
