"","v_bh","v_daily","v_mon","v_con"
"2",250564.956433818,205839.970850767,209134.233590263,205557.637230965
"21",245608.494036696,206503.721821414,209797.786262101,206423.615985316
"22",238365.325027769,201895.071070347,204559.938935387,201648.426686101
"23",251724.309038854,216093.974976123,218940.487875498,215991.50081936
"24",228913.009863815,203146.23308411,205481.900544593,202907.110706526
"25",229944.376200498,206125.476901567,208167.829847662,206086.442978595
"26",241022.565899459,220909.792554355,221836.616199112,220763.666808969
