"","v_bh","v_daily","v_mon","v_con"
"2",123797.549941409,130005.732977563,129725.266310717,130069.046808944
"21",146639.169355071,149427.407344368,149625.126741533,149386.100534751
"22",130133.573844067,140020.531367897,139075.911545435,140042.172076647
"23",132387.717554399,142456.173092044,141531.420712696,142587.008821208
"24",127757.476928523,141351.636556209,140227.075208054,141394.854716876
"25",136404.760627148,150251.746959537,149194.375968505,150305.714587349
"26",126738.616599715,144245.433466111,142933.102442873,144330.51637384
