"","v_bh","v_daily","v_mon","v_con"
"2",246656.183642812,191704.479426687,195949.745513522,191472.897709103
"21",234353.518494186,183270.415241837,187228.390456998,183074.516064875
"22",230455.150130867,182314.35771936,186053.940191508,182113.021441654
"23",250555.985048342,195825.45300751,200366.621226497,195668.655203154
"24",239359.891448916,193199.455988912,197218.783945915,193201.966036478
"25",243151.270708276,203029.725264026,206187.051167003,202783.315284738
"26",251712.360151235,209847.291916325,212620.36752808,209640.854033756
