"","v_bh","v_daily","v_mon","v_con"
"2",53784.4017787189,50874.1638744038,51075.4635671312,50869.8071201455
"21",50697.2793146179,48897.1869608003,48975.7888699049,48890.2815923244
"22",55567.2614939133,53581.7451168817,53709.0269958058,53587.0403065688
"23",54630.7276712076,53185.7407336285,53312.7888923269,53183.2924847293
"24",50463.5343825189,50715.3088175556,50670.5369207438,50712.5715372092
"25",53702.2846927215,54887.1580850244,54801.5178185207,54895.5102866602
"26",53516.287580532,55684.4799239428,55504.0212314912,55690.238350153
