"","v_bh","v_daily","v_mon","v_con"
"2",400022.196615579,287682.495045043,295837.08528322,287234.165342216
"21",393766.501906909,289584.548318407,297753.539361454,289305.435415813
"22",399553.29455168,299436.692639645,307922.835527155,299082.357751776
"23",410494.901637666,301715.606220953,309474.897042773,301189.409675165
"24",405907.401635666,306628.254699078,314057.225388225,305996.330983226
"25",391525.761478166,301955.825890635,308939.409190641,301489.84194803
"26",382383.34814353,304982.566043569,310686.955187706,304642.590076179
