"","v_bh","v_daily","v_mon","v_con"
"2",458541.554575888,326029.94891702,336443.931136164,325503.656054823
"21",482633.510367898,341619.978663335,353581.852323114,341184.554135398
"22",450644.141516221,331307.062479982,340265.495431314,330756.260286208
"23",448827.140622989,333188.274733542,341727.110007759,332549.847857875
"24",488939.361122475,347385.606609385,356361.420618551,346916.989463889
"25",465514.963017801,353172.932302888,362181.917606786,352398.42328612
"26",474564.114317966,359240.787979225,367807.74070015,358817.17456637
