"","v_bh","v_daily","v_mon","v_con"
"2",30940.9475590716,38476.2491229661,37877.9199576203,38504.3079477054
"21",29822.3459200926,37724.0674178096,37088.3975937134,37752.4300229014
"22",30678.1772851501,39217.1245815525,38528.4916778067,39249.713613489
"23",30078.8081043304,38759.0259196751,38085.9424882447,38791.3231501745
"24",30078.8081043304,39322.9755618139,38606.3808614113,39357.4194059965
"25",30959.4308466193,41499.8586412594,40686.7164182248,41537.747988594
"26",31805.04661702,43625.4843345527,42699.1930487179,43658.2683225318
