"","v_bh","v_daily","v_mon","v_con"
"2",158962.138574667,159351.429822062,158947.221738182,159370.674498791
"21",157512.510913983,162562.054770043,162188.930024501,162635.329951912
"22",178292.241952511,176460.335926743,177167.062436613,176484.991890085
"23",174572.155199847,179273.212002778,178859.894890956,179216.399935294
"24",149910.80276487,162408.840983185,161728.023057614,162355.362788891
"25",163873.986173786,177700.778537436,176167.411468141,177733.266399071
"26",165297.47792256,182527.38004003,180970.183679313,182576.711583288
