"","v_bh","v_daily","v_mon","v_con"
"2",324215.649994842,244643.840090845,251105.177398522,244414.37927493
"21",375363.166277213,274072.858989425,282441.082526569,273592.115887848
"22",354972.564841389,264235.781687398,271385.325941146,263702.234689339
"23",320236.028938793,249167.350535725,254040.407124916,248884.055544441
"24",355514.862385446,273250.816650716,280241.371419907,273192.405438463
"25",321668.586108955,258780.135163839,263520.13561119,258786.323021997
"26",359392.737942523,286457.228286581,292081.731311092,286212.920011046
