"","v_bh","v_daily","v_mon","v_con"
"2",97489.2371081668,116878.980974876,115136.763983231,116973.540150405
"21",94161.5176670762,115779.913059939,114263.380922572,115790.476374893
"22",103402.085935063,125177.137370523,123725.436667625,125265.742531551
"23",95231.2671623762,120519.118978902,118364.796553577,120619.040230236
"24",94209.6845691994,121974.587152074,119797.925104332,122038.095874085
"25",97659.3142008843,125798.947267793,123502.543431962,125891.334594923
"26",87700.8484680273,118817.117652368,116702.587759424,118928.029935171
