"","v_bh","v_daily","v_mon","v_con"
"2",189107.097091003,198228.117825765,197376.724074232,198098.455734552
"21",186892.134119555,199000.223941095,198025.903873431,199044.617459169
"22",187230.491216185,200457.249155855,199090.697295246,200446.914312293
"23",198519.564080842,216331.946674142,214606.379352235,216325.501175843
"24",189034.556608737,208958.666454751,208398.824401037,209117.027893519
"25",190736.384464979,209204.306372688,208213.384419844,209306.124787731
"26",196787.807314118,219928.873815171,218138.210930088,219954.598847446
