"","v_bh","v_daily","v_mon","v_con"
"2",189018.36022289,210055.110882749,208535.186146193,210225.694856823
"21",173712.672685785,202036.099475615,200026.364880875,202011.554518898
"22",175278.112134001,203712.268766976,203208.393646633,203894.948762586
"23",233320.184477802,232259.301248798,231451.886433479,232111.93322171
"24",180704.433028005,211585.320714793,207911.713699921,211558.655145091
"25",180379.288840163,219699.338601943,216961.249743937,219821.820664066
"26",188078.182138012,227499.293269518,224865.835904218,227838.832229598
