"","v_bh","v_daily","v_mon","v_con"
"2",210860.996922973,220387.174706986,220303.752783897,220534.070796472
"21",210117.26507499,221532.654910277,221252.07066239,221488.547089535
"22",208086.76139968,226990.466506863,225430.148813266,226877.26797322
"23",197749.841216592,220745.079424668,218747.900358071,220705.455247286
"24",180338.912810476,211777.34984511,210475.095442626,211647.525376609
"25",202293.882234639,235732.505112851,233130.228625468,235678.047306876
"26",203270.091960854,237196.20571126,234769.434482443,237461.97659505
