"","v_bh","v_daily","v_mon","v_con"
"2",69135.6505220845,79169.6556075009,78283.360556908,79209.4318300365
"21",70364.683359624,82210.9910384683,81183.8537968093,82245.079418216
"22",70355.7759960401,82277.0478097289,81293.3742974982,82345.6604826161
"23",74751.8753626338,88690.4342341324,87697.2588177358,88736.1137546579
"24",75070.8182164391,89028.8755504725,87989.3710000619,89088.1516760447
"25",75119.0737358127,91130.7741033451,89807.5060026156,91184.2622736512
"26",68569.5986783402,86599.2752167408,85155.7025165619,86649.7078876555
