"","v_bh","v_daily","v_mon","v_con"
"2",105634.978390603,111181.777214492,110928.607057154,111211.513666951
"21",111870.622529276,116557.480916781,116029.283274463,116592.164671934
"22",99854.8540958976,108971.964545339,108197.557779415,109060.109231139
"23",108821.999024964,117542.54838351,116978.9659227,117595.085795079
"24",103176.337012364,114262.009165279,113407.283459529,114340.952740099
"25",106844.384847838,120198.525855912,119090.112573743,120298.995476112
"26",108221.52000141,124034.758577136,122702.005189108,124126.782243341
