"","v_bh","v_daily","v_mon","v_con"
"2",124106.759447274,134013.790943414,132996.209047631,134012.591788264
"21",119414.050637655,131926.883009553,130897.315188355,131991.932564487
"22",114386.198576737,126924.149202212,125839.965560962,127007.060837108
"23",115372.857656006,130212.835806692,129096.886636915,130256.457495987
"24",116503.85980412,134004.46888421,132704.894369591,134069.960180293
"25",117746.054437492,138849.969196278,137159.079605545,138904.333593932
"26",119456.577913253,141705.616475734,139894.056869187,141835.774587773
