"","v_bh","v_daily","v_mon","v_con"
"2",64518.0263766695,65808.0246565747,65773.8570080251,65802.94365116
"21",69206.8284662283,71404.1431913454,71231.1838889127,71410.0277845926
"22",67980.4895713905,70589.404031919,70300.2310633408,70593.3317661966
"23",70187.8698394987,73584.2714749493,73329.4146824059,73601.073280634
"24",65532.7320893926,70175.7446301775,69836.3445584571,70194.1692381735
"25",69776.8612753599,75197.916889232,74779.0554747572,75230.6716591452
"26",70893.6190801323,78507.8324553108,77905.8629135713,78530.8121555591
