"","v_bh","v_daily","v_mon","v_con"
"2",163009.954247799,173801.975808189,173370.14909308,173723.215796249
"21",171408.419181506,185247.463086848,184003.455639497,185310.885494129
"22",163297.863609545,176682.694304681,175817.893634809,176774.794252143
"23",156861.167181871,178235.57905227,175949.35672909,178189.458020123
"24",180128.27403597,195746.607961354,194252.950921321,195822.664152447
"25",168936.285126374,191701.303995202,190204.538951818,191726.579407825
"26",159207.45485784,186580.605224698,185166.393642967,186674.842101472
