"","v_bh","v_daily","v_mon","v_con"
"2",60315.1009352803,64554.7638809724,64235.953723595,64576.8036373209
"21",64923.0621436152,69635.5741418597,69225.5044563877,69655.9022675903
"22",61680.7674299191,67695.0805338773,67182.3763316488,67727.8289436905
"23",62843.6085920056,69184.3510315537,68703.3201193722,69203.1407701295
"24",62979.2034858685,70179.3032831357,69568.8934037359,70184.126393034
"25",63169.8177434241,71909.7207591472,71135.4106037569,71947.7415142146
"26",62853.8787192457,73212.7377436533,72337.5360777154,73241.4530149377
