"","v_bh","v_daily","v_mon","v_con"
"2",124328.744074182,121428.372380406,121716.808491456,121434.344906146
"21",114815.529845451,114018.220231597,114156.940813283,113952.781203243
"22",116361.736610741,117185.909197717,117207.809515254,117193.059472319
"23",119894.961445111,122361.403830173,121954.62250774,122379.201449069
"24",126067.593925947,128640.07414737,128547.54290258,128646.204791326
"25",123819.488336246,130524.779544215,129977.955144195,130553.429380457
"26",117741.917675349,127375.790281547,126496.963311796,127404.042174847
