"","v_bh","v_daily","v_mon","v_con"
"2",30633.4062324349,26295.8623549528,26651.737447627,26279.3452024863
"21",32528.9110902719,28419.5470009547,28739.5584491083,28404.5316641599
"22",32483.0995906454,28612.2067005727,28920.7537379165,28597.8935575396
"23",33353.9612033629,29738.8625825443,30026.2108927598,29727.3299888352
"24",33353.9612033629,30171.0766896445,30424.4676436083,30161.2470936519
"25",32961.7591069113,30503.9696199115,30711.0500134233,30495.7575167068
"26",33067.3606983939,31258.2964210879,31401.9274040292,31252.7802506733
