"","v_bh","v_daily","v_mon","v_con"
"2",382553.118772822,284285.188791972,291882.683692997,283794.266309849
"21",371710.301501127,279398.887860695,287141.502452678,278904.222853316
"22",347159.812893353,276158.184277302,281962.854313327,275768.058001941
"23",330867.590377074,263749.860034404,268646.051590756,263399.511255217
"24",376033.110352183,297965.914068921,304874.489188893,297742.841443474
"25",350359.146537988,285682.1975376,290321.080890868,285867.763591406
"26",358726.056761038,298852.395444147,303878.088590514,298789.051012154
