"","v_bh","v_daily","v_mon","v_con"
"2",111290.054290684,125831.966783432,124355.011810617,125902.643628585
"21",107563.347537814,124883.788966396,123491.45772719,124990.450349577
"22",109142.042237135,128771.400225648,126990.786725974,128846.206615481
"23",108192.008745893,127171.47931631,125497.395691425,127251.756968291
"24",103404.126494613,124483.940035879,122961.482233041,124535.394940852
"25",110038.593952841,134385.036305165,132502.905815267,134441.971750775
"26",106664.847292762,132794.332984542,130811.305975367,132941.532364466
