"","v_bh","v_daily","v_mon","v_con"
"2",95255.9835433835,104265.596940116,103417.41147353,104327.017293471
"21",100730.162502998,111253.028407413,110452.323681192,111299.666468436
"22",93338.9419419128,105842.955390262,104873.835865471,105864.533756941
"23",99612.9771515258,113337.103131915,112266.980374661,113430.358799649
"24",101527.625855955,116686.525002929,115579.655183887,116742.561731243
"25",100228.721835355,118183.123379705,116827.715998523,118280.004075905
"26",99958.5796278366,121556.193058466,119603.418273902,121584.04847285
