"","v_bh","v_daily","v_mon","v_con"
"2",175222.410534667,157679.425611288,159221.988991189,157558.998119389
"21",163913.070438374,152380.081471576,153582.322396935,152384.750614425
"22",172999.824033879,160011.633707935,160671.827753838,160006.003637503
"23",168343.720641466,161114.200151393,161400.372073149,161046.045340614
"24",166386.127543195,160405.927951947,160820.760826683,160357.879177263
"25",164203.687424343,163290.657380926,163220.610184227,163256.0044633
"26",156974.792008913,161043.591894897,161036.716071311,161065.25349183
