"","v_bh","v_daily","v_mon","v_con"
"2",59915.1846113287,52347.3383610684,52965.2552399588,52315.1156311356
"21",61402.815575055,54931.8795270282,55425.1564013393,54913.3685570336
"22",63466.9601201673,57409.5071463653,57897.8704557024,57392.9823326542
"23",63573.4535084487,57478.0037632137,57972.0784776918,57450.0416897091
"24",62650.3414288184,57800.5657158012,58213.55879122,57793.6582713318
"25",59616.8711599966,56304.4628159575,56561.7361786818,56301.8549329071
"26",62459.8730074461,60193.7179232569,60383.9322114971,60189.4449249033
