"","v_bh","v_daily","v_mon","v_con"
"2",60506.5558129431,54326.8408171214,54833.3232151497,54303.7524866728
"21",59347.1523407444,54166.3499789375,54550.4922977882,54152.3367980966
"22",58974.8535229665,54516.617690433,54888.8756600267,54494.0211292742
"23",55237.0868007106,51601.5815190439,51920.1603331808,51588.7293904665
"24",60472.9395943646,56868.2644518754,57164.721665196,56848.9263823804
"25",59440.6900221181,57444.5094482438,57613.5133942295,57436.7140509826
"26",58511.7781582496,57962.7659710119,58004.2807869798,57960.8712169299
