"","v_bh","v_daily","v_mon","v_con"
"2",257802.43785078,244136.504972328,246625.70940106,243917.66319451
"21",266684.788962427,256758.975667536,256865.883437276,256619.693311198
"22",267567.041481436,255495.245379042,256604.96879857,255473.621145143
"23",247103.757977162,241910.770848613,243223.25991699,241822.0537341
"24",269358.368431151,257561.111561931,259292.303184909,257246.33709323
"25",266465.138900717,269836.982711369,269607.24374603,269621.594645096
"26",299761.624619465,298025.814616105,297355.867754045,298170.607264951
