"","v_bh","v_daily","v_mon","v_con"
"2",282496.243950873,215734.273408517,220951.058969498,215526.432761139
"21",297963.964186498,229019.743275498,234230.405822558,228849.685959392
"22",300435.287385489,230493.780619521,236068.95861559,230259.45619228
"23",307570.210389464,239130.989466816,244274.517045424,238741.206618785
"24",319589.253418676,244826.263552197,251184.989008386,244710.249512214
"25",287582.683385374,233636.948004786,238402.316437995,233383.761746372
"26",299851.145419385,245202.202608234,249577.99569634,245120.97130705
