"","v_bh","v_daily","v_mon","v_con"
"2",190813.037036893,182642.131902735,183407.436658937,182666.627829669
"21",196820.751529189,196270.579517991,196469.682097158,196387.950013261
"22",189547.069466157,189648.392315168,189193.545307089,189730.746913734
"23",194784.128382739,192219.22278048,192603.749789753,192138.623658362
"24",223605.654076804,219884.797392385,220553.808027301,219988.559490923
"25",187562.184527039,196600.157568444,196170.329435638,196666.016250932
"26",215524.044952626,223673.98564875,223134.472629806,223579.286156337
