"","v_bh","v_daily","v_mon","v_con"
"2",116065.890419865,117788.386167996,117703.700203768,117799.23659974
"21",107248.42053174,113243.85841079,112835.723024995,113289.712077959
"22",115394.87318068,120224.33393198,119882.820512724,120259.791951821
"23",109612.877160118,115277.274236067,114848.021005012,115341.660851325
"24",112403.868723756,120341.580032489,119518.850040916,120359.833375551
"25",115488.772070562,125142.226173837,124263.233507556,125209.845325672
"26",118088.739109463,132391.460989405,131262.731381246,132391.278592337
