"","v_bh","v_daily","v_mon","v_con"
"2",131751.825558813,145322.144135403,144619.268421388,145361.090326854
"21",137528.661994585,155473.276851585,154201.713264128,155537.146647666
"22",137195.864111619,151993.14461602,150685.695278467,152095.496402108
"23",135579.082279711,151706.716903231,150471.36642593,151756.514839074
"24",146723.54562073,167233.176941141,165388.661050414,167317.295936596
"25",144354.155875371,166745.872524886,164436.253523845,166784.547032271
"26",138834.307079031,164636.23817359,162859.117584286,164797.221483348
