"","v_bh","v_daily","v_mon","v_con"
"2",174875.435297673,179415.399982608,178989.979785304,179425.818830261
"21",171650.748818356,181207.795330711,180600.07266788,181171.827244685
"22",170313.820932944,183244.958255672,181763.124793196,183129.669643605
"23",171440.636232406,183374.470125521,182251.103223437,183532.181886483
"24",181535.257195236,194998.291925848,193860.415193129,195070.173755147
"25",172108.851497306,193852.501031065,191933.878781016,193977.852503855
"26",161144.228481909,188149.729642834,185479.637832145,188218.989799923
