"","v_bh","v_daily","v_mon","v_con"
"2",200116.75733686,177509.894513008,179391.73443733,177571.624405882
"21",194075.510671467,180521.300552288,181034.712105011,180428.919442952
"22",209024.565500142,191487.212823954,193410.784211761,191427.221942457
"23",177426.486397645,173032.013720053,173826.905338801,172980.765737299
"24",204532.30200893,192932.099546121,193708.781584159,193055.883692865
"25",193061.186996001,193379.789213264,193353.495317855,193352.098022579
"26",193475.084633776,193428.880415553,194087.537233101,193469.21969203
