"","v_bh","v_daily","v_mon","v_con"
"2",319368.391638532,249729.728197922,255529.412816835,249537.994472973
"21",315692.050161406,246621.870789952,252245.548763679,246312.472329151
"22",319057.824789093,256718.615689542,261562.702460173,256521.165453522
"23",323106.958621179,257464.182814637,262771.761556218,257221.737621344
"24",297790.576146861,242737.283122001,247155.880741708,242736.55696223
"25",271412.001655558,236736.669107383,239622.405540241,236678.444844635
"26",302994.900639578,262528.352015402,265867.017632365,262380.365427862
