"","v_bh","v_daily","v_mon","v_con"
"2",358708.604512834,276608.567002699,283354.298317608,276203.755983798
"21",324684.03871932,260201.046714745,264333.832262082,260167.506636334
"22",357378.853531106,288356.234426408,293033.096186305,287951.329252793
"23",353538.574856647,286091.608777401,292983.541121286,285986.141386305
"24",346847.608935723,287279.862239172,291059.937500782,286770.909671145
"25",313597.912254382,271497.416510338,274022.39461781,271306.128585197
"26",333406.967268156,293532.996656774,295921.523235928,293598.40743099
