"","v_bh","v_daily","v_mon","v_con"
"2",320697.250398666,259037.051574627,262900.986290507,259003.884325473
"21",335907.85385503,269395.199948299,274923.935031528,269428.673135484
"22",325429.097718465,270773.639107456,275408.603884547,270672.066537484
"23",288111.634636602,251111.184336003,255247.467502515,250737.611698337
"24",310393.322437351,266148.823712892,270262.400241421,265996.285693386
"25",352036.521128694,297990.936748526,301403.635592487,297851.582681228
"26",314825.93673793,274333.866536589,278191.133561419,274315.170764593
