"","v_bh","v_daily","v_mon","v_con"
"2",234250.73950232,204506.827800521,206305.941664279,204496.139816484
"21",266690.51050936,228724.559402524,231182.458206397,228702.164811818
"22",273044.507760444,233810.333288931,236186.788530702,233605.536737563
"23",230803.711415911,211629.736286004,213142.626866221,211514.103814764
"24",253061.707296993,225978.348169622,228550.080499778,225967.353189238
"25",247759.741786844,231531.553547613,232772.418370085,231421.851107885
"26",229044.885345183,223763.583934315,225387.598112603,223844.587516905
