"","v_bh","v_daily","v_mon","v_con"
"2",370532.71431923,294071.261066392,299831.547556425,293976.16354301
"21",392378.314791791,304752.48462434,310741.887414627,304479.4546677
"22",402589.947539784,317481.315667874,325064.376815529,317086.012287468
"23",389916.79531089,304315.558650804,309095.876046048,304166.053671589
"24",425023.468002282,331538.883579133,338616.405881272,331060.851422711
"25",384094.290314421,312370.81986542,319384.8358245,311976.98449639
"26",375127.312993945,324198.24718418,330054.648360446,324077.518543738
