"","v_bh","v_daily","v_mon","v_con"
"2",269537.9975023,226716.867280713,230374.241462687,226581.608475143
"21",252015.70802137,220135.762884398,222303.320640725,220137.158432255
"22",243288.734287253,218203.113216602,219435.323674462,218253.645847561
"23",262367.605244781,227970.777161194,229996.793496717,227820.806439805
"24",269414.760088325,238086.542853981,240655.964537476,238140.975006163
"25",265752.709602428,242144.280473807,243744.711210624,242101.115553966
"26",264043.98226913,240903.975301381,242381.521156929,240892.400057534
