"","v_bh","v_daily","v_mon","v_con"
"2",276967.252501918,212984.591448496,218042.857748002,212772.30126114
"21",253710.967912129,209850.002672966,213352.532119036,209794.541221896
"22",253893.447156192,207674.089324684,211136.515725812,207494.785527776
"23",254408.092972646,211499.641035337,215640.305118094,211408.299519043
"24",260475.629290191,218412.912879485,222003.834042845,218232.831299568
"25",246431.94071598,214696.651648147,216767.542314115,214629.650699989
"26",275116.599711384,235457.426763922,237967.020404515,235343.3113947
