"","v_bh","v_daily","v_mon","v_con"
"2",110823.185218401,87395.1399948914,89335.5765524428,87321.5404646622
"21",117317.072152475,94032.0821436365,95854.2842799757,93928.818561075
"22",109821.668303778,89377.9596625085,90989.6522377732,89305.2236746963
"23",118580.952640742,97068.4369314624,98806.1917373363,97004.7871272081
"24",116410.635377234,96721.9965611569,98234.4071603487,96652.8010147728
"25",114788.353884389,98169.0490202231,99371.9483469586,98116.871340119
"26",114200.514282438,100212.696676637,101368.946550068,100173.452719027
