"","v_bh","v_daily","v_mon","v_con"
"2",15862.7664845036,19248.115036255,18975.6109160483,19261.275347507
"21",15656.0099595109,19376.759747683,19082.390676376,19389.8596039012
"22",16009.399174045,20033.3002242021,19705.5614115891,20047.6757137094
"23",15860.0191774996,19996.0347655126,19673.7949270518,20011.6167198904
"24",15860.0191774996,20287.0560692137,19942.0044085646,20303.6122451224
"25",16405.7072728483,21499.2235207864,21092.4620488804,21518.1596618422
"26",16368.9678818834,21960.64406708,21516.6118465698,21980.4014359326
