"","v_bh","v_daily","v_mon","v_con"
"2",293664.821640411,218972.921302652,224844.940500505,218772.505526798
"21",285400.50381706,217422.838944946,222909.638035443,217275.344411209
"22",323775.162582015,238560.990604297,245255.910305238,238316.81359012
"23",288676.00436816,225078.407599454,230395.791108493,224695.078233686
"24",279535.042083348,218823.452569228,223540.810274335,218481.030590981
"25",292856.818511301,235626.394273923,239948.427872255,235536.631611938
"26",303505.112664926,247157.04483102,250942.669341896,247129.296793275
