"","v_bh","v_daily","v_mon","v_con"
"2",139996.544231518,115654.186501825,117517.428544919,115569.717192321
"21",138857.495091469,116801.949581527,118282.837661711,116723.361416956
"22",137161.793089422,116081.449305217,117940.559639909,116001.731236323
"23",142287.78825453,121589.615986617,123156.959591628,121517.217046615
"24",140536.087743368,122058.752533202,123459.044842728,122044.757626451
"25",131032.427825917,117823.29149168,118800.640952892,117754.299584626
"26",137853.765797588,124039.156820033,125378.650669952,123964.984309079
