"","v_bh","v_daily","v_mon","v_con"
"2",164371.017051743,185309.427693666,183636.399846085,185493.727926994
"21",162666.584362493,186605.72936836,184594.57960441,186703.253204797
"22",160079.058649387,184897.597554953,183118.268564435,184902.728665743
"23",150919.583928921,180174.725654903,178064.07789665,180401.532708556
"24",174183.16542654,202869.53080436,201076.608996815,202995.861326939
"25",163169.988414605,197062.145224565,194192.302725567,197151.454448912
"26",169590.454070867,205640.06956941,202434.800076612,205617.959273534
