"","v_bh","v_daily","v_mon","v_con"
"2",397088.79293268,300146.712304079,307275.361513339,299753.3780825
"21",390477.311056313,298601.472007256,307330.291865946,298552.586092441
"22",401349.498975434,309645.962002555,316437.848044301,309291.887294824
"23",382607.172710242,303767.111138855,311043.320343886,303486.549311949
"24",463392.984756249,345111.598322048,354810.173788333,344828.513100095
"25",411931.853851991,328383.73482461,334221.90470884,327997.254332645
"26",451552.323927905,351930.608622117,360238.961697545,351083.606535312
