"","v_bh","v_daily","v_mon","v_con"
"2",18732.1381654511,21243.1814027242,21045.2400041567,21250.4908374989
"21",18297.8602920912,20980.1684044082,20765.4706645172,20989.3615963997
"22",18586.1640564961,21529.5656016561,21294.471634113,21539.7991247171
"23",18794.9202145433,21981.2836917381,21720.550082345,21991.6746481749
"24",18794.9202145433,22301.0657797877,22015.2179952992,22312.4694432734
"25",17121.0151523772,20840.3799933969,20537.4768996352,20853.925363661
"26",17521.8001318664,21857.126718683,21520.719646554,21873.4482368406
