"","v_bh","v_daily","v_mon","v_con"
"2",52724.0441971258,48910.3407243231,49238.7844596058,48892.8978332695
"21",54905.0371262074,51627.7787198091,51895.6191473459,51620.7567451751
"22",55303.1370175848,52115.3426704137,52352.666359344,52099.4349748568
"23",53050.8551173198,51258.8821727293,51376.5187026443,51248.7718884789
"24",52543.1422885359,51053.8482881267,51201.0708570201,51048.9718945598
"25",56806.4124108891,56782.8788084117,56771.2159441203,56776.8088548078
"26",54713.8439436458,55750.9340730394,55640.2453341231,55752.2393830155
