"","v_bh","v_daily","v_mon","v_con"
"2",91645.0670204484,80357.2373938236,81317.566131245,80327.6140794621
"21",92271.6533969545,81886.8187338033,82724.5272012908,81852.8766042035
"22",96864.875853813,86383.1230908008,87130.362636216,86337.4227860557
"23",94397.2234980746,85312.3852423492,86062.757710128,85282.0333854506
"24",91717.1824642462,84582.2252259078,85191.7446723668,84558.5448998348
"25",95063.5647133648,89432.0056042497,89897.2247383309,89395.8987142774
"26",89592.4081276389,86132.9901583606,86354.3990833674,86096.0904487896
