"","v_bh","v_daily","v_mon","v_con"
"2",208529.520201183,198110.004575968,199131.300445288,198032.560246523
"21",229964.751465575,215531.808387241,217208.195465858,215441.737638709
"22",212227.670742852,202502.510651754,203289.798911763,202599.845531356
"23",219501.087033789,209905.338452348,210873.733788982,209765.505452794
"24",226580.395635741,221008.167453472,220931.9153564,220995.372839794
"25",216305.204447396,215427.988465535,214795.853175056,215558.834960074
"26",209214.092545518,212670.315619819,212804.673088307,212652.141525313
