"","v_bh","v_daily","v_mon","v_con"
"2",63684.6312320744,54517.884527309,55219.7829891787,54488.0883502397
"21",63422.8425597194,55135.6071501303,55817.6383012456,55101.0255278546
"22",59562.1557779292,52462.856647861,52982.97461384,52439.9462647836
"23",65862.4931222062,58420.5799750303,59039.3331448961,58404.4861128598
"24",66011.2663138321,59405.780553884,59943.7477845533,59383.5949559058
"25",63933.3093678206,59101.6673897746,59484.7392238901,59081.0007992588
"26",69150.594276017,64947.777848609,65317.9734602863,64941.7568514874
