"","v_bh","v_daily","v_mon","v_con"
"2",102881.362563921,110108.454890208,109645.549286582,110127.927723094
"21",102999.252713835,112222.082254992,111303.192905063,112234.82760365
"22",99953.3825760881,110877.850233085,109839.54530046,110904.424498348
"23",100901.778571922,113924.486555147,112875.578614224,113939.119107092
"24",98663.726089439,113294.026490293,112142.245282458,113374.036279877
"25",101938.15574428,118558.74041674,117050.497774805,118628.900187687
"26",104421.999965399,123852.497137572,122239.637503196,123889.532865417
