"","v_bh","v_daily","v_mon","v_con"
"2",102956.062349655,84975.865499792,86395.2499261699,84888.8757823379
"21",102869.240819259,86137.5253535306,87291.9167256804,86076.6052259174
"22",102926.630272191,88340.4175900058,89404.0012697841,88269.52067462
"23",100793.277449855,87095.3655763938,88191.9102954289,87038.4781610232
"24",103043.484936769,90708.5135426324,91631.3653331439,90629.3557556185
"25",105687.491610817,93992.3402571194,94932.1638714069,93950.677727874
"26",99778.0865895834,91307.2767153938,92035.1009273802,91271.2282852937
