"","v_bh","v_daily","v_mon","v_con"
"2",131699.598757504,113642.409046767,114995.046881942,113555.45722486
"21",124078.089907116,109322.701279494,110603.846967506,109267.712088382
"22",120558.601505649,107734.245661177,108731.904854295,107705.295016314
"23",126956.061128738,113153.841231789,114277.457137723,113139.692308783
"24",125230.732174022,114618.202227753,115579.838114923,114577.158838039
"25",131786.999880273,121227.967075747,121956.883175889,121147.020738167
"26",122313.850426055,116556.099156856,117022.888277206,116520.75325308
