"","v_bh","v_daily","v_mon","v_con"
"2",143422.828398566,131146.436591899,131970.373566761,131142.891451358
"21",147374.076955714,138035.260072308,138755.286497263,137932.279551274
"22",136157.778069054,129346.743476032,129833.453097984,129312.821678576
"23",137360.240645353,131913.837220448,132559.026687498,131929.972939937
"24",136071.741095494,132948.432683942,133288.96909889,132907.939196048
"25",138072.299379257,137070.657512235,137154.969806947,137006.401646521
"26",133680.957552869,136908.424240366,136924.23965087,136953.55395168
