"","v_bh","v_daily","v_mon","v_con"
"2",341794.725801636,282490.719732026,286957.47627215,282376.581492672
"21",385791.173725778,304673.694940189,310220.485753454,304669.646236115
"22",364981.194208578,300907.061501635,306343.142180796,300894.452028196
"23",337679.121974734,287838.783678905,291211.168927375,287527.020349651
"24",356984.850748578,309857.868816289,313114.162623565,309566.792818371
"25",360165.074185763,306480.392222947,311596.246710767,306054.292804041
"26",425899.662444825,342765.712662572,347575.263318286,342789.931723977
