"","v_bh","v_daily","v_mon","v_con"
"2",68023.4450141026,56286.5310653231,57242.5261304907,56252.3748565663
"21",69517.986333434,58927.1717423228,59776.0288115716,58886.7637046604
"22",68422.5392683976,58884.4223844642,59645.5622395413,58849.4291193643
"23",69395.736310912,60043.4870593214,60799.1285732069,60011.5854630371
"24",68242.4562450103,59785.3275669291,60443.3293758006,59759.4744318738
"25",69389.9292555048,62455.970155135,62972.167398635,62434.2238803812
"26",66507.8215428105,61356.1346175019,61785.0878963624,61335.5977061797
