"","v_bh","v_daily","v_mon","v_con"
"2",33519.9156353094,40719.7495489352,40150.1261565152,40743.5480179456
"21",31193.8451414528,38327.9768624902,37755.2643472776,38354.8627363347
"22",29693.4787317015,37029.2468269785,36455.7780652622,37056.3522304902
"23",31989.7413285799,40265.851805832,39643.8467657724,40298.7392521485
"24",31989.7413285799,40851.8518719716,40184.7982705934,40886.912560718
"25",31674.200992198,41343.6377182148,40613.3281386043,41376.939566886
"26",31613.4488846016,42412.1506228538,41559.9035335114,42451.2007345011
