"","v_bh","v_daily","v_mon","v_con"
"2",78627.5594759266,60802.0417627028,62193.4529478957,60737.6211509328
"21",76516.15979729,60350.4239108195,61633.4849437336,60301.9861117295
"22",76416.5381570548,61122.5345676118,62305.1642834723,61067.2090533095
"23",82198.5173666006,65922.1306022955,67216.134207061,65859.7928393435
"24",78530.2363621605,64389.8724642833,65502.8453051952,64331.7442667382
"25",79435.4521259512,66149.5881413562,67224.6000585277,66100.6219992608
"26",79420.0489938182,67724.9095740273,68609.5653550355,67683.6567807992
