"","v_bh","v_daily","v_mon","v_con"
"2",48894.9841567733,58825.0494980064,58078.5842830236,58869.1264426203
"21",47022.850860604,57945.8446827501,57099.2310122074,57978.6450947519
"22",47515.5325329823,58659.3934409889,57796.5004763426,58701.8467626339
"23",49812.3112703699,62416.2010583479,61442.8543149754,62433.4415526071
"24",49419.1678063568,62413.2218856935,61281.9754005107,62458.1799979791
"25",49426.2527246071,63516.7364944609,62342.5042722293,63578.4911927743
"26",47083.0582280066,62676.5178220307,61474.2061051034,62737.9518500857
