"","v_bh","v_daily","v_mon","v_con"
"2",53577.213642524,61572.9092547755,61001.1078215299,61601.5771598163
"21",53999.4361189508,63004.5644687893,62269.2144378094,63021.2784852435
"22",52183.8223871608,61899.524745448,61073.2774479606,61940.3726059575
"23",54066.5559195698,64728.2424662942,63885.7693809862,64772.4969107291
"24",54011.1779935025,64862.2551199079,64017.5254257695,64915.3928800211
"25",55100.9286917347,67926.4893577042,66867.2950182166,67977.9899390455
"26",53505.6280699231,67875.324917953,66829.7418746762,67930.3437720457
