"","v_bh","v_daily","v_mon","v_con"
"2",44147.8835484805,54388.1802771483,53561.109121435,54412.8247102944
"21",49247.8479556334,61529.0987783626,60558.32565572,61575.1745581861
"22",45526.6829008593,57965.3956460884,56963.6522217685,58001.6337455447
"23",47121.5926261864,60681.7727485172,59545.2977263627,60719.7714252761
"24",45991.4207055574,60260.3123287503,59104.1953330881,60312.3333592644
"25",45891.8048501717,61380.6320082467,60069.0707290226,61430.9861079172
"26",46846.3198319957,63577.7128221277,62231.1587615764,63629.6660818126
