"","v_bh","v_daily","v_mon","v_con"
"2",278135.149981612,217951.812834467,222922.551595317,217798.128501525
"21",278223.819218651,217019.954513822,222219.069052911,216842.893300523
"22",288237.959496478,225182.541452496,229818.088554404,224941.000664527
"23",273219.979754413,217233.552700473,221317.733717457,217074.793747821
"24",278002.841682863,226016.389610594,230184.653833911,225883.15957554
"25",262678.155940024,219812.938887673,222602.746333474,219662.616658336
"26",271574.552803595,231131.422631382,234904.593425178,230916.093897538
