"","v_bh","v_daily","v_mon","v_con"
"2",203613.636159711,156903.962247066,160572.088434224,156722.193955661
"21",196342.089083133,156294.088039187,159497.23242424,156195.885987334
"22",197653.393742893,157613.22557045,160755.378107587,157461.020402916
"23",190330.937913326,153596.545956784,156598.23617524,153445.974953559
"24",213371.642209977,168437.941024539,171810.52996557,168259.783953635
"25",201110.016499055,167592.882028692,170000.547931184,167465.319291418
"26",196232.940339491,167058.824490546,169105.35311209,167011.833668537
