"","v_bh","v_daily","v_mon","v_con"
"2",23984.8134400751,23932.0479347438,23939.678822455,23934.0213421158
"21",23705.4565405415,24021.7218484678,23994.8362015627,24022.885601671
"22",25047.7581971977,25544.9411822527,25503.7063000031,25548.6006670581
"23",22913.8772179775,23645.1626472515,23594.4602101452,23647.7015665504
"24",22913.8772179775,23989.1922235228,23911.1362450443,23993.0038708224
"25",23516.439913004,25242.4092861903,25096.0189807978,25250.187012804
"26",24038.7606323537,26414.385124685,26225.5871368787,26422.0981146385
