"","v_bh","v_daily","v_mon","v_con"
"2",84210.8425758503,97430.2669153642,96351.1023704525,97494.6828637807
"21",87117.176555785,103174.504248061,101936.58916354,103254.100895502
"22",92448.2047201095,110617.074397016,109172.968792378,110709.041959322
"23",83056.0446514904,100294.286996798,99010.9405103861,100359.317917806
"24",87388.7919920364,108090.200477369,106561.930192339,108185.286442821
"25",90885.9257241801,112901.216758995,111314.899395875,112964.489127236
"26",89273.8811894446,113057.321440063,111185.226217796,113155.282446477
