"","v_bh","v_daily","v_mon","v_con"
"2",74166.5312436116,73224.104398004,73315.071424155,73212.1557354872
"21",72310.9617468928,73350.1854169486,73252.5149833995,73356.9932389061
"22",73387.313590946,74243.1615191975,74173.1608075213,74234.1008463771
"23",77683.4592254789,78623.8333160743,78614.9540259321,78643.9850483442
"24",74849.9418493737,78099.490903639,77911.4520659785,78109.6158941081
"25",75007.5301632871,79413.1508272772,79047.2993544239,79427.056720083
"26",70555.5555372399,77014.505769988,76515.2657098878,77045.0207319841
