"","v_bh","v_daily","v_mon","v_con"
"2",275112.292278484,256199.956165207,257853.134846985,256115.309154917
"21",247544.559091232,240080.838985731,240192.154474644,240206.807881099
"22",235694.192374714,232525.14354589,232759.491024913,232655.49454681
"23",255202.914047104,250927.876093992,251247.866695207,250974.242427737
"24",260180.223441369,255537.595585274,255235.370717696,255363.400295076
"25",247252.978795383,253901.456357493,253804.168801116,254006.113463839
"26",261911.119748098,268092.248887355,266803.165651997,268094.302250712
