"","v_bh","v_daily","v_mon","v_con"
"2",204193.174706793,168540.513870521,171416.376505549,168440.495527596
"21",207613.732160218,176007.231886832,178576.433054733,175920.847816417
"22",206529.033800635,176072.707991512,178190.386773051,175986.002913992
"23",192824.949200653,168851.816535094,170765.663988804,168748.71325555
"24",198211.633618707,170771.485746469,172602.733211464,170682.482453104
"25",206120.194325199,183946.860276514,185634.994821306,183841.745068618
"26",200948.688365764,185132.785486113,186451.491963997,185050.466588437
