"","v_bh","v_daily","v_mon","v_con"
"2",111889.5323951,90811.6258615857,92538.7909664401,90727.2961598787
"21",108525.018001864,89807.1973931267,91214.6089717393,89742.2501966807
"22",104668.400498374,87819.2389310345,89203.1675727495,87741.1498854369
"23",104383.089948035,87913.9046174583,89206.6036824604,87853.107363558
"24",109400.999745793,93625.4755882201,94771.9194367483,93563.7413806097
"25",103517.309085643,90119.9781903713,91148.7001804132,90081.4651796832
"26",108701.860885373,96567.7485618398,97585.958606426,96522.3708599936
