"","v_bh","v_daily","v_mon","v_con"
"mean",823826.904543608,813376.33066777,814132.670748472,813333.973073803
"sd",189018.36022289,210055.110882749,208535.186146193,210225.694856823
"skewness",1.58014653535144,0.788220961335822,0.852619156642191,0.786406280242757
"kurtosis",3.49618978022711,0.748986982243845,0.948962609412021,0.743517018592326
