"","v_bh","v_daily","v_mon","v_con"
"mean",914932.187255306,914640.640950188,914864.653248435,914717.831062127
"sd",251719.481220974,230401.461280889,230492.4554348,230379.035727415
"skewness",4.21884781789439,1.33305577611394,1.49556781123565,1.32163923167773
"kurtosis",42.7701317863652,6.17250803145307,7.5544791777175,6.04225180709618
