"","v_bh","v_daily","v_mon","v_con"
"mean",901659.575069147,898845.696076738,899031.695997065,898825.014558112
"sd",234800.399831039,234831.718488194,233999.451746382,234785.965864384
"skewness",1.70552601034352,0.829367424717392,0.896205082021278,0.821788473088123
"kurtosis",4.80781589296251,0.949089525655185,1.23755061318592,0.915814415989483
