"","v_bh","v_daily","v_mon","v_con"
"mean",1061692.71995933,1054857.62327136,1054930.88736614,1054876.53244625
"sd",325367.123540132,272127.529514623,275216.693833314,272005.47685133
"skewness",2.68450279798353,0.909077750005723,1.02294831383616,0.907337086245913
"kurtosis",17.7834511031762,2.79107923504522,3.30377047488271,2.78137021462156
