"","v_bh","v_daily","v_mon","v_con"
"mean",1246438.5956756,1211503.911601,1215617.38389832,1211506.72853011
"sd",401297.828157699,304484.025541491,313456.42801618,304142.564847839
"skewness",1.56549014268812,0.670080199954478,0.756868219732047,0.664749209491287
"kurtosis",4.27490625724775,0.846882868216368,1.07485504420398,0.828319041996129
