"","v_bh","v_daily","v_mon","v_con"
"mean",1307698.25501431,1257133.86510351,1260807.24497066,1256886.75268927
"sd",463060.865655425,324012.374273917,333774.542936177,323296.61231126
"skewness",2.19962760890064,1.02106156496408,1.10698851276485,1.01126553168372
"kurtosis",9.26384285658325,2.0810620888973,2.40021962174533,2.03114808735125
