"","v_bh","v_daily","v_mon","v_con"
"mean",986967.181147445,988081.24439607,988286.521833855,987943.431587962
"sd",257802.43785078,244136.504972328,246625.70940106,243917.66319451
"skewness",1.31335085906137,0.551743843248834,0.632520908274578,0.544508756566148
"kurtosis",3.00701537574263,0.348174657982048,0.509718348888231,0.326738314682154
