"","v_bh","v_daily","v_mon","v_con"
"mean",1164857.73192558,1144649.20486091,1146547.0448078,1144585.43477713
"sd",360441.286583956,292052.080827013,297475.384180528,291796.488762806
"skewness",1.29748871116907,0.607221206672209,0.673493951065573,0.607163078495475
"kurtosis",2.28046252776358,0.211683020024109,0.344164375125739,0.219728125153959
