"","v_bh","v_daily","v_mon","v_con"
"mean",839320.714417275,833987.036425858,834566.093220826,833872.726589493
"sd",185289.407967725,204048.888405321,202601.531975739,203911.902393293
"skewness",1.54336222520379,0.708338888229944,0.758462343235854,0.700221413602879
"kurtosis",3.77320447167232,0.852192419662614,0.984119038879517,0.825243265902922
