"","v_bh","v_daily","v_mon","v_con"
"mean",1255971.62777747,1221009.28403425,1223138.67131552,1220687.24208263
"sd",397088.79293268,300146.712304079,307275.361513339,299753.3780825
"skewness",1.50270917810347,0.669537988818499,0.735428339405256,0.663444958129944
"kurtosis",3.82739655892213,0.752612667273996,0.909686830173459,0.730108730718386
