"","v_bh","v_daily","v_mon","v_con"
"mean",1103148.19507765,1091387.45976936,1091720.72054505,1091234.5313922
"sd",341794.725801636,282490.719732026,286957.47627215,282376.581492672
"skewness",1.61413684417421,0.813468492740616,0.87679890157624,0.8092797534794
"kurtosis",3.6869783092304,0.798112090049098,0.996253915671311,0.785447111702668
