"","v_bh","v_daily","v_mon","v_con"
"mean",1400914.65770989,1328518.95039957,1334920.06621673,1327930.10071234
"sd",495900.323168772,331159.033847614,343818.063141128,330510.122975965
"skewness",2.1896370643902,0.965480171909962,1.10010022634114,0.962836569277417
"kurtosis",9.14962566710229,2.12118266745736,2.7353090517541,2.11651187463235
