"","v_bh","v_daily","v_mon","v_con"
"mean",899941.001657899,901338.794009069,901420.848454228,901371.881926159
"sd",212547.874971187,217095.677015495,216522.099119464,217208.408133886
"skewness",1.49702488002958,0.695428766626977,0.754143198206039,0.692244978722563
"kurtosis",3.53790279619768,0.774672142087524,0.944655331647559,0.772775977951491
