"","v_bh","v_daily","v_mon","v_con"
"mean",1211032.92439325,1209542.11937573,1209611.32311097,1209670.71713562
"sd",337981.43744997,306272.655737402,310321.400311072,306557.188037275
"skewness",1.61224371618229,0.781459870472926,0.850188287052349,0.782472460854198
"kurtosis",4.02652637592631,0.844309467213341,1.05989489052745,0.845623206335787
