"","v_bh","v_daily","v_mon","v_con"
"mean",1022756.33963193,1016943.39383216,1017704.21973852,1016934.6432483
"sd",229388.767477712,249149.089371518,247519.856503613,249287.236323867
"skewness",1.8702264442352,0.707186938070244,0.775511604073746,0.708456948504877
"kurtosis",7.76055797851798,1.42882683742461,1.64798350150407,1.44816961001312
