"","v_bh","v_daily","v_mon","v_con"
"mean",1146447.23066259,1146112.95320334,1146429.03373134,1146106.87829004
"sd",302915.289776673,292775.438636269,293448.492838664,292533.565121254
"skewness",1.41181745252171,0.721678884802749,0.778081630029959,0.715095836301494
"kurtosis",2.36062731746113,0.465703409876573,0.59221953671286,0.447306070679188
