"","v_bh","v_daily","v_mon","v_con"
"mean",1290219.57367798,1280133.22021749,1280502.62057334,1279982.04113276
"sd",390754.095274005,336274.541160717,340622.60440418,335919.073160589
"skewness",1.45950907402692,0.746424431338391,0.806230105431794,0.739451454845972
"kurtosis",2.6629822775305,0.4883538768142,0.604354203280658,0.470486819257345
