"","v_bh","v_daily","v_mon","v_con"
"mean",926977.751916478,900004.528871983,901689.67437334,899907.106748092
"sd",188078.182138012,227499.293269518,224865.835904218,227838.832229598
"skewness",1.86402302493727,0.816177458536891,0.89321899247581,0.809705499302062
"kurtosis",6.19175271475285,1.42221903607335,1.73246052154409,1.38803412471461
