"","v_bh","v_daily","v_mon","v_con"
"mean",1417718.41768729,1393036.09471851,1393929.43620995,1392907.0564205
"sd",451552.323927905,351930.608622117,360238.961697545,351083.606535312
"skewness",1.85430956549282,0.892193572011102,0.985035557808841,0.885494984266802
"kurtosis",5.33537182637088,1.48463578017211,1.72384947266397,1.46827683027969
