"","v_bh","v_daily","v_mon","v_con"
"mean",1320889.79497565,1311833.65554141,1312954.3168496,1311580.5741104
"sd",392555.581925135,326055.700994846,331835.989771095,325914.004129808
"skewness",2.08891063361456,0.828074608136361,0.915847410502362,0.82260034566567
"kurtosis",9.67416474727526,1.86661100554403,2.1869473511146,1.83461196654229
