"","v_bh","v_daily","v_mon","v_con"
"mean",1490065.19352167,1455172.13466215,1457865.81521707,1455227.78315695
"sd",450454.36851813,350769.128939791,357795.255733746,350379.98915918
"skewness",1.22830344649951,0.573983214058558,0.619129165508077,0.56733170629119
"kurtosis",1.77939867494723,0.258088304174832,0.319842973706426,0.24650620078111
