"","v_bh","v_daily","v_mon","v_con"
"mean",1400629.71016489,1381228.224113,1382986.88242765,1381252.57829375
"sd",419540.29554626,337838.791981013,343758.448814551,337601.973900232
"skewness",1.46260454713495,0.717482731932648,0.765048892686567,0.715510727218669
"kurtosis",3.3697814180907,0.553772592543889,0.613689938704129,0.543381924072098
