"","v_bh","v_daily","v_mon","v_con"
"mean",1473789.29467849,1439579.55921205,1442784.89756463,1439493.07647628
"sd",474564.114317966,359240.787979225,367807.74070015,358817.17456637
"skewness",1.90236344418925,0.850231281483002,0.93060565401541,0.850330410432031
"kurtosis",7.46684078151984,1.39950699971632,1.66042504084287,1.40430068875973
