"","v_bh","v_daily","v_mon","v_con"
"mean",994082.24674811,981597.404973821,984067.543797064,981543.374074355
"sd",221432.515392478,250708.903852976,248024.139364091,250560.354032055
"skewness",1.4557329531475,0.682301412153559,0.728395456241597,0.674640346460994
"kurtosis",3.04317605403567,0.563906138419016,0.690974023878731,0.543111891992389
