"","v_bh","v_daily","v_mon","v_con"
"mean",975093.948537341,972301.777303899,972171.069759935,972123.759795817
"sd",232968.932479476,230520.440238078,230643.847496609,230417.828795531
"skewness",1.93211296625316,0.822456911349113,0.894256849966869,0.818276571750828
"kurtosis",7.94701829379347,1.64994869756021,1.91697655949267,1.63000290012161
