"","v_bh","v_daily","v_mon","v_con"
"mean",1150487.33035502,1145707.04599373,1145174.40417985,1145596.96944702
"sd",286125.634011195,249393.643092185,251032.781966231,249129.24385585
"skewness",1.14721633948244,0.605761033184265,0.642334884058064,0.601896402711868
"kurtosis",1.30545100073235,0.123037421102237,0.168417967407513,0.115614248654925
