"","v_bh","v_daily","v_mon","v_con"
"mean",879591.689943347,870766.122854132,870450.738232977,870743.456686581
"sd",163702.958108571,187035.320053646,185291.098561508,187025.577607862
"skewness",1.3348063489451,0.621808125916931,0.676647614749155,0.620376510908106
"kurtosis",3.10471230862576,0.592376897606729,0.685761742120088,0.585801279808698
