"","v_bh","v_daily","v_mon","v_con"
"mean",1249028.12271482,1227537.83670348,1229252.8330651,1227510.62022576
"sd",355891.268379918,281812.847814168,287925.380110432,281601.237821315
"skewness",1.61298885348451,0.782509476103842,0.852187814799506,0.784090753911578
"kurtosis",4.19356257822247,1.04936497698816,1.263958052671,1.06040346931166
