"","v_bh","v_daily","v_mon","v_con"
"mean",1228469.44129126,1208470.38331112,1211468.27964945,1208333.458719
"sd",353538.574856647,286091.608777401,292983.541121286,285986.141386305
"skewness",1.40301652243098,0.716963051969927,0.79389294730666,0.716080614651427
"kurtosis",2.62992959340592,0.51804838011423,0.687543750448864,0.515533079547735
