"","v_bh","v_daily","v_mon","v_con"
"mean",1090698.60233424,1087885.15242696,1087856.77151575,1087924.22909333
"sd",273037.890223789,250244.32276006,251802.542508169,250170.768792664
"skewness",1.20789779419698,0.555968422322681,0.607157612765175,0.553966993692961
"kurtosis",1.84360815581189,0.26954926929926,0.34806004786383,0.268266789973931
