"","v_bh","v_daily","v_mon","v_con"
"mean",904882.530899748,895448.398892532,896548.138011112,895340.492252736
"sd",205090.173253463,214249.572349778,213677.946116268,214225.540412767
"skewness",2.07360194440296,1.0888710010559,1.17763074765045,1.08256566713143
"kurtosis",7.13829826345155,1.97119500591246,2.40408820120859,1.95317683973835
