"","v_bh","v_daily","v_mon","v_con"
"mean",842767.971364865,825683.423894517,827503.848461261,825646.653242651
"sd",150919.583928921,180174.725654903,178064.07789665,180401.532708556
"skewness",1.38856366347388,0.687443062955541,0.740381676667079,0.688433993960222
"kurtosis",3.19430196783194,0.597184956280617,0.720481019242031,0.59910689867643
