"","v_bh","v_daily","v_mon","v_con"
"mean",1157275.26452608,1150194.47114168,1151409.51718844,1150345.61272665
"sd",297971.34602957,256596.54573689,260090.308775503,256538.834073673
"skewness",1.31037377976248,0.637044106468385,0.697282533064619,0.634627878734005
"kurtosis",2.33632448161767,0.48972976812943,0.629807523783219,0.490031152026072
