"","v_bh","v_daily","v_mon","v_con"
"mean",985743.66932,984304.102541968,983844.307838577,984340.385254618
"sd",239126.471497704,228136.440924995,229257.953132915,228245.835251782
"skewness",2.8675605417913,0.995930791151187,1.12295884416834,0.990999677687608
"kurtosis",21.9223298395818,3.53210887045314,4.35589084895194,3.48189944480841
