"","v_bh","v_daily","v_mon","v_con"
"mean",938450.282296218,938049.369287376,937641.53537499,938074.551818014
"sd",184385.908462998,198572.393950872,197258.553512702,198706.546807004
"skewness",1.1229646082936,0.473990135008435,0.531550539940028,0.47265306979808
"kurtosis",2.07550044768773,0.23636851042028,0.370492189450776,0.241707669162474
