"","v_bh","v_daily","v_mon","v_con"
"mean",1328544.37953203,1289974.08051893,1294232.70463935,1289909.86909808
"sd",401893.861072137,304844.216267971,311902.596916231,304767.300737069
"skewness",1.52243196697923,0.70250465329838,0.772054790600255,0.695939742105823
"kurtosis",4.02742759160154,0.830592385650575,1.02118312301742,0.802862337332046
