"","v_bh","v_daily","v_mon","v_con"
"mean",934083.520065848,927775.645310908,928667.785582046,927524.125005202
"sd",235532.533091126,246824.444766552,246170.51024145,246685.802435229
"skewness",1.55401943705139,0.764582449268903,0.81410449691972,0.759240775075169
"kurtosis",3.29150678265668,0.661913676941118,0.74214002573909,0.645958684122915
