"","v_bh","v_daily","v_mon","v_con"
"mean",897352.562401333,889953.701347957,890682.036030978,889972.610041225
"sd",193773.753539704,221883.850061797,220353.3800988,221941.983344314
"skewness",1.02661261112507,0.425602250402187,0.482334238073327,0.422246510388806
"kurtosis",0.955855413424506,-0.120340594880803,-0.0409582948717979,-0.127740631640105
