"","v_bh","v_daily","v_mon","v_con"
"mean",1017286.1996333,1019168.9154522,1019139.62739429,1019192.85057409
"sd",255202.914047104,250927.876093992,251247.866695207,250974.242427737
"skewness",1.21431750589228,0.577050073634626,0.628746615503177,0.57471787626366
"kurtosis",1.74699658061947,0.130901041121259,0.234085251165522,0.127204746243479
