"","v_bh","v_daily","v_mon","v_con"
"mean",1048223.20987073,1047874.12835023,1047603.09515029,1047819.26248525
"sd",286530.407242482,265945.065857648,268447.951399357,266265.207729426
"skewness",1.64875015703257,0.76939591630953,0.842700107980917,0.767332919950362
"kurtosis",4.24952297544246,0.96767447747801,1.16569896590234,0.958823826921891
