"","v_bh","v_daily","v_mon","v_con"
"mean",859074.178764014,839271.296658158,841625.507147648,839165.282020628
"sd",233320.184477802,232259.301248798,231451.886433479,232111.93322171
"skewness",5.50106512810128,1.76600175302592,1.94402334344908,1.7395054226412
"kurtosis",61.8647167256918,9.28701268085438,10.9833863663512,8.97890477651358
