"","v_bh","v_daily","v_mon","v_con"
"mean",980549.50340408,982593.673257007,982969.735775331,982719.956461383
"sd",240603.860910767,236904.318335404,236236.371696412,236885.127836889
"skewness",1.88596697333399,0.867259262613209,0.921822956911902,0.859345891618227
"kurtosis",6.38019010162973,1.59528038304536,1.81943633675767,1.56237137208697
