"","v_bh","v_daily","v_mon","v_con"
"mean",891543.897964549,883183.29705824,884448.095800973,883094.821163116
"sd",197749.841216592,220745.079424668,218747.900358071,220705.455247286
"skewness",1.52808088627682,0.692165660524802,0.732420738541699,0.68371009239638
"kurtosis",4.09854375381427,0.715951648522044,0.812464834832423,0.688416962852616
