"","v_bh","v_daily","v_mon","v_con"
"mean",1110085.46493692,1106743.96116055,1107315.99440238,1106670.84185148
"sd",309777.859140719,280393.705688985,282892.568280755,280120.774800061
"skewness",1.213375971558,0.569530727784176,0.629460001307749,0.564003262872303
"kurtosis",1.73311087132174,0.0986910076244842,0.207241350150019,0.0821353520439212
