"","v_bh","v_daily","v_mon","v_con"
"mean",1456622.9677922,1390577.21180031,1395706.6000188,1390358.60325655
"sd",501485.646508207,350858.88183661,362929.956149466,350261.167430485
"skewness",1.61739369465055,0.817053100443266,0.88129914092942,0.812216781096904
"kurtosis",3.8102243176114,0.868418479985855,1.03694001718726,0.850044597452749
