"","v_bh","v_daily","v_mon","v_con"
"mean",1151760.02614823,1145058.46873831,1145017.66371625,1145037.77595512
"sd",337679.121974734,287838.783678905,291211.168927375,287527.020349651
"skewness",1.66302738367192,0.781228729360108,0.842674508591194,0.772446345046258
"kurtosis",4.71533789684052,0.981893875091942,1.13874152345256,0.949785057328669
