"","v_bh","v_daily","v_mon","v_con"
"mean",1332696.6901386,1296383.43561176,1298751.09595025,1296298.0795047
"sd",427971.83951855,326317.531409078,334109.280334678,325962.187474433
"skewness",1.5073616152204,0.659381850579777,0.74876034329129,0.656465780779609
"kurtosis",3.53482972103233,0.768321332400329,0.9972646862235,0.758869582728401
