"","v_bh","v_daily","v_mon","v_con"
"mean",1074136.82584328,1073462.41939723,1073728.24273679,1073474.93301888
"sd",298286.680684544,269987.015355646,273584.752034237,269855.605602953
"skewness",1.6046207502157,0.811950882950244,0.894510813155992,0.811528709794468
"kurtosis",3.42899529739589,0.891017249435139,1.09868663456625,0.894988642634324
