"","v_bh","v_daily","v_mon","v_con"
"mean",1299087.61236185,1265013.47824009,1267479.37680057,1264837.37260768
"sd",238322.034000625,186715.510334697,190716.016681686,186528.830709443
"skewness",0.806869931838528,0.382412827214026,0.419522130002298,0.382124332655596
"kurtosis",0.82171256800661,0.0935870500394707,0.143937027571191,0.0890061527387367
