"","v_bh","v_daily","v_mon","v_con"
"mean",1347921.43687196,1303244.61402439,1306454.36763033,1303075.85757353
"sd",251505.400294232,191118.822320848,195750.47904429,191019.397095171
"skewness",0.815243508589716,0.387234707213168,0.421186736763386,0.383844950980541
"kurtosis",0.85763310063823,0.150124179245275,0.170232042749412,0.143773809379456
