"","v_bh","v_daily","v_mon","v_con"
"mean",1230126.95816579,1208504.46295056,1210425.70381356,1208420.69174371
"sd",223904.100226801,182456.910891886,185150.070597783,182283.356267674
"skewness",0.9077760481591,0.449612480072077,0.484944919416518,0.447821496283706
"kurtosis",1.22997430749325,0.237894171281557,0.28679743067513,0.237237805466672
