"","v_bh","v_daily","v_mon","v_con"
"mean",923780.771607589,920439.09357685,920659.554460886,920475.038134971
"sd",130133.573844067,140020.531367897,139075.911545435,140042.172076647
"skewness",0.79396698782217,0.353459125192283,0.374709373467842,0.351220924796907
"kurtosis",0.834249486815438,0.089681368894686,0.0937011581561813,0.0840400881197341
