"","v_bh","v_daily","v_mon","v_con"
"mean",1171221.0938146,1158443.00891088,1158940.22933854,1158465.81990598
"sd",206529.033800635,176072.707991512,178190.386773051,175986.002913992
"skewness",0.833168194804475,0.405452307509483,0.446711211991371,0.403777596935861
"kurtosis",0.812408573178875,0.0872746834863918,0.133282998751107,0.0834455925831197
