"","v_bh","v_daily","v_mon","v_con"
"mean",1010402.04891667,1010369.98688046,1010357.04729063,1010392.20749521
"sd",158810.618879142,152067.163852784,152590.113092349,152098.640358269
"skewness",1.26502624048484,0.658861112350101,0.691355186000236,0.656357983620955
"kurtosis",3.13408250729305,1.12049457090368,1.16067364012204,1.11213055631913
