"","v_bh","v_daily","v_mon","v_con"
"mean",1145962.62587725,1136137.217757,1136998.04966902,1136107.52306418
"sd",201732.435070474,174836.380532842,176725.138075248,174768.492168383
"skewness",0.860215494040689,0.438523473951526,0.472500128820094,0.43656496295857
"kurtosis",0.832264706438612,0.0569711579070469,0.0941005298384017,0.0539344630946932
