"","v_bh","v_daily","v_mon","v_con"
"mean",901206.655999611,895438.083681265,895989.188565114,895462.838124797
"sd",124391.022175705,137261.293845637,135888.394020029,137320.628839062
"skewness",0.774200871411328,0.387332547660689,0.407972560664592,0.384353653268054
"kurtosis",0.498072398395159,-0.130918887820144,-0.113834271259834,-0.13568481236544
