"","v_bh","v_daily","v_mon","v_con"
"mean",1100353.92351404,1096660.77886643,1097095.37028062,1096704.82233088
"sd",178143.239358941,159074.142507137,160961.60110889,159031.205006191
"skewness",1.11354494136047,0.52618285433556,0.579417668318831,0.520117433747705
"kurtosis",2.82333573993365,0.957903779745705,1.11889311395455,0.943190732380672
