"","v_bh","v_daily","v_mon","v_con"
"mean",1087595.1150165,1084779.41294904,1085148.25621516,1084687.45763868
"sd",173608.542409215,159247.689353218,160490.471524194,159131.877942293
"skewness",0.738901695130542,0.321812189415297,0.365744578181374,0.319694586058812
"kurtosis",0.697211915343336,0.0163221375061156,0.0732328743490096,0.0130966483148729
