"","v_bh","v_daily","v_mon","v_con"
"mean",1118559.4429912,1116587.07625709,1116743.00189209,1116584.66449102
"sd",147151.80965102,138998.443632375,139374.6484268,138915.261288546
"skewness",0.452568454390303,0.136222368017401,0.157822668070597,0.133896023754003
"kurtosis",-0.00423200263258838,-0.263392219727974,-0.254270228770056,-0.268492053998498
