"","v_bh","v_daily","v_mon","v_con"
"mean",1041852.41007775,1042167.21400681,1042178.23308858,1042179.6091493
"sd",129377.852330062,128016.732969402,128339.185357559,128042.119161366
"skewness",0.832136332793214,0.50070898831807,0.524778560188256,0.49861459619738
"kurtosis",0.704486133433517,0.0939127240320592,0.125392516057251,0.0923857612206413
