"","v_bh","v_daily","v_mon","v_con"
"mean",1193675.98836478,1185051.00021793,1185867.27953356,1184981.6780551
"sd",170253.205159144,148863.579826066,150622.956789606,148836.407588296
"skewness",0.824814650904511,0.400452761962558,0.433480889266127,0.399599678820478
"kurtosis",1.4130952948645,0.382443934011186,0.424139120793971,0.382707281165398
