"","v_bh","v_daily","v_mon","v_con"
"mean",865327.953455816,845231.635150928,846897.952324794,845163.66505652
"sd",87388.7919920364,108090.200477369,106561.930192339,108185.286442821
"skewness",0.608732646231844,0.241097490396319,0.269560445428304,0.240581404996446
"kurtosis",0.485859397710379,-0.0276276051748483,-0.00789115172422372,-0.0270906053194615
