"","v_bh","v_daily","v_mon","v_con"
"mean",945958.039961445,940665.49141873,940961.708581124,940672.919718221
"sd",103176.337012364,114262.009165279,113407.283459529,114340.952740099
"skewness",0.672873662297504,0.316908601577852,0.345715134905063,0.317744016049019
"kurtosis",0.648808476766446,0.0427642426475958,0.074950814109549,0.0451715739991063
