"","v_bh","v_daily","v_mon","v_con"
"mean",1098492.28855123,1095741.99046314,1096008.68331447,1095777.42169197
"sd",160693.545554769,150154.865082161,150610.917660897,150172.140360386
"skewness",0.996266142274493,0.529476695885056,0.565961191698108,0.527764211730287
"kurtosis",1.84455801679738,0.538731234650767,0.614688272142268,0.531744535491338
