"","v_bh","v_daily","v_mon","v_con"
"mean",1068000.59278166,1067975.1767195,1067892.95674668,1067998.10654588
"sd",136071.741095494,132948.432683942,133288.96909889,132907.939196048
"skewness",0.64557741511052,0.30666430570487,0.339895166195313,0.304773432628444
"kurtosis",0.425528333149035,-0.0684393846918079,-0.0255848677397448,-0.0724463980527057
