"","v_bh","v_daily","v_mon","v_con"
"mean",890729.651686196,876908.435295163,877989.665488076,876855.41475843
"sd",89439.1982328684,106191.529382897,104965.890840733,106253.310965237
"skewness",0.701248509098647,0.330429779032262,0.356025705901247,0.330543683265656
"kurtosis",0.868456101289389,0.128017443347099,0.174111592463326,0.131501924534347
