"","v_bh","v_daily","v_mon","v_con"
"mean",907874.761253753,896200.6695964,897145.010420916,896165.110140322
"sd",101527.625855955,116686.525002929,115579.655183887,116742.561731243
"skewness",0.925123519700324,0.463756065692358,0.486104636538726,0.460945811889673
"kurtosis",1.79831153371111,0.551513569789593,0.587481455685268,0.550801656377558
