"","v_bh","v_daily","v_mon","v_con"
"mean",1026951.56787681,1024367.11728352,1024576.71453454,1024358.01506943
"sd",23516.439913004,25242.4092861903,25096.0189807978,25250.187012804
"skewness",0.121325891204469,0.0372616624146628,0.0437687575005765,0.0366045656898241
"kurtosis",0.295197458200949,0.294732877953214,0.291137241314106,0.294175217272223
