"","v_bh","v_daily","v_mon","v_con"
"mean",1003522.94865133,998871.16323955,999241.748546512,998852.2357842
"sd",23618.2245838275,25910.3592838156,25720.5379063075,25921.5430500261
"skewness",0.360522224968743,0.288366686028105,0.293567236181343,0.288262864336751
"kurtosis",0.0225105434101027,-0.0642073206701195,-0.0559125980093484,-0.0640303908775679
