"","v_bh","v_daily","v_mon","v_con"
"mean",1161303.55981284,1159710.32860975,1159842.9609003,1159703.88885651
"sd",29063.375874754,27551.465180582,27684.7866409493,27546.7669262562
"skewness",0.170412626266101,0.0923322439307118,0.0989897988922181,0.0918239141581246
"kurtosis",0.248904901466341,0.20839267940319,0.214861844948156,0.208243378978958
