"","v_bh","v_daily","v_mon","v_con"
"mean",980732.904937929,973493.997840716,974066.003336202,973468.024968233
"sd",21303.291068823,23983.6952889329,23766.8362386894,23992.2973202945
"skewness",0.376726644469816,0.297066019866076,0.302354305999207,0.296841082026944
"kurtosis",0.310274134531156,0.249951362412802,0.256652840589898,0.249822851548834
