"","v_bh","v_daily","v_mon","v_con"
"mean",1075927.859178,1075649.16166508,1075674.23031731,1075647.82414944
"sd",26462.2046693709,27045.8712530336,26994.4077467714,27048.5813970791
"skewness",0.139064397516761,0.0636783421708115,0.0695000709690075,0.0636465850454974
"kurtosis",0.0273613907043466,0.00175621242442991,0.00208608694736245,0.00155814362733553
