"","v_bh","v_daily","v_mon","v_con"
"mean",853084.909782712,816740.626484327,819616.579810636,816610.519271414
"sd",14770.2020850848,19897.9341264129,19490.1598716066,19915.7010378626
"skewness",0.018964308180958,-0.0519767572853806,-0.0484226354285451,-0.051924108750446
"kurtosis",-0.0747020341425793,-0.0604505278340022,-0.0602134342255076,-0.0609200996427264
