"","v_bh","v_daily","v_mon","v_con"
"mean",1297044.1991244,1281989.83785104,1283196.69526225,1281936.96671753
"sd",38671.3017116139,33149.1811118706,33591.8583966198,33129.4158192374
"skewness",0.221153142361632,0.154202435255505,0.159618428659736,0.1539238242007
"kurtosis",-0.206309251987578,-0.243199998267309,-0.237798082148022,-0.243609309650723
