"","v_bh","v_daily","v_mon","v_con"
"mean",869400.605485449,838380.879256928,840841.039310987,838270.931183219
"sd",16405.7072728483,21499.2235207864,21092.4620488804,21518.1596618422
"skewness",0.139424942551896,0.0600842845369879,0.0659471232901154,0.0597939168900809
"kurtosis",0.077790003024738,0.0686759928539913,0.0700841826869101,0.0691688082258137
