"","v_bh","v_daily","v_mon","v_con"
"mean",942273.355400471,941498.292640406,941558.010300398,941494.295458676
"sd",23702.0015522638,24700.2336279726,24617.9744777683,24704.4447539741
"skewness",-0.00306703057918715,-0.0737968450222528,-0.0694561331228828,-0.0742907501002755
"kurtosis",-0.209217486535453,-0.184154192386672,-0.189011450364598,-0.184076396130978
