"","v_bh","v_daily","v_mon","v_con"
"mean",825452.095207983,810935.203636974,812085.706463031,810883.918188721
"sd",16555.7589920419,19983.3640827842,19709.5273488853,19995.3590485892
"skewness",0.154288433241904,0.0866441676890132,0.0925060482482706,0.0865315340661366
"kurtosis",-0.139958844667265,-0.161502836344885,-0.160505233084745,-0.161054818520851
