"","v_bh","v_daily","v_mon","v_con"
"mean",1275278.27519781,1240729.19146934,1243478.43329373,1240603.54736841
"sd",39560.9133804008,31186.851405116,31855.5015257945,31154.5087794115
"skewness",0.356495359869792,0.27866814305576,0.286752895146211,0.278004865486428
"kurtosis",0.241454237877351,0.157443026673963,0.167085352968881,0.15645110466358
