"","v_bh","v_daily","v_mon","v_con"
"mean",1074481.75323521,1070331.47033688,1070658.73413385,1070315.83649864
"sd",29099.9202839777,26706.2796249489,26892.8204793243,26698.5990793933
"skewness",-0.044144194910304,-0.133905565965714,-0.125980419014621,-0.134457018302292
"kurtosis",0.387526962416708,0.435477085806177,0.430171652825409,0.435267083849343
