"","v_bh","v_daily","v_mon","v_con"
"mean",897850.168822431,894125.479691523,894428.123221848,894112.830651253
"sd",19727.6743162137,21626.4764554597,21480.5321620537,21632.3679265942
"skewness",0.0619634305681236,-0.00409367868094363,0.000105485642028438,-0.00439790828600714
"kurtosis",-0.180160220729345,-0.17215266148062,-0.173199116631679,-0.172457125432973
