"","v_bh","v_daily","v_mon","v_con"
"mean",1017049.64294382,1016372.49052545,1016430.6529478,1016370.41725191
"sd",26513.022810755,25553.6211268351,25628.6030531152,25551.6303833705
"skewness",0.140520509529434,0.0713026753786363,0.0768840578093584,0.0709169807051053
"kurtosis",-0.129104171173518,-0.153185753577854,-0.150702395159445,-0.152978388176842
