"","v_bh","v_daily","v_mon","v_con"
"mean",1314036.5288635,1271010.8546121,1274434.89958074,1270856.91800953
"sd",41029.7158755145,31629.0343995944,32375.5544960568,31594.0901086368
"skewness",0.214240037125902,0.148593832387406,0.156582760413082,0.1482904304092
"kurtosis",-0.183891074088538,-0.206999763531746,-0.203204361176428,-0.207609034621099
