"","v_bh","v_daily","v_mon","v_con"
"mean",1236104.38130529,1209375.67047062,1211500.63655855,1209280.50284625
"sd",36732.6046242051,29770.2122278352,30320.1496249596,29745.4300332988
"skewness",0.180755847946882,0.0947284362714427,0.102552296837398,0.0948030988682148
"kurtosis",0.347432617596588,0.345517278741287,0.34160427066999,0.345799590492426
