"","v_bh","v_daily","v_mon","v_con"
"mean",1166051.35816824,1151112.15198787,1152296.49760093,1151055.27701146
"sd",35861.2856467333,30590.2607365763,31007.1427139721,30572.1202164619
"skewness",0.00225876913521356,-0.0675262556412119,-0.0614291181243193,-0.0680022795427008
"kurtosis",-0.247266713797159,-0.234167061338127,-0.238378459832192,-0.233802303783602
