"","v_bh","v_daily","v_mon","v_con"
"mean",793597.541719034,771474.139904856,773228.428276826,771393.915314214
"sd",16058.2726495469,20400.6081729696,20059.9097095605,20414.9744976217
"skewness",0.0439782751274468,-0.0259379876558694,-0.0204515467451545,-0.0259715721235475
"kurtosis",-0.235726818328802,-0.242230198374652,-0.241418252026087,-0.242159727496369
