"","v_bh","v_daily","v_mon","v_con"
"mean",1210578.36094712,1195350.26037549,1196726.63106267,1195299.07158615
"sd",142287.78825453,121589.615986617,123156.959591628,121517.217046615
"skewness",0.39728685095701,0.140169210248768,0.16379303501549,0.138306821569743
"kurtosis",-0.0890982069126567,-0.27296622897871,-0.264967809686092,-0.275427924529109
