"","v_bh","v_daily","v_mon","v_con"
"mean",1075020.83653632,1073568.99822099,1073483.46572954,1073560.34750304
"sd",113389.310335316,108181.017361053,108499.271715579,108107.048795549
"skewness",0.349202413033153,0.084747632602428,0.106233673323932,0.0841848730058008
"kurtosis",-0.108099098563454,-0.227959891454293,-0.228292561711618,-0.228590310050185
