"","v_bh","v_daily","v_mon","v_con"
"mean",907755.278919379,901278.767925268,901771.114852502,901232.142784063
"sd",75937.8695500176,85894.8506332853,85158.3604937398,85932.4261470181
"skewness",0.440851087758265,0.164177166920179,0.189469924767646,0.163744830784196
"kurtosis",0.195880573281977,-0.0273071662609765,-0.0131012874579683,-0.0277708974707767
