"","v_bh","v_daily","v_mon","v_con"
"mean",1056147.29026138,1055140.39431522,1055327.68647398,1055160.02159713
"sd",114501.213100372,109603.380939524,110077.146692041,109598.465427646
"skewness",0.619642730120606,0.34102126819965,0.363919870193493,0.340100739278517
"kurtosis",0.255730363469874,-0.0606262244359046,-0.0454697952316034,-0.0601065610510321
