"","v_bh","v_daily","v_mon","v_con"
"mean",831018.335555184,809669.600894567,811272.723742345,809617.217151748
"sd",61769.5261993181,77537.5090174937,76349.0161177962,77590.5806344521
"skewness",0.485188018435563,0.226977398111646,0.253999808122452,0.225779057168716
"kurtosis",0.160472454565409,-0.145907873531029,-0.113228692387998,-0.144739897791491
