"","v_bh","v_daily","v_mon","v_con"
"mean",854697.003515596,838014.611538156,839311.97168802,837983.378818372
"sd",74362.1364112374,89774.1949865747,88518.4087120656,89819.1387105814
"skewness",0.56704662644956,0.283922254439981,0.301920100365707,0.281408745422913
"kurtosis",0.163214202713947,-0.11777925073709,-0.100923448779134,-0.121008904238169
