"","v_bh","v_daily","v_mon","v_con"
"mean",996418.792551962,996118.337526227,996100.617315411,996115.534925665
"sd",99276.2480785725,100197.464196181,100044.970506511,100159.905376669
"skewness",0.774599866362709,0.444019332983098,0.465953333985554,0.442067145950655
"kurtosis",1.05696180446539,0.40330030458683,0.433491291349022,0.403327295365711
