"","v_bh","v_daily","v_mon","v_con"
"mean",890885.33424811,881894.041508239,882661.325282782,881834.542268767
"sd",73645.3276564719,84981.1235301026,84109.066373457,85026.2951473672
"skewness",0.449920571199594,0.203898871475235,0.22427970180777,0.203616000078112
"kurtosis",-0.0231039635243633,-0.253803802638437,-0.232400878072657,-0.252377382596589
