"","v_bh","v_daily","v_mon","v_con"
"mean",1151665.55950961,1149796.20462687,1150205.89014336,1149739.79294896
"sd",254692.557242078,242281.292301873,243815.738572879,242171.27792938
"skewness",1.52915783750172,0.783067850663979,0.850233955412097,0.781239077182589
"kurtosis",3.88065212478154,0.982281310122256,1.21472333210094,0.977225875994409
