"","v_bh","v_daily","v_mon","v_con"
"mean",1284197.01459612,1275562.95542329,1276446.20740854,1275424.65403766
"sd",306317.808257563,266784.464699268,269732.507724111,266575.088349295
"skewness",1.3866863575202,0.64029699778972,0.710801352371816,0.637002004909057
"kurtosis",3.64387582059579,0.767710669707685,0.966844535635269,0.756269191699205
