"","v_bh","v_daily","v_mon","v_con"
"mean",955202.964238712,934880.793362584,936276.674602766,934816.923777003
"sd",160174.451083364,190556.435432275,187976.178630453,190713.336740553
"skewness",1.31195933479928,0.625540558758462,0.647504600652704,0.623670456971162
"kurtosis",2.69714813567007,0.684682864858703,0.69450446185739,0.682945646905459
