"","v_bh","v_daily","v_mon","v_con"
"mean",1208867.83937962,1208019.04131502,1208738.6421906,1208078.35729261
"sd",264043.98226913,240903.975301381,242381.521156929,240892.400057534
"skewness",1.5697150868459,0.738151454496385,0.798922321944285,0.737575207025465
"kurtosis",5.41256529639791,1.16543835269801,1.38520929059747,1.15667244429192
