"","v_bh","v_daily","v_mon","v_con"
"mean",1385384.68327732,1364544.72040165,1365646.68375002,1364774.84019857
"sd",339951.885370811,278090.192565476,282036.297406106,278157.974708295
"skewness",1.23372709239801,0.600192564630029,0.640029285640412,0.600408156987892
"kurtosis",2.12949462796234,0.489404867867163,0.549269234839123,0.488975759104814
