"","v_bh","v_daily","v_mon","v_con"
"mean",993603.941575785,983274.802650072,983864.216596807,983166.525988502
"sd",161144.228481909,188149.729642834,185479.637832145,188218.989799923
"skewness",0.907008973903358,0.347158954600378,0.372033040904009,0.34582627826317
"kurtosis",1.11374316187498,0.102336612638442,0.14053829188157,0.0988739469843698
