"","v_bh","v_daily","v_mon","v_con"
"mean",1173338.24899573,1175598.22568388,1175758.52179711,1175693.88964461
"sd",229044.885345183,223763.583934315,225387.598112603,223844.587516905
"skewness",0.855614923783764,0.359909898298224,0.429126311051187,0.355707012867139
"kurtosis",0.849652074365311,-0.101307949448299,0.0587162995545141,-0.111311567137395
