"","v_bh","v_daily","v_mon","v_con"
"mean",920392.650795412,890823.745461836,892670.858396278,890701.824855574
"sd",145961.512816415,182825.829821456,179898.431937939,182969.082155386
"skewness",1.32141525341481,0.582256166248956,0.632314481858032,0.581703929171402
"kurtosis",3.1653959811104,0.704155602572575,0.813737146274904,0.703550658761603
