"","v_bh","v_daily","v_mon","v_con"
"mean",1418918.10259535,1392374.17449044,1394804.21674404,1392218.04851707
"sd",359392.737942523,286457.228286581,292081.731311092,286212.920011046
"skewness",1.32726533725166,0.667130098556637,0.730583714017471,0.664477139919186
"kurtosis",2.67484646203578,0.631373028147584,0.756767378926347,0.623988305088199
