"","v_bh","v_daily","v_mon","v_con"
"mean",913884.468839936,910196.735157162,910435.985534934,910205.154455808
"sd",80387.2495606384,87424.7040846044,86877.3676642681,87430.9615300855
"skewness",0.748020342537323,0.359009345222637,0.393948202993039,0.356447561467034
"kurtosis",2.11646493051955,0.706865527489744,0.849563836459367,0.700878893940837
