"","v_bh","v_daily","v_mon","v_con"
"mean",1091248.51126433,1087098.11762107,1087516.31278771,1087106.54022057
"sd",124023.799925639,112238.454472139,113217.280588077,112218.336053327
"skewness",0.828968865436717,0.456855347988006,0.490526061024176,0.45742171342573
"kurtosis",1.46624614401408,0.592348680684957,0.643547824249345,0.594052327602687
