"","v_bh","v_daily","v_mon","v_con"
"mean",875585.539693624,866868.382822442,867619.580763644,866800.637502073
"sd",75009.4636750792,86108.8852393913,85227.7207835051,86138.9921063143
"skewness",0.539805176146852,0.246780565628421,0.266807761915709,0.246418577925027
"kurtosis",0.315927031279235,0.0571083018942424,0.0704935738670032,0.0593445358379361
