"","v_bh","v_daily","v_mon","v_con"
"mean",899661.075805119,893948.388211393,894355.454146799,893906.483793375
"sd",81626.352803889,91137.424755314,90294.5490740824,91178.1124240958
"skewness",0.447242571545904,0.182613730354399,0.209852426820885,0.180850098012717
"kurtosis",0.0652950654932916,-0.238417641266531,-0.202229255691523,-0.239089588332865
