"","v_bh","v_daily","v_mon","v_con"
"mean",858536.288729886,847109.273226984,847889.172848187,847069.751185764
"sd",70355.7759960401,82277.0478097289,81293.3742974982,82345.6604826161
"skewness",0.629160410956076,0.334672977342769,0.348015514612683,0.333881816326789
"kurtosis",0.574365647744976,0.136583859162604,0.15929742666411,0.137360409567566
