"","v_bh","v_daily","v_mon","v_con"
"mean",1041539.36589122,1040138.91377094,1040135.38021221,1040110.00190521
"sd",115035.85609269,110192.596831661,110597.452553154,110172.478739385
"skewness",0.503107284524517,0.212350890014088,0.232141901572545,0.211648941142573
"kurtosis",0.150469432553963,-0.101677253108982,-0.099698260389864,-0.102633249186376
