"","v_bh","v_daily","v_mon","v_con"
"mean",1255536.28488906,1228933.29459628,1230852.54042302,1228846.9531178
"sd",156934.257918727,127228.233617676,129494.845658077,127128.692838741
"skewness",0.536026252512655,0.234336356192169,0.261229082443543,0.233583980591872
"kurtosis",0.375764109319851,0.0118515783319677,0.02639537176952,0.011612296992499
