"","v_bh","v_daily","v_mon","v_con"
"mean",1295569.48282015,1261520.32785481,1264133.62635691,1261401.63613661
"sd",160411.630010106,126576.056491878,129097.247686241,126459.334853392
"skewness",0.538225621825096,0.268778622641011,0.293776920975604,0.267831489220822
"kurtosis",0.130264333430893,-0.100739390768615,-0.0946972555458996,-0.0987591787600701
