"","v_bh","v_daily","v_mon","v_con"
"mean",844076.44412345,829524.457767085,830664.66799042,829479.478401254
"sd",70509.4647724018,84126.7174526258,83083.7901247836,84175.6094735868
"skewness",0.646616688841289,0.337672075559543,0.361165427760775,0.338296307585993
"kurtosis",0.554656153634916,0.153908067438536,0.181101396764314,0.156362569682187
