"","v_bh","v_daily","v_mon","v_con"
"mean",1349036.67900894,1303393.88638237,1306972.25430449,1303251.41693208
"sd",169294.97117139,129203.663330975,132218.713861785,129061.215793752
"skewness",0.570236394394867,0.292229412174239,0.318379283218892,0.290656525919967
"kurtosis",0.358884556646219,-0.0330735439505654,-0.0166176102372835,-0.035137714959748
