"","v_bh","v_daily","v_mon","v_con"
"mean",1011484.52884123,1011270.48183001,1011965.98702536,1011161.25089535
"sd",260180.223441369,255537.595585274,255235.370717696,255363.400295076
"skewness",2.06058612445623,0.843795444694608,0.920576001955432,0.832858804373975
"kurtosis",9.64381324933322,1.74196068061127,2.06706875794909,1.66484624494768
