"","v_bh","v_daily","v_mon","v_con"
"mean",1039781.09040891,1041469.09383191,1041316.78798574,1041481.72595742
"sd",269358.368431151,257561.111561931,259292.303184909,257246.33709323
"skewness",2.09161348764551,0.834917245130877,0.978098744984135,0.826756020494768
"kurtosis",10.13931856988,1.82917522354543,2.63650163175144,1.79339439323125
