"","v_bh","v_daily","v_mon","v_con"
"mean",885424.772009501,872582.579002391,873864.328962584,872359.806270206
"sd",180338.912810476,211777.34984511,210475.095442626,211647.525376609
"skewness",1.49628266060012,0.630554829620289,0.685116364350755,0.62546424803658
"kurtosis",4.10045127719511,0.763610245274417,0.88765443052515,0.755937925378377
