"","v_bh","v_daily","v_mon","v_con"
"mean",1211412.97816749,1205703.21572149,1205459.7009551,1205727.66523138
"sd",330193.28538787,284044.468362074,287422.575162126,284016.014929625
"skewness",1.2831217374922,0.541952846694825,0.618802073380619,0.540202003234933
"kurtosis",2.73539752492136,0.358814674468425,0.554522749286688,0.365156626777333
