"","v_bh","v_daily","v_mon","v_con"
"mean",1117504.93805033,1119287.25958082,1117539.81205974,1119302.15857264
"sd",294432.673964215,268015.655315364,270248.909929688,267778.421269464
"skewness",1.51756937937614,0.696047429136528,0.769006625990865,0.693675412654415
"kurtosis",4.05487706818953,0.768140749058387,0.917437593941796,0.75871726849152
