"","v_bh","v_daily","v_mon","v_con"
"mean",1274936.52480437,1252109.55954331,1253362.55849053,1251761.68868211
"sd",425023.468002282,331538.883579133,338616.405881272,331060.851422711
"skewness",2.25708492905123,0.92735476296212,1.02889742806572,0.921545769971206
"kurtosis",10.6183818543376,2.04103200026345,2.47822400779836,2.01232485269617
