"","v_bh","v_daily","v_mon","v_con"
"mean",1349850.08339084,1316379.151483,1319133.64818697,1316318.92747359
"sd",464280.46599298,334621.505549338,344718.050461887,333724.625966409
"skewness",2.70599216567406,1.22184977812582,1.35235737740022,1.21632595717591
"kurtosis",12.7037570236188,3.47827523795983,4.13566829817185,3.4570379312578
