"","v_bh","v_daily","v_mon","v_con"
"mean",984994.100735319,980659.486860258,982113.550012695,980719.452167387
"sd",254029.726291396,257956.160181792,257165.88836289,258208.919607539
"skewness",1.7372431193096,0.786289216116944,0.846594612689446,0.779380906259214
"kurtosis",5.23292128650242,1.05546132033281,1.23966217900992,1.0223539633485
