"","v_bh","v_daily","v_mon","v_con"
"mean",1399831.60888548,1354910.92341479,1358584.95651849,1354876.58653791
"sd",488939.361122475,347385.606609385,356361.420618551,346916.989463889
"skewness",2.40299200252018,1.10396313101002,1.18861613573148,1.09448359674654
"kurtosis",11.6505454949948,2.47639223171995,2.89518516689435,2.42836041163845
