"","v_bh","v_daily","v_mon","v_con"
"mean",1055455.33270124,1058052.76790563,1058571.01034583,1058105.313741
"sd",270218.102127355,257555.029863204,258921.676554281,257716.881592041
"skewness",1.56825701769378,0.759044158043735,0.830572101099389,0.759695594872165
"kurtosis",4.19155878774429,0.774583192617362,0.961549102834663,0.775275358290955
