"","v_bh","v_daily","v_mon","v_con"
"mean",962496.009966173,963603.171187594,963635.840050052,963541.035672917
"sd",207502.043676387,222806.623440016,221237.978072573,222759.328846464
"skewness",1.34488056883889,0.573051669353994,0.621311528727925,0.574638623252073
"kurtosis",3.02169391064672,0.54007292449687,0.628485951269893,0.55723934463096
