"","v_bh","v_daily","v_mon","v_con"
"mean",886402.655621181,873741.142943393,873868.412619782,873604.534706652
"sd",180704.433028005,211585.320714793,207911.713699921,211558.655145091
"skewness",1.26932277719544,0.665951524764138,0.69253307037405,0.662200634677327
"kurtosis",1.67593718137358,0.217505426915973,0.250619476036051,0.209116932026813
