"","v_bh","v_daily","v_mon","v_con"
"mean",1161121.75794852,1152105.94442036,1153363.44313807,1151954.37566769
"sd",375491.526179955,308927.424180035,314433.788771722,308588.479883984
"skewness",2.3389993885103,1.18599738374555,1.30845320766395,1.17812082843396
"kurtosis",9.00719872086215,2.34823076881132,2.98160104700514,2.32265719113191
