"","v_bh","v_daily","v_mon","v_con"
"mean",1400135.28307325,1334355.04825578,1338365.86417191,1334093.4144565
"sd",439911.290778017,311715.116928678,320928.051077661,311152.907623874
"skewness",1.34250438322856,0.69426124418268,0.760044644410957,0.687926725073761
"kurtosis",2.24028252212543,0.439375597548854,0.582800502244786,0.419785987150815
