"","v_bh","v_daily","v_mon","v_con"
"mean",1307815.91251829,1268359.58658307,1271069.69569153,1268220.20676291
"sd",371710.301501127,279398.887860695,287141.502452678,278904.222853316
"skewness",1.2741458729449,0.657453738222812,0.719905527650711,0.654537128913064
"kurtosis",1.99042338604123,0.392402562214386,0.512791153221573,0.388622388586595
