"","v_bh","v_daily","v_mon","v_con"
"mean",988254.928392369,989110.276310042,988375.566364507,989176.924084818
"sd",229788.06649365,220806.543529965,221126.88636762,220849.288383183
"skewness",1.54398750208808,0.620463373010603,0.684636918737019,0.619019240101697
"kurtosis",5.35878432286232,0.979682119415947,1.21777156676033,0.968327670335791
