"","v_bh","v_daily","v_mon","v_con"
"mean",1064092.49105439,1059845.74228421,1060508.93590118,1059975.36475731
"sd",281396.712911309,245672.467040081,249166.506403832,245496.987541686
"skewness",1.80772963218289,0.857712456400291,0.946021772213739,0.848499499764426
"kurtosis",6.29281321197339,1.4291040806102,1.74694855165448,1.38541482249121
