"","v_bh","v_daily","v_mon","v_con"
"mean",1253584.45577345,1225816.25716448,1227581.05577083,1225745.6275169
"sd",340584.141175877,268318.17163115,273626.021796972,268066.853576105
"skewness",1.24657400382448,0.509866232960387,0.568496846099552,0.505877538024043
"kurtosis",2.62337767325642,0.547649419406927,0.66959068133297,0.540008882258026
