"","v_bh","v_daily","v_mon","v_con"
"mean",889102.055252659,885073.855852789,885373.599969668,885019.451799602
"sd",186892.134119555,199000.223941095,198025.903873431,199044.617459169
"skewness",1.67040663222157,0.691811460962789,0.746083603021652,0.689770323999833
"kurtosis",6.27929164791879,1.19728328542425,1.3758575872239,1.19190901748939
