"","v_bh","v_daily","v_mon","v_con"
"mean",876159.404271941,870221.896523851,870839.384325098,870244.852510849
"sd",179205.419660756,197039.220758403,195969.93131526,197244.97676393
"skewness",1.31464823804432,0.55361522744588,0.60889794408828,0.554914516203803
"kurtosis",3.12316612911997,0.492116652759639,0.622540025137271,0.491193400362937
