"","v_bh","v_daily","v_mon","v_con"
"mean",1003916.58760275,1002326.79222701,1002505.15198294,1002314.05208915
"sd",246597.997669457,234914.349987483,236020.12275035,234800.471939485
"skewness",1.21218649331585,0.57906684799957,0.631404126654883,0.578451203603111
"kurtosis",1.69671744038081,0.214668173693055,0.327010320247022,0.220040742207959
