"","v_bh","v_daily","v_mon","v_con"
"mean",1121948.79101143,1113185.65689938,1114332.18602974,1113170.32007307
"sd",297888.569751825,252803.240081051,256909.422012299,252831.891967056
"skewness",1.36768747040224,0.693519698575569,0.751941558414612,0.692471931402382
"kurtosis",2.48304653416476,0.555946355127531,0.686612251057659,0.548614348996588
