"","v_bh","v_daily","v_mon","v_con"
"mean",872227.577328768,852272.179780384,854065.210460132,852223.001562704
"sd",132961.712519467,160065.443235038,158076.241730508,160172.591213556
"skewness",1.04667013292442,0.495093953011908,0.527899455131371,0.492626528126623
"kurtosis",1.58604533345489,0.217977001755934,0.269647307557751,0.208973143804474
