"","v_bh","v_daily","v_mon","v_con"
"mean",1003485.65869602,1003298.13044114,1003338.45611083,1003344.75527064
"sd",164617.123050605,171302.998921933,170586.898162524,171432.047228585
"skewness",0.782596407541299,0.350607884543069,0.385636118432097,0.347827211249795
"kurtosis",0.537190734522935,-0.154843487113863,-0.110281538175685,-0.160525650809659
