"","v_bh","v_daily","v_mon","v_con"
"mean",1348440.85714977,1317432.30504622,1319894.32756661,1317317.13781471
"sd",279535.042083348,218823.452569228,223540.810274335,218481.030590981
"skewness",1.12886857996461,0.525375524554114,0.581302356748222,0.521553370331526
"kurtosis",2.49611470150972,0.699673698523571,0.798995731181007,0.688375501478362
