"","v_bh","v_daily","v_mon","v_con"
"mean",1289542.13716299,1266775.93947991,1268578.37860554,1266663.14752216
"sd",278002.841682863,226016.389610594,230184.653833911,225883.15957554
"skewness",1.01241182618745,0.498352575088342,0.542773063678453,0.498922822403011
"kurtosis",1.44699541071616,0.169644037394222,0.254422671076668,0.177147515767255
