"","v_bh","v_daily","v_mon","v_con"
"mean",1355699.58539085,1318731.05707743,1322086.12118809,1318635.80625369
"sd",319589.253418676,244826.263552197,251184.989008386,244710.249512214
"skewness",1.41219495635426,0.660667137649274,0.727074608845842,0.660200718967573
"kurtosis",4.19464483288632,1.03128169020842,1.19827840372094,1.03394900349543
