"","v_bh","v_daily","v_mon","v_con"
"mean",1419548.86865405,1369834.23670872,1373342.96288196,1369659.69463137
"sd",327425.828878558,247379.628944575,253310.939086146,247190.462079198
"skewness",0.943648105295673,0.442685918790288,0.491142542640789,0.442091290711542
"kurtosis",1.22782838174573,0.0515265962860241,0.162432884924401,0.052984629216589
