"","v_bh","v_daily","v_mon","v_con"
"mean",1080511.12014155,1079584.44829759,1079637.72305318,1079625.588154
"sd",204532.30200893,192932.099546121,193708.781584159,193055.883692865
"skewness",1.12136791009074,0.610820641976076,0.648293681220372,0.610712438272857
"kurtosis",1.42790092984512,0.364747310455251,0.452219307993881,0.368246585758482
