"","v_bh","v_daily","v_mon","v_con"
"mean",846860.605195866,822945.063179126,824924.959483773,822839.785321439
"sd",111555.261333403,140875.838687524,138396.07031275,141022.89904619
"skewness",0.87859737973287,0.393071932871291,0.415894414739355,0.392512577804117
"kurtosis",1.0622313185635,0.0412737808655814,0.0910018958011385,0.0416535657171351
