"","v_bh","v_daily","v_mon","v_con"
"mean",1028550.43504971,1028968.21850887,1029255.34497104,1029000.72990896
"sd",173610.51648477,177486.482103673,177907.573657485,177597.790714673
"skewness",0.687632135580139,0.261611142870164,0.300607214454271,0.259925735354549
"kurtosis",0.393153237779418,-0.273859201322272,-0.241077398280685,-0.275226060754709
