"","v_bh","v_daily","v_mon","v_con"
"mean",1219691.89639748,1207969.084296,1208786.67255266,1207953.86805355
"sd",250364.011000966,212868.167028427,215867.108461916,212728.802487287
"skewness",1.13927904386918,0.52807934268725,0.569430703425646,0.527844997974383
"kurtosis",2.50081579794891,0.538485610644522,0.638820435696059,0.541457198880924
