"","v_bh","v_daily","v_mon","v_con"
"mean",1176905.2819147,1170709.75126459,1170881.35214395,1170606.14927032
"sd",228913.009863815,203146.23308411,205481.900544593,202907.110706526
"skewness",0.92477459771082,0.419319603844015,0.462334386212055,0.416454070499822
"kurtosis",1.2399491680932,0.137742283455616,0.214795863365032,0.131871880152014
