"","v_bh","v_daily","v_mon","v_con"
"mean",970029.193092009,968145.314428239,968372.027165264,968170.79919752
"sd",149910.80276487,162408.840983185,161728.023057614,162355.362788891
"skewness",0.781391495682295,0.311017081246943,0.347896692430186,0.309669850627543
"kurtosis",0.636351801617631,0.0346528770394419,0.0810504732123327,0.0358891449623413
