"","v_bh","v_daily","v_mon","v_con"
"mean",903444.466987045,889694.406821806,890791.355257721,889679.703952613
"sd",146723.54562073,167233.176941141,165388.661050414,167317.295936596
"skewness",1.13892764699358,0.630774014121857,0.658104522015634,0.627987513463838
"kurtosis",1.49349590135335,0.269139653726064,0.317760618840476,0.266931669212878
