"","v_bh","v_daily","v_mon","v_con"
"mean",979716.139503365,971797.363905167,972512.80320404,971782.74726924
"sd",136404.760627148,150251.746959537,149194.375968505,150305.714587349
"skewness",1.08571122644239,0.569070676067279,0.600385144244181,0.567689891340937
"kurtosis",2.02481988378818,0.550760106194255,0.592872919110045,0.54591351370029
