"","v_bh","v_daily","v_mon","v_con"
"mean",1327706.63051933,1307242.4855464,1308774.9110127,1307206.37721078
"sd",243151.270708276,203029.725264026,206187.051167003,202783.315284738
"skewness",0.753310166699707,0.348048610650911,0.387418616128731,0.345072832948542
"kurtosis",0.481480476631444,-0.0824323839775984,-0.0449011201685585,-0.0873047700390042
