"","v_bh","v_daily","v_mon","v_con"
"mean",1050778.62017299,1047998.59567738,1048380.476783,1048065.36642896
"sd",167229.359650298,168415.001207798,168739.109526163,168439.639905181
"skewness",1.28280073231266,0.730876586392091,0.780649694059587,0.729145237266528
"kurtosis",2.76981617218714,0.829235764608043,0.969528111168456,0.821998321218537
