"","v_bh","v_daily","v_mon","v_con"
"mean",1222821.21789346,1216610.85304514,1217150.53563155,1216598.36111708
"sd",206120.194325199,183946.860276514,185634.994821306,183841.745068618
"skewness",0.861275659814442,0.41635163681179,0.45937722681601,0.413552626711868
"kurtosis",1.04109720722305,0.170762769474587,0.243465104166867,0.165995068032571
