"","v_bh","v_daily","v_mon","v_con"
"mean",1073285.52022418,1072906.99338008,1073088.45800906,1072898.62476085
"sd",160673.712664958,162006.31928672,162179.624380143,162105.14926574
"skewness",0.971298237530724,0.428194697467756,0.469243269884655,0.430933774574599
"kurtosis",2.06464848238364,0.491983319661115,0.58934183587434,0.498173982389228
