"","v_bh","v_daily","v_mon","v_con"
"mean",882398.626628136,855125.252470757,857346.518003604,855065.043859722
"sd",104405.400262233,129740.065340083,127779.579779629,129841.922148424
"skewness",1.3036000089206,0.667313308031409,0.716976704499778,0.664693989996381
"kurtosis",3.91811733741711,1.13899243588435,1.35116403912585,1.12633134425766
