"","v_bh","v_daily","v_mon","v_con"
"mean",915134.674873967,896152.498171869,897644.114999383,896160.712208444
"sd",112775.015586118,136026.455877564,134467.870687523,136108.714386535
"skewness",0.909990487266097,0.452753562451065,0.491558234211081,0.452630958773327
"kurtosis",1.08548201947318,0.257303622254993,0.333657821227189,0.257496598246011
