"","v_bh","v_daily","v_mon","v_con"
"mean",1367476.42594887,1317246.86394455,1321449.82615537,1317077.88523299
"sd",318556.854856383,233073.327557192,240009.556167716,232908.085625944
"skewness",1.3190646983447,0.703239608534479,0.78060797803028,0.702748134583012
"kurtosis",2.9023825160974,0.839764633912107,1.08560821396585,0.838986963982197
