"","v_bh","v_daily","v_mon","v_con"
"mean",879836.284450299,871957.127006859,872779.752650809,871883.516485613
"sd",137195.864111619,151993.14461602,150685.695278467,152095.496402108
"skewness",1.27848578054932,0.66579169228963,0.698731967227804,0.662531049400249
"kurtosis",2.5695765031383,0.841384823003001,0.919363070132583,0.841947820524429
