"","v_bh","v_daily","v_mon","v_con"
"mean",848088.519120981,833139.114704669,834362.180355101,833035.705183433
"sd",133001.09436633,154696.557713665,152616.81572466,154795.185347606
"skewness",1.15430689998262,0.594929428321552,0.641131164299299,0.593315478842356
"kurtosis",1.77169053913558,0.422187876172968,0.511793670692594,0.421797993121888
