"","v_bh","v_daily","v_mon","v_con"
"mean",1111943.54418201,1107494.83380472,1108020.93427014,1107355.81528361
"sd",217274.456368903,189224.764218218,191681.714299639,189158.385417732
"skewness",1.4253861460886,0.702845045025748,0.781165100290362,0.699881017541929
"kurtosis",4.23921615759632,1.28465254965412,1.59128646659709,1.27180427004718
