"","v_bh","v_daily","v_mon","v_con"
"mean",929838.255326999,928257.632982864,928583.039215593,928239.411147628
"sd",150032.730609655,157699.486788424,157031.733269647,157679.24024025
"skewness",1.18185804074181,0.579639776123315,0.633205188242399,0.573759928825025
"kurtosis",2.64060073635482,0.708711550019821,0.869089906911984,0.689004588158041
