"","v_bh","v_daily","v_mon","v_con"
"mean",1067085.99675739,1064356.45202122,1065048.27812032,1064334.99924201
"sd",209024.565500142,191487.212823954,193410.784211761,191427.221942457
"skewness",1.11747796787487,0.549531866733643,0.60560225479574,0.547197116941185
"kurtosis",1.88700230619872,0.438762587638594,0.529311459776236,0.433045133838391
