"","v_bh","v_daily","v_mon","v_con"
"mean",970460.969902535,969056.129470719,969653.789022267,969039.783391201
"sd",178292.241952511,176460.335926743,177167.062436613,176484.991890085
"skewness",1.51495994901309,0.689019642717827,0.762106830783505,0.689221747814773
"kurtosis",4.91767334814862,1.4074856953197,1.65983159638289,1.40984892780904
