"","v_bh","v_daily","v_mon","v_con"
"mean",894756.672490556,889816.98041239,890522.4332858,889843.518015896
"sd",135035.509111838,149206.172480005,147901.098252484,149415.160332321
"skewness",0.912610402367787,0.492201419400677,0.512461999263247,0.493196253501645
"kurtosis",0.758330287952594,-0.0595396163170561,-0.0316185250368197,-0.0534608013015268
