"","v_bh","v_daily","v_mon","v_con"
"mean",807702.424670907,795276.245700983,796026.358132517,795268.920278841
"sd",120337.982680088,139060.240821643,137529.365176559,139096.799917851
"skewness",1.24058690980581,0.653919202271149,0.693109076796117,0.654286590897297
"kurtosis",2.58696839799163,0.63177578729392,0.729755842065332,0.637810031782596
