"","v_bh","v_daily","v_mon","v_con"
"mean",990627.455634818,990743.160226223,990770.697701827,990638.22542381
"sd",180372.070109253,169910.248533223,170624.395678132,169904.766651122
"skewness",1.04119903562772,0.487728947006971,0.524428182055568,0.487218665616633
"kurtosis",1.66957138551511,0.423810105592307,0.467267836255122,0.424153323326225
