"","v_bh","v_daily","v_mon","v_con"
"mean",910629.3115784,909226.607052461,909798.46257384,909136.814677128
"sd",162947.726852083,164279.95006708,164162.084515893,164352.014273602
"skewness",1.38529285289386,0.648164298404291,0.689712449313965,0.644793990968562
"kurtosis",4.31548480792886,1.04190483718968,1.15400006467968,1.02230200033916
