"","v_bh","v_daily","v_mon","v_con"
"mean",1354708.99347983,1295234.80033346,1299604.16625663,1294962.54335966
"sd",297198.56932863,215659.752657805,221680.525573738,215371.71590341
"skewness",0.950798690817999,0.440710106300736,0.4947326026199,0.439107025728229
"kurtosis",1.40281303116627,0.244261136519579,0.349075435893518,0.242679791862968
