"","v_bh","v_daily","v_mon","v_con"
"mean",1305791.55784529,1256937.30912335,1260782.91589919,1256876.14394724
"sd",293664.821640411,218972.921302652,224844.940500505,218772.505526798
"skewness",0.979164835953224,0.441877731510485,0.504039186801679,0.440814048122827
"kurtosis",1.47409120768318,0.262383873079428,0.377132087924087,0.264520708052193
