"","v_bh","v_daily","v_mon","v_con"
"mean",1126441.95890978,1110997.9406712,1112242.98349042,1110877.15183472
"sd",250564.956433818,205839.970850767,209134.233590263,205557.637230965
"skewness",1.34720264870956,0.706134038424874,0.763635825164196,0.703518096970455
"kurtosis",2.80355736131531,0.896886204066058,1.03893207839102,0.890084994204783
