"","v_bh","v_daily","v_mon","v_con"
"mean",962143.751267509,961940.435239934,961772.218571143,961949.95103581
"sd",175265.761579805,170377.333353906,170923.373823227,170401.411548354
"skewness",0.941925461405682,0.452786152611369,0.487631445882459,0.451395681876036
"kurtosis",1.0578179936882,0.0869846788269197,0.131755417203816,0.0793706501001039
