"","v_bh","v_daily","v_mon","v_con"
"mean",870243.914679301,867177.713398773,867539.395279212,867107.839896894
"sd",139794.277074862,150101.332483762,149251.775269964,150000.529434695
"skewness",1.09534330196436,0.520212950730155,0.554349443475224,0.51628075427521
"kurtosis",2.01164005291872,0.511960466786579,0.558229037940017,0.501024586714295
