"","v_bh","v_daily","v_mon","v_con"
"mean",1263180.91935554,1223936.36608825,1226970.47768535,1223792.89973494
"sd",282496.243950873,215734.273408517,220951.058969498,215526.432761139
"skewness",1.05948652655232,0.463852461298358,0.522325601017809,0.46022359530571
"kurtosis",2.19787357050784,0.44716641600133,0.608977859478925,0.438089437589822
