"","v_bh","v_daily","v_mon","v_con"
"mean",1205588.24988168,1177416.1651519,1180135.23687391,1177301.7526087
"sd",276967.252501918,212984.591448496,218042.857748002,212772.30126114
"skewness",1.66645408342024,0.794819798395519,0.868078720383544,0.790246503468598
"kurtosis",6.35369901661923,1.70589462484911,1.96682312962213,1.68763163943127
