"","v_bh","v_daily","v_mon","v_con"
"mean",1061135.07873379,1053840.07685039,1054751.24673575,1053850.54320909
"sd",219546.728531609,194531.702029911,196676.278643631,194472.647755022
"skewness",1.10009432411677,0.432442506069231,0.499123570922414,0.43092109835392
"kurtosis",2.55575802039464,0.551992763782601,0.737041073736237,0.547850490766224
