"","v_bh","v_daily","v_mon","v_con"
"mean",1087383.07042046,1079455.59430684,1080257.5729593,1079361.65237772
"sd",216547.798575755,186419.579071548,189074.860942203,186294.424742056
"skewness",1.0889158893795,0.548917573762127,0.605320111319034,0.545218433502476
"kurtosis",1.80606320230939,0.412440917880799,0.532337077177514,0.399628186633
