"","v_bh","v_daily","v_mon","v_con"
"mean",1160999.01344998,1141680.13975435,1142976.1093662,1141576.53006621
"sd",241570.253737095,201950.523365563,205277.356544685,201819.395388771
"skewness",0.622970556290388,0.242443402901957,0.280685142416965,0.240461851569444
"kurtosis",-0.0539651007780733,-0.474676602172543,-0.4499982809791,-0.472616894032308
