"","v_bh","v_daily","v_mon","v_con"
"mean",873347.526115495,864305.628100174,865039.760901791,864286.454459651
"sd",54651.5563223283,62840.2728424228,62104.161575097,62869.0339835465
"skewness",0.497435396663928,0.275351495130538,0.295295212817084,0.274495735870556
"kurtosis",0.414393368459931,0.113676360506773,0.130369237681602,0.112625112336794
