"","v_bh","v_daily","v_mon","v_con"
"mean",1085649.87885523,1082166.9674366,1082508.11048772,1082144.68835738
"sd",90396.9917441907,82866.6532147913,83416.1910375622,82838.1744149021
"skewness",0.566130164571795,0.327588715787867,0.348145373227156,0.32708581722996
"kurtosis",0.471872750243738,0.212989034600257,0.231155706051382,0.214168422110561
