"","v_bh","v_daily","v_mon","v_con"
"mean",1212811.93368987,1194222.05722403,1195722.87394793,1194131.10044722
"sd",104668.400498374,87819.2389310345,89203.1675727495,87741.1498854369
"skewness",0.27010911403978,0.0977954466543005,0.115035303039493,0.0973543585177931
"kurtosis",-0.343013118791937,-0.418755618190011,-0.419566738741404,-0.418617078666783
