"","v_bh","v_daily","v_mon","v_con"
"mean",1118905.76081411,1112369.32807934,1112821.47556554,1112354.01997342
"sd",96864.875853813,86383.1230908008,87130.362636216,86337.4227860557
"skewness",0.608068037244465,0.32163130569371,0.342012097326069,0.320198534001315
"kurtosis",1.3409348219693,0.490252815387858,0.539210423660456,0.486682307174339
