"","v_bh","v_daily","v_mon","v_con"
"mean",1062860.80491793,1060920.93934918,1060967.88213123,1060916.0057187
"sd",85887.7831481123,80823.1066697209,81277.2082621379,80802.8301775808
"skewness",0.382883037246696,0.158649168270693,0.180833333189817,0.157842474462887
"kurtosis",0.167968662809487,-0.00353225566283699,0.0138285267659524,-0.00302903431604662
