"","v_bh","v_daily","v_mon","v_con"
"mean",1148662.6734493,1139438.22392329,1140131.68609812,1139390.22998007
"sd",91436.0287900962,80233.306838811,81119.5440764287,80203.7677051991
"skewness",0.345004806740517,0.141457630456694,0.157971038026145,0.140316582741154
"kurtosis",0.117137949100637,-0.0451084539076092,-0.0259450593286119,-0.046514269163477
