"","v_bh","v_daily","v_mon","v_con"
"mean",1298076.25194076,1263432.35364321,1266217.91075668,1263311.56639322
"sd",121625.004414486,95921.7832444911,98054.7461096843,95840.138915002
"skewness",0.470393745621982,0.227897341213056,0.251874731931491,0.226892115500687
"kurtosis",0.455859565391677,0.195252429186441,0.20816994587013,0.195482623368107
