"","v_bh","v_daily","v_mon","v_con"
"mean",896194.356617331,890218.911495419,890717.259980909,890184.495501007
"sd",59517.1763898107,66731.3170282093,66200.3057751239,66749.3145191369
"skewness",0.392396387558725,0.151586258348016,0.173977809265343,0.151202759931716
"kurtosis",0.444842893017119,0.148966356980231,0.167116112381624,0.148876412162844
