"","v_bh","v_daily","v_mon","v_con"
"mean",1336330.4343922,1293486.24452356,1296838.03853156,1293330.69454202
"sd",125525.488032409,96786.6634248844,99071.693114476,96676.5352261846
"skewness",0.415387500770474,0.22313848506673,0.238940668176726,0.222315757129955
"kurtosis",-0.0568325877886595,-0.224247436661169,-0.214263179812361,-0.224831083826219
