"","v_bh","v_daily","v_mon","v_con"
"mean",1028614.90703128,1028135.42786208,1028220.72020184,1028134.2806665
"sd",81375.9749035299,78426.8078170102,78662.7512099143,78419.5691444436
"skewness",0.644626687144652,0.341395562566982,0.367129501238778,0.34005462384425
"kurtosis",1.3505966917407,0.760806777006419,0.804053261296866,0.758264859543146
