"","v_bh","v_daily","v_mon","v_con"
"mean",927866.12146448,901000.992651452,903136.240607715,900906.301514353
"sd",17496.6558684115,22341.4429130596,21959.6835714698,22358.3196689536
"skewness",0.0136256196643724,-0.0595807185391138,-0.0549936161776141,-0.0599898140224009
"kurtosis",-0.0239763614947073,-0.0251161395859598,-0.0261725313871781,-0.0255219696152689
