"","v_bh","v_daily","v_mon","v_con"
"mean",1100514.38134502,1099392.81703504,1099476.03227148,1099389.93223739
"sd",26334.1787167281,27540.7121640183,27451.9739740271,27544.8723950587
"skewness",0.111592754139587,0.031926989923986,0.0385091702671214,0.0314282694689289
"kurtosis",0.156707240443433,0.127350599368324,0.132635747155356,0.12745419158834
