"","v_bh","v_daily","v_mon","v_con"
"mean",1284661.67871155,1277627.32807985,1278194.40796547,1277600.74385427
"sd",33431.1592209201,30114.1185379993,30380.913043557,30104.9674818157
"skewness",0.0642785996716998,-0.00341370216715066,0.00354486748532463,-0.00395919378017238
"kurtosis",-0.0638268484555393,-0.0722803595617227,-0.0743566544463756,-0.0722776975537061
