"","v_bh","v_daily","v_mon","v_con"
"mean",1075755.8459304,1073196.57857704,1073396.24939421,1073187.72282129
"sd",24812.994055026,26666.9813481398,26518.9680153281,26674.3606852545
"skewness",-0.14756568987914,-0.23047033226048,-0.223689815108384,-0.231096060216649
"kurtosis",0.23657831562758,0.29178317589481,0.287009711635793,0.292158128012537
