"","v_bh","v_daily","v_mon","v_con"
"mean",1005958.28110487,995626.762049535,996442.778869126,995589.370918451
"sd",21771.4542504802,25167.2817621104,24894.5877636895,25179.9738358096
"skewness",0.017275751776604,-0.0739650275278079,-0.0682798308028795,-0.0745524295313245
"kurtosis",0.391510958564034,0.42642643665272,0.422317791058537,0.426619012701134
