"","v_bh","v_daily","v_mon","v_con"
"mean",1187531.46006181,1186917.70924847,1186965.86151032,1186915.718157
"sd",30854.9645424174,29786.5050522548,29871.3588316722,29781.5072101779
"skewness",0.406432707288935,0.333064942355338,0.339617539070135,0.332524292067076
"kurtosis",0.167986200679725,0.0731131268972871,0.0817850961341891,0.0721302497839531
