"","v_bh","v_daily","v_mon","v_con"
"mean",1216302.00429075,1214456.04217361,1214605.82634562,1214448.85514989
"sd",33067.3606983939,31258.2964210879,31401.9274040292,31252.7802506733
"skewness",0.263792695686322,0.173712610512195,0.181680140043844,0.173024592366454
"kurtosis",0.424692764875033,0.385398954031195,0.385175143783163,0.384943002776246
