"","v_bh","v_daily","v_mon","v_con"
"mean",1399069.70202066,1376754.07084365,1378536.30042271,1376674.29664545
"sd",41760.8250045622,34831.5077421476,35368.6888797525,34804.8059151286
"skewness",0.285722703772086,0.211014362624452,0.217684413325768,0.210731518995534
"kurtosis",0.0814610994417913,0.0159347988153131,0.0222181320846269,0.0156719552684748
