"","v_bh","v_daily","v_mon","v_con"
"mean",893701.685018103,856305.74511059,859264.337310778,856172.474651846
"sd",16368.9678818834,21960.64406708,21516.6118465698,21980.4014359326
"skewness",0.109430064269326,0.0493076061059238,0.053514700415204,0.049394009908379
"kurtosis",-0.443579503472643,-0.43661956408039,-0.435428296813479,-0.436536627921098
