"","v_bh","v_daily","v_mon","v_con"
"mean",1205367.86747797,1196733.58733858,1197233.82032278,1196801.72650037
"sd",310393.322437351,266148.823712892,270262.400241421,265996.285693386
"skewness",1.3071319338615,0.581390448462965,0.643347045145938,0.575933416219395
"kurtosis",3.0372005195474,0.506171595502914,0.614188792023017,0.478383571471476
