"","v_bh","v_daily","v_mon","v_con"
"mean",1138200.93846565,1135448.08152623,1135104.12058266,1135480.20527388
"sd",293671.991085369,255636.406918836,258811.113474758,255471.698277318
"skewness",1.78660450618769,0.917773738868034,1.01733849428808,0.911527090355803
"kurtosis",5.14159460959667,1.51595514488716,1.89119762251053,1.49412986686487
