"","v_bh","v_daily","v_mon","v_con"
"mean",1310460.06518392,1283341.33425501,1285490.3004147,1283232.76971407
"sd",376033.110352183,297965.914068921,304874.489188893,297742.841443474
"skewness",1.34805423500896,0.641234948970168,0.709195068065772,0.635793111771795
"kurtosis",2.64941445733297,0.517956768085517,0.693592540205255,0.499967038398012
