"","v_bh","v_daily","v_mon","v_con"
"mean",857781.870365668,836715.932377513,838719.24365849,836615.607917743
"sd",154413.256924832,187795.003450731,185732.918252957,187945.010167463
"skewness",1.27405336469565,0.653234627855072,0.714536937169678,0.652507037418222
"kurtosis",2.08593907026613,0.328480802049424,0.486542426425475,0.326489608602167
