"","v_bh","v_daily","v_mon","v_con"
"mean",1236952.30630045,1220976.08505281,1222987.55917107,1220881.67546117
"sd",346847.608935723,287279.862239172,291059.937500782,286770.909671145
"skewness",1.45644863189786,0.682050077927302,0.724433399832376,0.675525429523116
"kurtosis",3.39457875704023,0.713659884610098,0.799080425734694,0.692031457269744
