"","v_bh","v_daily","v_mon","v_con"
"mean",1411466.17111597,1370197.76935703,1373060.26019221,1369793.00071348
"sd",369370.028040413,286760.606817432,294176.369935121,286379.434002425
"skewness",0.92034809367221,0.28270874606121,0.337978179967252,0.279694281015207
"kurtosis",1.40436885842698,0.137255747523517,0.162349077985027,0.129635439368026
