"","v_bh","v_daily","v_mon","v_con"
"mean",1072930.09458578,1075530.32374292,1075734.22728461,1075635.70276241
"sd",236034.097811079,231181.453285614,231724.731758066,231157.249246559
"skewness",0.984529381725672,0.35320963721094,0.404475364714981,0.348503146864294
"kurtosis",1.558006787886,0.0881816719607178,0.121279105600127,0.0784658222932619
