"","v_bh","v_daily","v_mon","v_con"
"mean",927294.828130402,919280.211804992,920518.194015092,919270.70586834
"sd",189034.556608737,208958.666454751,208398.824401037,209117.027893519
"skewness",1.24580215874898,0.663344928822735,0.706619440811942,0.662680684567829
"kurtosis",1.6771243092889,0.238884937218339,0.315535297894933,0.232632805737776
