"","v_bh","v_daily","v_mon","v_con"
"mean",902896.669428726,888120.03062,888973.027519962,888184.912927538
"sd",189658.866876332,214436.933045849,212526.958091978,214572.286408207
"skewness",1.43224646335486,0.707497957219829,0.756194086353133,0.707059339935002
"kurtosis",2.98524951576948,0.539384417533937,0.657966521516434,0.536282123941752
