"","v_bh","v_daily","v_mon","v_con"
"mean",988664.704332159,984205.947719567,984340.467425112,983895.186941194
"sd",231900.189769796,237320.520263917,236600.664852044,237143.138777201
"skewness",1.44739943779339,0.69333564476281,0.751247742679865,0.692347038595688
"kurtosis",3.16033150484648,0.608434707773694,0.763482774967599,0.607139276841925
