"","v_bh","v_daily","v_mon","v_con"
"mean",1027983.74073944,1027566.84743546,1027788.67538047,1027453.21885508
"sd",239285.162824191,235936.739908724,235979.655623428,235824.901718456
"skewness",1.3754432075312,0.689344607967924,0.75563385298349,0.685285295865623
"kurtosis",2.77225085102648,0.522110605937181,0.68415826510815,0.510974782267785
