"","v_bh","v_daily","v_mon","v_con"
"mean",966278.210555452,968184.619817971,968354.133745428,968228.644124975
"sd",214841.534570756,210957.741354043,211258.588131786,211073.721188038
"skewness",0.877406853884616,0.381914106818324,0.420612122301864,0.381615157541698
"kurtosis",0.496718537768096,-0.282221852133512,-0.232380362612695,-0.2833129924133
