"","v_bh","v_daily","v_mon","v_con"
"mean",1350009.19009304,1291290.40152761,1295792.70880876,1290939.37044845
"sd",400022.196615579,287682.495045043,295837.08528322,287234.165342216
"skewness",1.30982659637699,0.591195628549963,0.651702296912059,0.588501394675764
"kurtosis",2.95403900661582,0.484247224562578,0.636768292451038,0.482957410866147
