"","v_bh","v_daily","v_mon","v_con"
"mean",909803.602628334,909528.069386678,909603.984681616,909441.474960952
"sd",200362.578590238,204949.605343031,204115.390400515,204993.900400822
"skewness",1.2761580927865,0.541251658835725,0.586123890601112,0.541238116818495
"kurtosis",2.84384154003834,0.413542229555329,0.522348158340857,0.41985163450921
