"","v_bh","v_daily","v_mon","v_con"
"mean",1185839.18608979,1159956.90969157,1161965.93726455,1159492.5797758
"sd",358708.604512834,276608.567002699,283354.298317608,276203.755983798
"skewness",1.68968933642134,0.874024970020198,0.957714225385555,0.871408821918403
"kurtosis",4.40359478549952,1.11595775947451,1.37481682764453,1.10762785315607
