"","v_bh","v_daily","v_mon","v_con"
"mean",877650.657516823,875030.610988801,874696.671241855,875005.736521756
"sd",189107.097091003,198228.117825765,197376.724074232,198098.455734552
"skewness",1.53076080629315,0.670935742560668,0.726536984372612,0.666394678575787
"kurtosis",4.5761477735462,0.943098830711564,1.08606373289985,0.922938123695027
