"","v_bh","v_daily","v_mon","v_con"
"mean",1236863.40601446,1202987.15587101,1205509.39227134,1202974.76283131
"sd",362309.810162728,275354.19772337,282265.745786909,275002.293290807
"skewness",1.43670077600959,0.709906959823807,0.787511157304044,0.706130659701832
"kurtosis",2.8531201177591,0.731212959012798,0.958726755635309,0.724040857282071
