"","v_bh","v_daily","v_mon","v_con"
"mean",827276.55109051,818442.714253829,818876.574073683,818395.60537974
"sd",164371.017051743,185309.427693666,183636.399846085,185493.727926994
"skewness",1.23077075801145,0.631095120784911,0.684305020586045,0.627931053823082
"kurtosis",1.79261853434073,0.258930713895813,0.349572607528199,0.25007187476458
