"","v_bh","v_daily","v_mon","v_con"
"mean",1389495.80751854,1317048.38498934,1322345.58984228,1316740.1372582
"sd",437431.765551042,307388.336380502,316389.718520991,306701.077275931
"skewness",1.32455545799555,0.594990777428831,0.651665754349907,0.590618035616539
"kurtosis",2.79585485321745,0.458446149717428,0.578465797653501,0.44543392560403
