"","v_bh","v_daily","v_mon","v_con"
"mean",1157732.56707514,1139072.2224614,1139931.77850645,1139120.35325424
"sd",320697.250398666,259037.051574627,262900.986290507,259003.884325473
"skewness",1.31944108730889,0.650138720539899,0.700870443840027,0.648598056686824
"kurtosis",2.35661808518494,0.448604850195844,0.529121880268852,0.448118143863464
