"","v_bh","v_daily","v_mon","v_con"
"mean",1101141.06498441,1089477.12196154,1090596.27117592,1089268.44159453
"sd",304502.973130252,255201.381406885,258819.537517186,254913.529986303
"skewness",1.43668937858563,0.706189611580193,0.757922033868731,0.702040072509012
"kurtosis",3.06921678532182,0.643212549372038,0.731033613204068,0.634517591820355
