"","v_bh","v_daily","v_mon","v_con"
"mean",1331426.27834593,1289641.10243261,1292964.6607598,1289496.24670679
"sd",83132.4932836047,64613.9914115861,66078.3189292258,64548.1333030446
"skewness",0.186543989574804,0.0198970063485914,0.0376947068245828,0.0189464864287802
"kurtosis",0.22216326559709,0.25261204049649,0.246618176455507,0.2526149008137
