"","v_bh","v_daily","v_mon","v_con"
"mean",804370.048973348,780323.249424445,782239.417707208,780236.140453083
"sd",30678.1772851501,39217.1245815525,38528.4916778067,39249.713613489
"skewness",0.290744206423468,0.139129042468511,0.148297359295668,0.139185861034746
"kurtosis",0.125494836751769,0.0271524055017554,0.0290863602065676,0.026908727131548
