"","v_bh","v_daily","v_mon","v_con"
"mean",976358.439744368,976093.63105667,976119.176660095,976092.653657624
"sd",47473.1769470939,48535.2945595363,48443.4201183378,48534.453732955
"skewness",0.303556831789413,0.153780578171189,0.164196918700947,0.152918159036447
"kurtosis",0.120339221181125,0.0524486255043315,0.0550797707805191,0.0506638157202186
