"","v_bh","v_daily","v_mon","v_con"
"mean",932815.811749144,930331.622972911,930554.742832167,930325.13143576
"sd",44972.8043059379,48141.5472041043,47900.9466132588,48152.7324333417
"skewness",0.356599763046736,0.221654212963867,0.230663608402335,0.221191767066157
"kurtosis",-0.0937682524750429,-0.205251775443938,-0.19253382756263,-0.206106059704491
