"","v_bh","v_daily","v_mon","v_con"
"mean",1176557.54040428,1163244.37965195,1164304.8096294,1163191.04991112
"sd",68422.5392683976,58884.4223844642,59645.5622395413,58849.4291193643
"skewness",0.201240108481529,0.0505646897567176,0.0636419417973198,0.0498198540612805
"kurtosis",0.0828468927471695,-0.0159529001334024,-0.0123377198127574,-0.0161963455118155
