"","v_bh","v_daily","v_mon","v_con"
"mean",1132618.62872352,1122001.88528358,1122601.96215456,1121983.92723166
"sd",199006.248562414,171501.408760731,173405.460937154,171387.247490172
"skewness",0.961122045717272,0.401265462914246,0.449833179203504,0.399607364646986
"kurtosis",2.2457630436487,0.527867831327384,0.626407980862246,0.520842786114268
