"","v_bh","v_daily","v_mon","v_con"
"mean",985187.388342812,985483.278375681,985482.073879026,985468.393768333
"sd",150948.208919101,146875.157864026,147120.112370517,146879.76476801
"skewness",1.01602543653752,0.528941140765393,0.564649265876865,0.526553711849336
"kurtosis",1.67195138894872,0.470258284024473,0.545774712859054,0.469850790240062
