"","v_bh","v_daily","v_mon","v_con"
"mean",940991.588005948,940021.713413528,940035.764443653,940069.171673595
"sd",138638.119832689,142708.409963178,142445.263289802,142726.098249739
"skewness",0.834122571868312,0.398507307706891,0.440131854178358,0.397299974820175
"kurtosis",0.991902923835786,0.0610285560829489,0.136380311401674,0.0596050557139991
