"","v_bh","v_daily","v_mon","v_con"
"mean",835679.881633613,823103.932572699,824137.715510158,823044.157280393
"sd",107563.347537814,124883.788966396,123491.45772719,124990.450349577
"skewness",1.1806704449569,0.533968706056339,0.570519696546324,0.531731343384032
"kurtosis",3.36340551085168,1.04162397076724,1.13760356951974,1.03810620062092
