"","v_bh","v_daily","v_mon","v_con"
"mean",1186580.34578104,1168912.96496872,1170297.97002156,1168814.72997123
"sd",210013.102218618,174127.530427891,176793.412626404,173995.425147299
"skewness",0.929265732882275,0.381239128710229,0.431334956228846,0.378612617253947
"kurtosis",1.7569935589069,0.623616971106749,0.72141971422867,0.620520704246724
