"","v_bh","v_daily","v_mon","v_con"
"mean",1300279.71229035,1261333.70287792,1264068.38707012,1261222.54418278
"sd",239992.012359691,183564.134128825,187714.546312137,183452.542289878
"skewness",0.917077247839629,0.471062163220045,0.511595763755238,0.471612271017366
"kurtosis",1.29127871378285,0.258954289371242,0.353334069898679,0.266826482526332
