"","v_bh","v_daily","v_mon","v_con"
"mean",925635.376388877,922530.82006938,922912.683987987,922501.733691664
"sd",146639.169355071,149427.407344368,149625.126741533,149386.100534751
"skewness",1.33445826858618,0.728190716276971,0.786789643266573,0.726196239000503
"kurtosis",3.48202842925923,0.974507728516735,1.17864304085364,0.968441127612325
