"","v_bh","v_daily","v_mon","v_con"
"mean",874717.648320657,868226.432425923,868552.490271767,868236.989709572
"sd",119414.050637655,131926.883009553,130897.315188355,131991.932564487
"skewness",0.970878086799081,0.510074984574217,0.540791638170356,0.50898857372788
"kurtosis",1.54322496367654,0.260835882820898,0.324553401287193,0.259833102774022
