"","v_bh","v_daily","v_mon","v_con"
"mean",1007773.86494698,1007520.19965799,1007442.81974686,1007498.28733725
"sd",157549.829625869,151407.100385779,151910.224436524,151350.187063234
"skewness",0.884125397846772,0.396029355261078,0.434833234478639,0.393620236626498
"kurtosis",1.42606812909759,0.329144504715866,0.378853747426981,0.324521742399514
