"","v_bh","v_daily","v_mon","v_con"
"mean",807016.043397135,788842.51097457,790537.830356306,788759.265640447
"sd",94161.5176670762,115779.913059939,114263.380922572,115790.476374893
"skewness",0.846835803035453,0.383767544989133,0.418576900206304,0.37968047705736
"kurtosis",1.17086647989695,0.278875006932386,0.352576891112459,0.272287889036022
