"","v_bh","v_daily","v_mon","v_con"
"1",965128.355174046,961898.872566995,962358.930445501,962193.661621418
"2",978659.662506541,980643.520115269,979817.037857144,980710.216314009
"3",969788.666772143,972648.223259627,972058.777870371,972726.258288084
"4",1017286.1996333,1019168.9154522,1019139.62739429,1019192.85057409
"5",1011484.52884123,1011270.48183001,1011965.98702536,1011161.25089535
"6",1040205.60665564,1040805.31527198,1040999.90466781,1040933.9823839
"7",1078338.34476704,1077283.12388647,1077348.57421517,1077142.23317213
