"","v_bh","v_daily","v_mon","v_con"
"mean",1174121.97855674,1153054.35713192,1154919.91175893,1153036.4426044
"sd",212604.624597986,170812.317611723,174568.12370082,170633.46362615
"skewness",1.128091183491,0.590914469235281,0.643999725033397,0.588253832227158
"kurtosis",2.20376302743381,0.814631297004655,0.896703429264076,0.812100877549217
