"","v_bh","v_daily","v_mon","v_con"
"mean",827692.789401833,818311.679078032,818882.929251323,818286.460967929
"sd",111290.054290684,125831.966783432,124355.011810617,125902.643628585
"skewness",1.01694950870198,0.572218934592393,0.599826952169048,0.571387379365169
"kurtosis",1.40398035242305,0.267751405462811,0.328186669916507,0.268231985272851
