"","v_bh","v_daily","v_mon","v_con"
"mean",895046.022539167,894083.900568055,894401.048028052,894079.866157753
"sd",123797.549941409,130005.732977563,129725.266310717,130069.046808944
"skewness",0.856678258299337,0.397541986072984,0.434871755343477,0.396993649927886
"kurtosis",1.25630376337158,0.246883405478301,0.31741618515463,0.247493715836704
