"","v_bh","v_daily","v_mon","v_con"
"mean",1049482.77472822,1044705.10591224,1044846.22389434,1044695.18859855
"sd",174828.477956904,157942.260952236,159271.690439968,157897.74841183
"skewness",0.76840039721436,0.316154408915412,0.347499217820257,0.315311621689794
"kurtosis",0.859837884182129,0.10624205456323,0.138061506121808,0.105355562478594
