"","v_bh","v_daily","v_mon","v_con"
"mean",1222763.38796362,1192065.13732169,1194841.24479898,1191819.27869644
"sd",231165.65569263,180926.730088363,185406.37706031,180667.305117991
"skewness",1.04728427925773,0.478191512046688,0.550829878333206,0.474751468382349
"kurtosis",2.46925259393897,0.68015808724663,0.892859914403982,0.670443864395939
