"","v_bh","v_daily","v_mon","v_con"
"mean",1026416.56290418,1023150.72485418,1023340.49667633,1023126.34016593
"sd",175222.410534667,157679.425611288,159221.988991189,157558.998119389
"skewness",1.21784473217686,0.641904981375269,0.693737561718355,0.638707470478133
"kurtosis",2.80153169675932,0.901032789035205,1.0572527808542,0.890069550345381
