"","v_bh","v_daily","v_mon","v_con"
"mean",1146247.60800563,1129675.7629364,1131047.14039262,1129636.26810786
"sd",204193.174706793,168540.513870521,171416.376505549,168440.495527596
"skewness",0.947350716139767,0.499543777854155,0.550408034074975,0.496956852609664
"kurtosis",1.1374993400408,0.329571555954606,0.390771991273676,0.325664777287385
