"","v_bh","v_daily","v_mon","v_con"
"mean",1254533.57131289,1215945.83642867,1219355.51051406,1215808.24908632
"sd",246656.183642812,191704.479426687,195949.745513522,191472.897709103
"skewness",0.696411838053285,0.312756772448722,0.348578272125609,0.310381852055532
"kurtosis",0.284321845503084,-0.239225901673529,-0.209802789011259,-0.24310155719506
