"","v_bh","v_daily","v_mon","v_con"
"mean",920510.608514143,920111.210467401,920191.711016655,920129.618203771
"sd",135901.333945152,138271.769210186,137986.014004016,138290.352068865
"skewness",0.877169751547784,0.428189952630364,0.459262815330295,0.425995322807128
"kurtosis",1.07194249327684,0.203653949970649,0.251007240998258,0.198313174043403
