"","v_bh","v_daily","v_mon","v_con"
"mean",837798.656527703,830249.978975685,830914.579510718,830259.150373853
"sd",110605.504104431,125379.97562365,124260.995085036,125403.546268925
"skewness",0.7126705223127,0.366595660063935,0.391076250670053,0.365543092876912
"kurtosis",0.174799742562387,-0.302587518204896,-0.277005955721404,-0.304103767531728
