"","v_bh","v_daily","v_mon","v_con"
"mean",984625.361919946,983553.475523787,983601.598759887,983539.264529305
"sd",161382.552273063,151587.005261779,152483.021349899,151564.285755454
"skewness",1.12083791292217,0.583148529958179,0.631673820819383,0.582617860676834
"kurtosis",2.14265045218949,0.665477437231138,0.798736753588726,0.673224842770864
