"","v_bh","v_daily","v_mon","v_con"
"mean",786884.112077225,769745.47830394,771100.179728942,769704.235119916
"sd",97489.2371081668,116878.980974876,115136.763983231,116973.540150405
"skewness",1.13756838196791,0.598612045822361,0.647437702388915,0.596445488332844
"kurtosis",2.35828905876355,0.710899867052851,0.821626956686647,0.708402926849095
