"","v_bh","v_daily","v_mon","v_con"
"mean",1180701.76841875,1170303.45019895,1170573.00845124,1170218.84792021
"sd",234982.575538122,203624.570551384,206025.641485191,203486.754032151
"skewness",0.828822473388401,0.362918248119192,0.411215315850123,0.359941445956355
"kurtosis",0.804418762929029,-0.049539413043588,0.0330244098077177,-0.0565179897098931
