"","v_bh","v_daily","v_mon","v_con"
"mean",969743.044287568,966926.09735463,967433.977633126,966938.38267914
"sd",174572.155199847,179273.212002778,178859.894890956,179216.399935294
"skewness",1.20713409299685,0.537510488329526,0.585536831415527,0.533011932650232
"kurtosis",2.77314698380789,0.692196965371125,0.817308163337006,0.685377999772056
