"","v_bh","v_daily","v_mon","v_con"
"mean",1012682.69593638,1012388.06022141,1012535.45307177,1012442.90931437
"sd",182093.035534291,179811.272944655,179947.31456202,179940.730905285
"skewness",1.04101749685906,0.488800111445384,0.528544908922791,0.487867089574824
"kurtosis",1.78335769317929,0.298476663608509,0.371105673146114,0.29679573332894
