"","v_bh","v_daily","v_mon","v_con"
"mean",847104.985228426,830540.72886823,832049.525377178,830526.640101852
"sd",112561.266859838,139021.833007378,136976.764360499,139114.731474241
"skewness",0.693675783976418,0.217289218504333,0.250992233714715,0.214222280344212
"kurtosis",0.711108512397002,-0.0575057731564894,-0.0534332050517023,-0.0628811164980325
