"","v_bh","v_daily","v_mon","v_con"
"mean",1315942.89629894,1280285.57385285,1282951.39046133,1279932.67138911
"sd",307570.210389464,239130.989466816,244274.517045424,238741.206618785
"skewness",1.09651900241411,0.539091518205069,0.59380702252178,0.537788215986963
"kurtosis",1.74789240281621,0.307131335133689,0.412462239022655,0.305095898690022
