"","v_bh","v_daily","v_mon","v_con"
"mean",945506.085455314,941720.315613494,942385.060833179,941695.129249379
"sd",161902.069917816,171345.240030024,170246.345014922,171250.179049769
"skewness",1.09330044960371,0.521585243088824,0.545113627482297,0.517463889539923
"kurtosis",1.89103215058893,0.392963880677256,0.426813283635409,0.382201998371115
