"","v_bh","v_daily","v_mon","v_con"
"mean",1049836.20033577,1049909.42772572,1049813.39726037,1049865.47056772
"sd",190370.410625976,182863.888459781,183268.849720528,182715.968972187
"skewness",0.907339953611557,0.426264791470093,0.469804245408551,0.422837263743845
"kurtosis",0.984453700085643,0.0762143102963639,0.147103213236937,0.0708302358982218
