"","v_bh","v_daily","v_mon","v_con"
"mean",1389448.88212539,1339452.63572253,1343578.84140253,1339186.80262663
"sd",319527.316318584,238131.460834882,244278.833251082,237779.280092578
"skewness",1.05486412291144,0.546686055777305,0.606805070916082,0.543397399637752
"kurtosis",1.5278220027669,0.244801741972356,0.358257842490389,0.237211390317283
