"","v_bh","v_daily","v_mon","v_con"
"mean",1058142.5566814,1059881.57358194,1059519.69197702,1059767.64779637
"sd",177426.486397645,173032.013720053,173826.905338801,172980.765737299
"skewness",0.631723230257991,0.139550898095707,0.176107252684522,0.137773429995386
"kurtosis",0.646084181041958,0.0488311386121927,0.0431904149758737,0.0454520542772561
