"","v_bh","v_daily","v_mon","v_con"
"1",7.12356184391407,7.76810366767067,7.72072303558811,7.76833484392082
"2",7.04770634570261,7.50525075696782,7.46859067682305,7.51095815870659
"3",7.6220886416025,8.01879198472665,7.99022138158596,8.02098017990486
"4",7.62930472323407,7.94141006993142,7.90312556507557,7.94030284483101
"5",7.84880522717899,8.03300313632425,8.01186297685585,8.03562310126946
"6",7.87791060455108,7.93475761196949,7.92848153303506,7.93813844769623
"7",8.32410852656223,8.12551597470593,8.12594205643252,8.12291037298491
