"","v_bh","v_daily","v_mon","v_con"
"1",9.86244589601158,10.0093033475146,10.0096473062826,10.0123017235458
"2",9.29997062422873,9.35513752624244,9.33815671266537,9.3538872988882
"3",10.3962944961724,10.26978184708,10.2773799639276,10.2689750605159
"4",10.0368296731293,9.94155236878933,9.9565286717795,9.94525235601608
"5",9.96717671756522,9.68652036031363,9.70592258180262,9.68513952274272
"6",11.0501454060539,10.3151365110601,10.3793206434974,10.3110215659546
"7",10.5546570465344,9.75041768336604,9.80600139448501,9.74571618782038
