"","v_bh","v_daily","v_mon","v_con"
"1",7.22991709418139,6.87726517970065,6.89457862345635,6.87388650945563
"2",6.31233374043159,6.17377251245035,6.1681664309114,6.17528491867332
"3",7.09871207190938,6.57360091827135,6.61983476671382,6.5728417696291
"4",7.10468197099099,6.57802118197469,6.62407087013167,6.57187087683722
"5",7.4093708957626,6.65751068291983,6.71310482132137,6.65542188723092
"6",7.18241896396376,6.46779410935484,6.51842803651887,6.46537458630354
"7",7.88049745221,6.84903050572925,6.91760119024532,6.84486619562405
