"","v_bh","v_daily","v_mon","v_con"
"1",4.55221389819672,5.19198269472343,5.14481409138076,5.19298081575875
"2",4.09950571178268,4.74654397690412,4.69649075831579,4.74666608310659
"3",4.11279109358081,4.76774412806931,4.72587903606952,4.77156178704323
"4",4.73228789614266,5.15809948189778,5.12271412226538,5.16082676562165
"5",4.48008583312012,5.00532599468342,4.95037294149992,5.00576498929922
"6",4.65493140701901,4.97714512654351,4.94968694457775,4.97939473878133
"7",5.12274372434663,5.25375132545684,5.21660699897829,5.25227749612583
