"","v_bh","v_daily","v_mon","v_con"
"1",4.13005448799953,4.85339766377611,4.78252324043107,4.85634831341196
"2",4.38486524581637,4.98913377599215,4.94375022946898,4.98929132686029
"3",4.56890880877183,5.07347466538392,5.04798258348574,5.07225408047034
"4",4.37834720440797,5.01022860857588,4.96765934358293,5.01308141394725
"5",4.30772593306744,4.84821465724932,4.79958998517226,4.84745369560528
"6",4.47688063643777,4.8974295168097,4.86904735008704,4.89821843102525
"7",4.57828210660551,5.01452514348814,4.9869257211568,5.01501233332424
