"","v_bh","v_daily","v_mon","v_con"
"1",4.14573194829617,4.48459976981581,4.45506448385532,4.48691450579806
"2",3.86698486641968,4.28993490731403,4.25322930805166,4.29142409421103
"3",4.21932114764308,4.56124910561668,4.5260406581044,4.56167420624508
"4",3.93063200453521,4.36566819657324,4.34867889057405,4.36736376551373
"5",4.54565719332869,4.65232097323202,4.64229354857011,4.6532639848777
"6",4.18107368748234,4.3394717088753,4.32596514927061,4.34072437036307
"7",4.44182639695048,4.47418516734557,4.47124001459129,4.47130415321102
