"","v_bh","v_daily","v_mon","v_con"
"1",12.5865985479572,10.3184247358396,10.456528754029,10.312222230169
"2",11.6923901237802,9.56552960193651,9.71234379589794,9.55788420421068
"3",12.4643667076873,9.77416919713952,9.95278622505138,9.7684295456377
"4",13.4535326185545,10.4422957502013,10.6258438548921,10.4344781355104
"5",12.9956741004465,9.98699852313012,10.1814183129506,9.98008160457932
"6",12.7023019908394,9.51133100939765,9.71213789638941,9.50255118575843
"7",13.3398100444035,9.88909221123151,10.1121903956659,9.87952072179862
