"","v_bh","v_daily","v_mon","v_con"
"1",7.80693997735307,10.0974621723037,9.86433232832923,10.1068279223931
"2",7.69183590355647,9.85786672085077,9.64525858245819,9.86751608296765
"3",7.96855730370874,10.0879019431789,9.88492639302735,10.0979322790106
"4",8.40151180573144,10.6794454380535,10.4478683151547,10.690688660758
"5",8.0408708546993,10.0129593167915,9.82662206503841,10.0215451097196
"6",8.46164876676895,10.2162439325229,10.0282582529332,10.2269197210166
"7",8.34823205138219,10.0221345380954,9.86707897453987,10.0303209555873
