"","v_bh","v_daily","v_mon","v_con"
"1",5.85779273194685,6.48880296771537,6.42713046834856,6.49360780645904
"2",6.31271726711054,6.78421985588789,6.73407007554842,6.78403102126553
"3",6.09210208228273,6.57662814156802,6.55046767085955,6.57710658443355
"4",6.2822694754836,6.55877673455336,6.5483326412968,6.56143009763018
"5",6.47227924309303,6.71349060256528,6.69788137802393,6.71535324098572
"6",6.6867493281963,6.72663317790436,6.72849270261838,6.72774055229759
"7",7.16614965001016,6.99124334804176,6.99178637825096,6.99039410216103
