"","v_bh","v_daily","v_mon","v_con"
"1",14.7667216312424,13.7692010449584,13.8400791751296,13.7642581831079
"2",13.9916145270408,13.0026678251674,13.0827889993788,12.998752777592
"3",14.820691344705,13.4452882410582,13.5524006071793,13.4386510178578
"4",14.7534567460553,13.3345209183109,13.432967914604,13.3307203980994
"5",14.9216115521926,13.2986471440345,13.4224253320669,13.297386285044
"6",15.2837689730076,13.2955268442336,13.4508889293384,13.2881748254713
"7",15.7698170269089,13.3646656145007,13.5401168468666,13.358864470163
