"","v_bh","v_daily","v_mon","v_con"
"1",4.14841364481378,4.4142992918111,4.39192081579959,4.41442250175399
"2",4.4553401583629,4.37547545337651,4.38455657233582,4.37752758166282
"3",4.61283185387613,4.6514398193213,4.65853704090928,4.65347524742977
"4",4.12226912037827,4.31454132689648,4.29142934582593,4.31263240430554
"5",4.6662742027198,4.48371002869957,4.49125955682752,4.48691971367143
"6",4.03511287053125,4.10923858907204,4.08431205483732,4.10960191189038
"7",4.74437075075203,4.47225956108824,4.48869596711557,4.47166633558053
