"","v_bh","v_daily","v_mon","v_con"
"1",23.9801570575345,20.4721234847869,20.7080618178101,20.463821482525
"2",23.5777988561249,19.7778667133713,20.0300360396285,19.7669520408796
"3",25.316445543275,21.0506568563377,21.3194119407427,21.0368074429373
"4",24.6993286965468,20.3047546895205,20.589637814815,20.2908898371533
"5",25.1283222185982,20.3059443370592,20.61484991622,20.2910163920086
"6",26.4321071980513,20.7221334345087,21.0952955890128,20.7044095555852
"7",26.1750083850934,20.0489082568011,20.4275388046251,20.0331924034786
