"","v_bh","v_daily","v_mon","v_con"
"1",6.15499255678564,7.74783126317578,7.58827608633331,7.75564368099242
"2",6.3922871222949,7.83365601272329,7.69256755948326,7.83799202787048
"3",6.42535043390443,7.87279271101943,7.73233119569201,7.87970959990218
"4",6.76461906197886,8.20382164717764,8.06115579993476,8.21123360872364
"5",6.07553734581162,7.54995409309985,7.41496279533564,7.55736035426806
"6",6.51702484478548,7.71471546089314,7.61471073136584,7.72051929553427
"7",6.83728257086361,7.94889414091705,7.85839368436381,7.95065861748168
