"","v_bh","v_daily","v_mon","v_con"
"1",4.54078605411131,4.43781322664355,4.45632239145119,4.43643188008391
"2",4.48672864962339,4.34580817170679,4.36199418963724,4.34503826975353
"3",4.58814420088981,4.37832810717621,4.37762601003023,4.37913002946318
"4",5.08959871239045,4.72396666335933,4.75336313015503,4.7209041015097
"5",4.65637368693235,4.42612197045986,4.45338483222304,4.42375505462765
"6",4.82904872818514,4.37273759548118,4.41180113394488,4.37611630951018
"7",5.17623878250922,4.45610070744305,4.49522568818805,4.45439242828224
