"","v_bh","v_daily","v_mon","v_con"
"1",16.6549196690046,13.9416972189955,14.1264479401891,13.9334764159849
"2",15.6128650971968,12.8649461805195,13.0507110197083,12.8557775059511
"3",16.2422448087085,13.1816099727654,13.3790524917354,13.1765781914289
"4",16.4192789382035,13.2014979941073,13.4153598902689,13.187774373897
"5",16.646969883623,13.0770953162032,13.3027322820692,13.0682019857864
"6",17.2689309411858,13.2154599439001,13.4810697808741,13.2038200498061
"7",18.1530816635955,13.481127697843,13.7662167345647,13.470737357025
