"","v_bh","v_daily","v_mon","v_con"
"1",5.86185484757718,5.85177237944629,5.86517749897967,5.85121312099029
"2",5.95471403229133,5.76651459343737,5.78130069062059,5.76431403996386
"3",5.44309140585613,5.49163711143007,5.47310417459335,5.49077727807427
"4",5.55496976695638,5.39358940776744,5.40889268789369,5.39536773994039
"5",6.47070908301029,5.96116140332826,5.98765760476953,5.9632819179273
"6",6.1102316174816,5.60504337103888,5.65763058731574,5.60442261261698
"7",6.25016574393744,5.6229183531757,5.67306924078875,5.62096911580983
