"","v_bh","v_daily","v_mon","v_con"
"1",11.6104252998303,9.89300487845896,10.0189313586205,9.88827480545527
"2",11.8577075953419,9.72808471019066,9.87666857404751,9.72308067589237
"3",11.9711083731532,9.86041632058465,9.9979149572118,9.85415470809907
"4",11.4937123214017,9.33469369080366,9.48177880623849,9.3296750653394
"5",12.8389215730722,10.2710636209406,10.441941597685,10.2623131076727
"6",13.1624664852477,10.1703674107275,10.3682082412746,10.1590543054986
"7",12.9895195709311,9.77685416594096,9.97460715953239,9.76733862577302
