"","v_bh","v_daily","v_mon","v_con"
"1",6.9470892813369,8.15454881094075,8.03991548477212,8.1631270341484
"2",6.39468060273768,7.55885133707886,7.4523317297977,7.56457196483092
"3",6.92622916592175,8.03486474494213,7.92679989177641,8.0378590096495
"4",6.57252752127537,7.5404390492308,7.45231536659673,7.54344587632504
"5",7.01118071315599,7.96065096380564,7.87308458690006,7.96163853492714
"6",6.96767536472071,7.66518655326858,7.60577577785693,7.66954220860499
"7",7.03291390405977,7.68379824637816,7.63018027258205,7.68583253933898
