"","v_bh","v_daily","v_mon","v_con"
"1",5.44930636765419,4.82575198590898,4.85146637768617,4.82212414801101
"2",5.17253702795538,4.42175163947262,4.46452315717621,4.41598464810345
"3",5.04033067513993,4.5306829731797,4.55279699222839,4.53140073395932
"4",5.37309588113847,4.65562398911808,4.6977471934197,4.65574531475195
"5",4.76063515668616,4.14163744092586,4.18287183659416,4.13932725327741
"6",5.3074761507359,4.34485543095234,4.41044132549888,4.34446005009954
"7",5.46457057646985,4.43027508523366,4.50217860618934,4.43282648914893
