"","v_bh","v_daily","v_mon","v_con"
"1",5.96491301431485,5.64431924455401,5.66669853088429,5.64361381694202
"2",6.43993964480617,5.93858929655098,5.98752343770026,5.93506999662458
"3",6.09242783164088,5.60793206922367,5.64031264979481,5.60265347608567
"4",6.35784044318417,5.80265517927016,5.83217676730662,5.80097583190028
"5",6.54853578968373,5.85247727843442,5.90702546736533,5.85010708918106
"6",6.36303956979642,5.61367964442087,5.65460331335934,5.61168464750016
"7",6.77765978584607,5.7528078047558,5.82893409991645,5.75008340294796
