"","v_bh","v_daily","v_mon","v_con"
"1",4.57097887060802,4.99819337083441,4.95959283651789,4.99570808363744
"2",4.61733532840317,4.94293673643006,4.91871246699754,4.94272053709245
"3",4.45777435703123,4.81180756560482,4.78796991463696,4.81463914531577
"4",4.74436288195143,5.0488238973647,5.02177871339676,5.04524020052566
"5",4.69978299651703,4.94480780025555,4.93663797605071,4.94519308006606
"6",5.01170128085044,5.07024137109255,5.06538242554473,5.07084587899105
"7",5.03714231700088,4.9838603426559,4.99379001842264,4.98474473141817
