"","v_bh","v_daily","v_mon","v_con"
"1",5.61354516208272,6.70269561302191,6.5982443652693,6.70644113560441
"2",5.57562361543968,6.49640738980587,6.40887449515566,6.49937954030932
"3",5.67097551497381,6.57934453400197,6.50394362078917,6.58271567467866
"4",6.10375157035205,6.91489744602966,6.84180285260532,6.918584584372
"5",6.07589727896122,7.00198745389286,6.93323197627567,7.00576837123348
"6",5.93256387078792,6.61392562621779,6.55668688332817,6.6176393215969
"7",6.18266341007902,6.69401745051397,6.64698136347647,6.69681607080414
