"","v_bh","v_daily","v_mon","v_con"
"1",9.04979908899439,8.22905239818971,8.29856479865354,8.22401266614513
"2",8.72220472117513,7.84240368668588,7.90540319857109,7.83922794620888
"3",9.44334394523798,8.25657332128914,8.33881727289885,8.25495118353617
"4",8.97726474674811,7.80954560057061,7.89113300794403,7.80308387655221
"5",8.9421450920346,7.68041270895593,7.76213606965309,7.67642149401702
"6",9.33636674708957,7.79265692310293,7.89287279544371,7.78591714464355
"7",9.57400975094052,7.70840289231888,7.8477506270267,7.70546928837841
