"","v_bh","v_daily","v_mon","v_con"
"1",3.29461340476809,4.05501001964327,3.98347971159036,4.05645544704641
"2",3.13736243274108,3.95677760872425,3.88820784149967,3.95945255281794
"3",3.08414269886183,3.83086759544641,3.7481231469523,3.83484575174875
"4",3.13598852234696,3.96352514218613,3.90263242584722,3.96642012057054
"5",2.99968500750534,3.77665975714867,3.70142301649139,3.78106225276336
"6",3.32670751145174,4.05811275133151,3.97627666519198,4.06335212692008
"7",3.44873463468532,3.96779010146262,3.89873882268043,3.96908699933525
