"","v_bh","v_daily","v_mon","v_con"
"1",10.3482641446878,10.3092019264085,10.3141285894506,10.3068681374105
"2",10.2218974679191,9.99438362021118,10.0066263837374,9.99411799470852
"3",10.3002324507154,10.0027403540306,10.0193411674361,10.0018738951837
"4",10.6041561362209,10.1003096899805,10.1332600564343,10.0983817426742
"5",10.5050031080863,9.96715351191896,10.0018347990729,9.96325521174549
"6",10.9967695161328,10.1442653866671,10.2048845785104,10.138233466373
"7",10.6285404244999,9.57890449045502,9.64864630674402,9.57600938932025
