"","v_bh","v_daily","v_mon","v_con"
"1",31.5667302886573,40.1335625827293,39.2748128011742,40.1747510987525
"2",32.0264593800827,40.1849401582869,39.3641103424487,40.2245139404131
"3",32.6272338889225,40.5731663391259,39.7786843649344,40.6101943737263
"4",33.2925409033054,41.0970561148305,40.322515472856,41.1327707727565
"5",33.6663681104991,41.0994680024399,40.3704359183445,41.1329387306332
"6",33.5296066998879,40.2079795827734,39.5735152150961,40.2388852911431
"7",33.5019651040854,39.5261118478004,38.9761776329764,39.5541437582633
