"","v_bh","v_daily","v_mon","v_con"
"1",4.35281875019983,5.52817533486512,5.41240033754201,5.53315326116519
"2",4.74243979060272,5.63308359066557,5.54967767862989,5.63453711303612
"3",4.77479301673007,5.75001126786199,5.66287976033816,5.75477638014361
"4",4.78473510431542,5.67999925646004,5.57888778947816,5.68223827244272
"5",4.6873575616639,5.53143620872632,5.44667308870169,5.53553600055521
"6",5.14864016060762,5.86342735846451,5.81188531191247,5.86488664014531
"7",4.77340169231297,5.53015812963517,5.47380927345673,5.53264324841166
