"","v_bh","v_daily","v_mon","v_con"
"1",4.44653721392689,5.7401495200682,5.60734394597755,5.74512844253768
"2",4.61538873776113,5.86272322192332,5.73493017863129,5.86626478795675
"3",4.15851735620227,5.44770266068304,5.31319983706945,5.45289006410912
"4",4.62777640189206,5.77122905388016,5.65179283284329,5.78016492344588
"5",4.82387054982434,6.02052608885435,5.90448932321039,6.02943484041351
"6",4.72444939451679,5.74989720400305,5.65529513168815,5.75186797375723
"7",4.62360653887347,5.58218731092253,5.50543160011235,5.58255355004855
