"","v_bh","v_daily","v_mon","v_con"
"1",3.50812516293198,3.7544849224983,3.73219790799357,3.75687679427009
"2",3.95346868498878,4.08463884189255,4.07930492151266,4.08277444325997
"3",4.1146056973281,4.18298085285418,4.17623691128594,4.18097264447959
"4",3.98618567280754,4.06160101187977,4.05631156514704,4.06094601866383
"5",3.88763033355287,3.95742348406243,3.96483443568113,3.95969528024352
"6",4.20704984717888,4.0992490953125,4.1015870999485,4.09806664961271
"7",4.11719191534964,4.01832999035759,4.03799022242638,4.01777368683064
