"","v_bh","v_daily","v_mon","v_con"
"1",16.128075523079,20.1924215964248,19.7924557651909,20.2113665711945
"2",16.7472958812559,20.6409860419137,20.257585870565,20.6554849069394
"3",16.8167826728453,20.5037803103087,20.1547859279795,20.5204226809135
"4",15.8174301341414,19.2590679350587,18.924353859831,19.2755552172447
"5",16.6944893266087,19.9542007258447,19.6470635987968,19.9706729153871
"6",16.9242193444221,19.9857220057101,19.6924731433259,19.9991979625956
"7",17.1603825756068,19.8768626438655,19.6401061648746,19.8880922900352
