"","v_bh","v_daily","v_mon","v_con"
"1",15.1306561075979,13.4739103558927,13.5974247426392,13.4678531127775
"2",15.3116323024744,13.3039137932131,13.4537750625469,13.2948229640497
"3",15.9802864709762,13.7540082021523,13.9288533805545,13.7474110813575
"4",16.8496505165921,14.2293783772227,14.4017817192718,14.2210941855152
"5",16.260873205458,13.5544024076698,13.7382790412108,13.5455386320977
"6",17.0721090120907,13.8799951938366,14.0764701424243,13.8690273224226
"7",16.8624831731012,13.3655213218658,13.5750272512347,13.3556251438449
