"","v_bh","v_daily","v_mon","v_con"
"1",7.261176692125,8.12257636776398,8.04013300040225,8.12866711515934
"2",6.919104744028,7.75063821759399,7.68628434257352,7.75355642712999
"3",7.13355908309776,7.87662823959139,7.80386129202777,7.88041049269366
"4",6.8444351598209,7.57418022517585,7.50279348556374,7.57500928133248
"5",7.60139780573501,8.03309049423787,8.01252605475527,8.03788334077795
"6",7.77303232815666,8.19866831942372,8.13753640587204,8.19902846420129
"7",7.34430083778623,7.6042242307775,7.59566711484511,7.60894124009042
