"","v_bh","v_daily","v_mon","v_con"
"1",10.3194997241878,8.28236712623788,8.40181986519849,8.27545316306055
"2",10.7153214906416,8.4379097141784,8.59236477393233,8.4326530313212
"3",10.0878592366184,7.86841255771036,8.01839049289942,7.86122677313582
"4",10.6987352472516,8.10675919435273,8.24752136197384,8.09656266078708
"5",10.5019834300093,7.94103773984988,8.11527823277278,7.93295906221091
"6",11.2729826403746,8.24113260523499,8.42752221954371,8.23336544619269
"7",11.6270696861637,8.22267055876984,8.41231322944856,8.2113998968426
