"","v_bh","v_daily","v_mon","v_con"
"1",3.80393557855077,4.30573324049166,4.24286510850855,4.30673091296173
"2",3.78146738121199,4.31405991503027,4.25622589170304,4.31767157459447
"3",4.00264905139389,4.39226721185196,4.36775371724282,4.39635025393763
"4",3.99467854604456,4.3472920401477,4.32027715320014,4.34872640933912
"5",3.76564092453541,4.27797921245265,4.24072453269355,4.28167053501167
"6",4.0813809456719,4.39829031716134,4.37086650436538,4.40016493212121
"7",4.22239974982979,4.33795820074949,4.33586889851966,4.33868130694373
