"","v_bh","v_daily","v_mon","v_con"
"1",10.635172544422,12.8326329439241,12.6148524721674,12.8436234770781
"2",11.0902271842997,13.1683393533494,12.9832923601689,13.17711811797
"3",11.5871832178109,13.5986382000175,13.404488949036,13.6097042494473
"4",11.7229458112975,13.7277235973344,13.5442388708517,13.7365014567344
"5",11.3641286968627,13.1167708592798,12.9706802760249,13.124922214904
"6",12.1868461538874,13.8867624906081,13.7390694391035,13.8921793917078
"7",11.889843701428,13.3027179945677,13.1710308455082,13.3083233370886
