"","v_bh","v_daily","v_mon","v_con"
"1",17.5519378178119,20.272449248528,20.0329036586658,20.2826109242287
"2",17.9258477844169,20.4245464339168,20.1897929228482,20.4366752415689
"3",19.1968480637781,21.6266873845281,21.4268748396296,21.6357356619511
"4",17.5701387376088,19.6681041774176,19.4723056631458,19.6730012145103
"5",17.7562063460077,19.622585640299,19.455096520914,19.6293574818187
"6",18.6650652613542,20.1296498981001,20.0052073504009,20.1362519847559
"7",17.6648919316712,18.7725448761278,18.6682696950141,18.7740289560888
