"","v_bh","v_daily","v_mon","v_con"
"1",11.8904867731213,13.4499327096233,13.300511266314,13.4545832833837
"2",11.9773758406324,13.4105117531086,13.2816257689129,13.415548925884
"3",11.5512021354649,12.8771603558496,12.7719137381737,12.8837992156638
"4",12.0047421126129,13.2163480897268,13.105977898624,13.2207541772418
"5",12.4505131171401,13.4578602395603,13.3658731738267,13.4614621155582
"6",12.2469795321889,12.9964998363608,12.9310118650387,13.0016744467453
"7",13.2890454549645,13.8172855767667,13.7825815925719,13.8232097828613
