"","v_bh","v_daily","v_mon","v_con"
"1",5.81427301147853,5.04393421508776,5.10462038041893,5.03920721844069
"2",5.84567511626899,4.94664093020092,5.00833626595899,4.94601724704989
"3",5.49865366385505,4.79278616391599,4.85402314423974,4.79348145974874
"4",6.00163375685751,5.03850547637589,5.09110622482442,5.03400548172604
"5",6.08534487268508,4.88179554996099,4.95427232339285,4.87966989334769
"6",6.40633608008313,5.02698743003125,5.10336490210408,5.02692867112268
"7",6.30572150860788,4.87252674489046,4.96208248610099,4.86804554279366
