"","v_bh","v_daily","v_mon","v_con"
"1",41.6917869815326,38.587572990636,38.8193664869158,38.5754268765462
"2",45.5122157042358,41.3440202121228,41.6390113836143,41.3321756400073
"3",45.2873113679442,40.8261273069033,41.1459743554904,40.8086083182702
"4",44.5869819489299,39.7143143579151,40.0584851143573,39.6977592031369
"5",45.3146150115887,39.7165705107168,40.1074227794521,39.6980799493613
"6",46.4669591809883,39.7258870965287,40.1868518996957,39.7074817420178
"7",47.4511086335396,39.5941625597839,40.1295263531912,39.5699918094535
