"","v_bh","v_daily","v_mon","v_con"
"1",37.7009191022253,40.5537778623832,40.3245255995592,40.565952807235
"2",39.3672963929215,41.7172808709324,41.516210272189,41.7244841571612
"3",37.995889386885,39.8348601390281,39.6919565428082,39.8400098779301
"4",37.1227933678779,38.6778647220858,38.5436456297373,38.6839350339881
"5",37.6465362283982,38.6798377946078,38.5900186797915,38.6841113961891
"6",43.1006815943436,43.2401080836494,43.2252258300529,43.23979394327
"7",40.1695783117049,39.4434109242696,39.4990670676272,39.4389247760999
