"","v_bh","v_daily","v_mon","v_con"
"1",2.91938930673842,3.92993363321774,3.82271454861352,3.93534028560359
"2",2.87457441408554,3.87899619727473,3.7626843078491,3.88368017303291
"3",3.06616756175878,4.0143475332682,3.91929387737832,4.01990604638352
"4",3.07616405234678,4.00462833345569,3.91596036132848,4.01213487265721
"5",2.86299635535956,3.90030818098433,3.8123794493813,3.90547775890619
"6",3.10033065137043,3.97299562015182,3.88155642251304,3.98064560036722
"7",3.10556413814936,4.00728315765553,3.92266050414866,4.01177306581243
