"","v_bh","v_daily","v_mon","v_con"
"1",7.74567440630223,7.92939737869581,7.91044062446194,7.92898041546254
"2",8.52633371519228,8.59551925869411,8.5863195781418,8.60072017015832
"3",8.49957782444152,8.44651777802608,8.44369506273453,8.44609251173184
"4",8.34270550394841,8.17618641668918,8.20426483865668,8.17501416299723
"5",8.04335132234343,7.87626053837364,7.88334822070559,7.87579007609414
"6",8.36858279579049,7.92318177942562,7.95860445924179,7.92110731289263
"7",9.03508782470106,8.33007573593437,8.38974050379156,8.32798804191884
