"","v_bh","v_daily","v_mon","v_con"
"1",3.79457061292351,4.7295725050355,4.63351148705639,4.73307174577189
"2",3.85950223089315,4.84148829641474,4.74292396881617,4.84711741488899
"3",3.88478212914451,4.72928432168439,4.65008179687258,4.73223139057539
"4",3.85359978742954,4.7488474991424,4.6600374381492,4.75309948638769
"5",4.23250618579189,5.12621040070831,5.03892466411671,5.12648373561279
"6",4.63190502550983,5.28205401560616,5.21820669378609,5.28260962814029
"7",4.28860752872323,4.91503730244743,4.85645120829708,4.9182138913779
