"","v_bh","v_daily","v_mon","v_con"
"1",7.86510321274339,6.48553996341061,6.57049616591395,6.48309716182639
"2",7.75460364087074,6.57283583475945,6.66078410161629,6.57008203290444
"3",7.92693462065078,6.46386901388007,6.55611237338241,6.4621351614174
"4",8.71576809459908,6.95336385264042,7.06072780067337,6.95018850772585
"5",8.55998813015991,6.71499964775273,6.83791597123323,6.7108480889255
"6",8.45165694889184,6.59106537544318,6.70957377917661,6.58543118979928
"7",9.31793876313848,6.84478344392346,6.98645025493248,6.83833691643088
