"","v_bh","v_daily","v_mon","v_con"
"1",38.3112641525083,42.2149946595167,41.8768778619753,42.2323696447729
"2",36.9238727374389,40.0778949883001,39.8120656387452,40.0888388681314
"3",37.1256806024999,39.9013669990463,39.6642338032053,39.9137859682041
"4",37.3057686631213,39.6759831081648,39.483947540428,39.6854179666129
"5",37.8182770207252,39.6781117268587,39.53124402127,39.6856659101634
"6",38.9925475798725,40.152361207895,40.0565876474853,40.1575448135311
"7",39.2734742793081,39.496586006402,39.4797311007511,39.5000669552252
