"","v_bh","v_daily","v_mon","v_con"
"1",8.33135991231493,9.5642369457461,9.45950746953537,9.57112756886687
"2",9.01444139406093,10.1545432440822,10.0434326148483,10.1593280865084
"3",9.28476797723927,10.3345246337136,10.2445951302911,10.3370332326627
"4",8.98852063741672,10.0286131625069,9.93602199496626,10.0296772180755
"5",9.13775460571906,9.94938953186987,9.86997366710406,9.95328828101327
"6",8.96584911291117,9.72116425174697,9.66513574189182,9.72741559484495
"7",9.79355130005472,10.271871223408,10.2322957119839,10.2750335593412
