"","v_bh","v_daily","v_mon","v_con"
"1",3.63472935355419,3.96976927084296,3.96917396503342,3.97049075309276
"2",3.86073463768396,3.83685895509583,3.83918242857099,3.83612551884503
"3",3.89261438764528,3.926806313254,3.9250086236158,3.93122995100648
"4",4.07536894749888,4.14763935145273,4.16095848711454,4.14850845823487
"5",3.87747573921895,3.80165174644074,3.81898842130579,3.79816256408964
"6",3.88802935314292,3.77933512913086,3.79437720789816,3.77726511878119
"7",4.45861561085943,4.0816661076202,4.11160637418867,4.07936907739282
