"","v_bh","v_daily","v_mon","v_con"
"1",5.85013371996146,6.86845004491022,6.77005453173414,6.87306483972946
"2",5.69137219009633,6.5422313052188,6.47385587563137,6.54648431351929
"3",5.68060671788805,6.49828836706891,6.43370865091584,6.50064270148639
"4",6.16977878852812,7.02991262213906,6.95591420848948,7.03165903331831
"5",5.67837152632386,6.47538463027324,6.40768476241701,6.47510421032944
"6",6.12929539680085,6.64154711449121,6.61504908683407,6.64235593106696
"7",6.23444737340986,6.5868994352131,6.54017100316837,6.59086878608905
