"","v_bh","v_daily","v_mon","v_con"
"1",5.34531289963977,6.12657487563565,6.04976603425974,6.13065805029423
"2",6.06565588078297,6.76331087265467,6.69355495079171,6.76620228617475
"3",6.17679305413851,6.89402288506586,6.81588256281347,6.89616117973945
"4",5.91880768562691,6.60324194243076,6.53666911969414,6.60382316319019
"5",5.79144591211897,6.32847194936278,6.27997177830034,6.33198260918223
"6",6.31830892538878,6.69994455497532,6.67608971186088,6.69979961845671
"7",6.50729112425928,6.72879273127398,6.71887588343246,6.7281220990356
