"","v_bh","v_daily","v_mon","v_con"
"1",4.07158070512966,5.18928112085552,5.07248740784306,5.19372875290831
"2",3.57583431972196,4.70763409400091,4.58370448412619,4.71464966853635
"3",3.77041294994589,4.90002869983346,4.78146228135595,4.9087670940973
"4",4.18702921617563,5.23620925628888,5.14658809184142,5.24220094357664
"5",3.8561416221904,4.87491046125731,4.76588415478545,4.87576300152784
"6",4.23562118718966,5.17521324545274,5.09062801779367,5.17475194474884
"7",3.94809898140534,4.8606704142842,4.77539012961565,4.86427394145358
