"","v_bh","v_daily","v_mon","v_con"
"1",6.66492138149433,6.94473580046949,6.91211362279115,6.94604203958971
"2",6.39654049350687,6.65437880450039,6.63183023712681,6.65673632049307
"3",6.22684681776768,6.44834733057763,6.42797026524407,6.45286643138777
"4",6.40752754038566,6.49834213207784,6.49295868792667,6.49954317894906
"5",6.61309329435831,6.65406685991097,6.64386023740018,6.65560377884652
"6",6.67990738760254,6.62262434023478,6.61666631742703,6.61853512748099
"7",6.81925118486627,6.52833774927975,6.53980930187805,6.52858771802431
