"","v_bh","v_daily","v_mon","v_con"
"1",5.42820733264515,5.08297128321767,5.09883483762223,5.08511533308103
"2",5.16380450860919,4.74217025117953,4.77634697406333,4.7408083147564
"3",5.51701757883065,5.07352685586475,5.10045994945056,5.07032387130988
"4",5.76689820807495,5.03736948062312,5.1056332217509,5.03855593801365
"5",5.24706023321208,4.79282159329694,4.83179318491036,4.79061328575503
"6",5.61965449029521,4.8878448994041,4.9326973473164,4.88667911654072
"7",6.14454437389788,5.1705525611772,5.21873119454219,5.16787593110214
