"","v_bh","v_daily","v_mon","v_con"
"1",6.5876744144847,6.6395728941764,6.63153918869332,6.63982661219264
"2",6.51619636280526,6.58741255914968,6.57718644149651,6.58482112888477
"3",6.38345660632977,6.41375761952984,6.41565318952509,6.41412020932562
"4",6.79939117571578,6.61985367754617,6.62193010181517,6.6198928073444
"5",6.89130098522108,6.70552077366423,6.71339171169545,6.70563450225494
"6",6.37591904074049,6.20779696094156,6.22556801483281,6.2040667424772
"7",7.45568594337807,6.86019104518707,6.90311169620071,6.8544725605069
