"","v_bh","v_daily","v_mon","v_con"
"1",8.30279665942013,9.88095516969796,9.73709359381829,9.88760607197884
"2",8.5218721474141,9.98092556296704,9.86637063410556,9.98712609565011
"3",8.67709725498395,10.1229815091475,9.97375057888124,10.1295933878163
"4",8.50795683731895,9.83102258096661,9.71708488932217,9.83645857465303
"5",8.65255602487656,9.86841104907163,9.7646292043177,9.86917190986916
"6",9.42068345657917,10.4191243065979,10.3388777342685,10.4249310012673
"7",9.20284269142017,10.1851060385344,10.0798298579039,10.1910347629638
