"","v_bh","v_daily","v_mon","v_con"
"1",7.45029294233706,6.91709123596813,6.95529295500275,6.91893712703683
"2",7.51590722719879,6.89230852331395,6.93215122625166,6.89040666337719
"3",7.24494935596427,6.52360223770197,6.59356669145013,6.52096371605076
"4",7.98581337177367,7.00017375229823,7.06944464615522,6.9953790723474
"5",8.02728039744366,7.00709767139603,7.06823294799127,7.00445970105026
"6",7.83246511855898,6.68568034999407,6.7769969016699,6.68027748210188
"7",8.6690561153359,7.22923058428342,7.3482898305401,7.22265818582794
