"","v_bh","v_daily","v_mon","v_con"
"1",3.61619150599687,4.26908787074515,4.2137324007215,4.27308994408048
"2",3.89755799033357,4.42350185060568,4.36747924661792,4.42169321546451
"3",3.70794360419052,4.34070740973552,4.29353428461071,4.34048249400422
"4",4.02091666596362,4.59397052702837,4.56185202271271,4.59840423274387
"5",3.87575585352564,4.44165248296082,4.38583994845866,4.44464186416963
"6",3.8869297739268,4.34821697443697,4.2986014653742,4.34958703448656
"7",4.2249288324294,4.47846148537611,4.44200887260455,4.47749188846981
