"","v_bh","v_daily","v_mon","v_con"
"1",6.71194918414197,5.71893332703914,5.78804648091399,5.71737754390121
"2",6.81066056123737,5.71504657371448,5.78728192683752,5.71351800054701
"3",6.37655293861762,5.38563447705646,5.46703963382643,5.38153498322819
"4",7.5257236246572,5.97417478177081,6.07438443492043,5.97008405436656
"5",6.55999054766284,5.32452328594698,5.40286890117341,5.32065439602239
"6",7.31270907334235,5.64874555773576,5.76804619584492,5.64719140360239
"7",7.53360983248498,5.70642309151325,5.82179962376241,5.70116880922976
