"","v_bh","v_daily","v_mon","v_con"
"1",8.75073028886841,7.74432868533777,7.82415894191369,7.74408126164141
"2",9.17857982107726,8.038376358726,8.12195180235413,8.03258237062866
"3",10.1230487833284,8.47961088504878,8.58642856047477,8.47253070996302
"4",9.48541562136822,8.09426387747252,8.18163462214016,8.0888119114617
"5",9.95905228675069,8.25780022560251,8.36452354622769,8.25249968017761
"6",9.83265019049237,7.94534073218456,8.04890055654429,7.94028499428919
"7",10.5235552188046,8.28864257839448,8.43436156697343,8.27879178431736
