"","v_bh","v_daily","v_mon","v_con"
"1",45.2164131728516,40.879549877046,41.1897692007902,40.8635164107535
"2",46.9111333504673,41.4874977130129,41.8791378544381,41.4710860647498
"3",44.1841012849608,38.6948926491967,39.0848336671955,38.6805725831853
"4",45.9669705844103,39.8463309581001,40.286837074659,39.8269951162995
"5",46.7336728190245,39.8484525490923,40.3361920560968,39.8270972764626
"6",46.4833543386049,38.5273498382851,39.0619316913653,38.5018727166637
"7",49.1139581921705,39.7238427618068,40.3491713523745,39.6964088242274
