"","v_bh","v_daily","v_mon","v_con"
"1",3.26306084157386,3.87633557381293,3.83309192721086,3.87814445744713
"2",3.47761580836792,3.93782021883028,3.89560730076852,3.93810853363946
"3",3.41470024241054,3.95845143019205,3.91380281480204,3.95603893666316
"4",3.59447398058347,4.00735865452077,3.97289922357559,4.01126746553404
"5",3.79545151359849,4.17620104416586,4.1352241248651,4.17995652250968
"6",3.3004094377809,3.75851742195705,3.71926537775045,3.75861475644022
"7",3.9863419089302,4.18170906429784,4.16352344055837,4.18361862945723
