"","v_bh","v_daily","v_mon","v_con"
"1",11.8368984173011,12.8485125607713,12.7571018731248,12.8541433866682
"2",12.7276847973663,13.5807493293885,13.5120454203743,13.5856482504979
"3",12.3749940440894,13.1264558251216,13.0536949387996,13.1296886926747
"4",13.0224662986439,13.6280190291124,13.5836616153794,13.6284655607607
"5",13.3555948429208,13.8289449910566,13.7878308098109,13.8298326506975
"6",13.2723089498242,13.4790195755957,13.4731719220871,13.4798584260326
"7",13.789598373798,13.6157959044141,13.637226343914,13.6161471964535
