"","v_bh","v_daily","v_mon","v_con"
"1",6.54042156031108,8.39135395395112,8.1891992576371,8.39923379729927
"2",6.11143419594106,7.77026223472784,7.60881560128017,7.78088931405491
"3",6.15720353592557,7.90562217321854,7.71786311443989,7.91340993648724
"4",6.2301117299793,7.78245386014617,7.62250462736877,7.79069161927689
"5",6.48049013406161,8.12444032204284,7.95976999166539,8.1278208315101
"6",6.92505675285361,8.47674506858949,8.32646323128168,8.48223740408929
"7",6.55905879747284,7.97695549072103,7.83858370405563,7.98182790991298
