"","v_bh","v_daily","v_mon","v_con"
"1",4.83329943393356,5.41731792738005,5.36287982470379,5.41901678912003
"2",4.80765468548473,5.47101799173331,5.4099791259078,5.47289645617516
"3",5.1366907268427,5.63839627238997,5.60077498280094,5.64494374555547
"4",5.27489885705952,5.7501737385731,5.70000444456317,5.75119414499623
"5",5.29454972956764,5.65233254430672,5.62181793761551,5.65266327838535
"6",5.53513608356797,5.77557780250227,5.74655421317005,5.77747582046493
"7",5.64631929581844,5.74200209188177,5.72078237843091,5.74272158046671
