"","v_bh","v_daily","v_mon","v_con"
"1",5.28955473208127,6.58866236481197,6.44444524370548,6.59676236338435
"2",5.19731187096148,6.4035474652815,6.2836660718408,6.40760461332731
"3",5.49399031513826,6.62350610367756,6.53753844060405,6.62935287393548
"4",5.52778394711308,6.75817301912321,6.6286513353983,6.76514880082429
"5",5.93204242637189,6.98192870807679,6.87102752536319,6.98700588515828
"6",5.50990414567131,6.54331500821178,6.45096566549444,6.54859428660038
"7",5.81390853638733,6.60447385671899,6.52633699834073,6.60681964335803
