"","v_bh","v_daily","v_mon","v_con"
"1",3.6571121831398,4.05168543950415,4.01303610669993,4.04839531749966
"2",3.79735296668611,4.07021362703424,4.03495407477702,4.0710160657784
"3",3.20156386629806,3.62401636049069,3.60205935592605,3.62420637780693
"4",3.65833148376343,3.94019014780716,3.90244399217568,3.93524663406278
"5",3.6938105440998,3.86763547222754,3.86406242296456,3.87024937751206
"6",3.83455883417027,3.96258174055035,3.96380746156547,3.96448280765223
"7",3.66470793121553,3.75151728515483,3.75177640532855,3.75338224463958
