"","v_bh","v_daily","v_mon","v_con"
"1",12.0397854780877,10.413162254215,10.5399626114572,10.407613199316
"2",12.1090745093968,10.2500837568472,10.3887896105795,10.2453521993961
"3",12.2027833049302,10.2958151243586,10.4299911299694,10.2867564146211
"4",11.6248539144347,9.64633643383353,9.76815148563067,9.64068236006114
"5",11.7952973176155,9.77163860909637,9.9028585650208,9.76444015344827
"6",12.1952698339047,9.84733217358804,10.0094454614098,9.84102017167105
"7",13.5203249101311,10.3967966143132,10.5977011202916,10.3896503564388
