"","v_bh","v_daily","v_mon","v_con"
"1",3.37483570040589,4.48859566976931,4.38008881668176,4.49437959063958
"2",3.47689150968903,4.54072297812517,4.42910332247182,4.54491472217743
"3",3.39080963126203,4.36692375297226,4.26039447292274,4.37110210879056
"4",3.35189880625993,4.4075185454392,4.31123662128094,4.41429884373042
"5",3.47213738787591,4.44889136681308,4.35442128852977,4.45720575963542
"6",3.58247127524933,4.54427428796659,4.4509176677657,4.55081695133731
"7",3.74088741381225,4.61042104337852,4.52961490943047,4.61552684003466
