"","v_bh","v_daily","v_mon","v_con"
"1",9.8211556159479,8.40128954858128,8.49998396941621,8.39546210416543
"2",9.51643547953506,7.9003929260357,8.00541855895999,7.89424059261782
"3",9.15939588195984,7.5221576386266,7.63287870724973,7.51545714529306
"4",10.2978579597909,8.37537350853373,8.49643892264187,8.36920584274175
"5",9.90204731900485,7.81968792192124,7.94747196110454,7.81218678478254
"6",9.88706132802353,7.75441444628436,7.8814329123056,7.74910085168714
"7",10.3068273609468,7.87987571420137,8.03379327114955,7.87256286410048
