"","v_bh","v_daily","v_mon","v_con"
"1",36.5553544317857,42.0954223623064,41.5717449603106,42.1201896342188
"2",34.8356715307087,39.5075718402828,39.0968578238979,39.5271255650804
"3",35.1827428337061,39.6299325573401,39.2315991477945,39.648549418964
"4",34.5120558394938,38.4549685563808,38.1071095155917,38.4690194957969
"5",34.961777535473,38.457172173734,38.1523548857437,38.4690541580138
"6",36.175310714062,38.9716651755051,38.718194773733,38.9817496454092
"7",36.7825547186724,38.8522786339148,38.6793399882127,38.8589061647956
