"","v_bh","v_daily","v_mon","v_con"
"1",3.55578038073074,4.72543609557469,4.6137484925875,4.73234400351358
"2",3.95860372168025,5.1603746454331,5.04708357139858,5.16609624525031
"3",4.11355478310754,5.1516723606574,5.04439965434798,5.15863187628554
"4",3.95848200914305,4.8751227578864,4.77784586857198,4.87756093717682
"5",4.19587640294284,5.11004035169268,5.0374769108084,5.11354783624694
"6",4.12753429801794,5.00086947260735,4.92834785356974,5.00606857413535
"7",4.07523753476518,4.90684230110118,4.84209549022556,4.90647388998936
