"","v_bh","v_daily","v_mon","v_con"
"1",3.16294906864924,4.06804150763859,3.98059468644518,4.07230520600393
"2",3.29210645871174,4.19729709959914,4.08821449359542,4.19791474468856
"3",3.20941852122602,4.06328707262221,3.97948489251515,4.06709937772384
"4",3.39820400541732,4.19470926474033,4.10684024860876,4.19906396667579
"5",2.94714492622908,3.84543698490781,3.74864626166099,3.84799830870168
"6",3.29982645884582,4.07231654686205,4.00581209187214,4.07666790901096
"7",3.13965479206269,3.95826921725434,3.86945773339278,3.96745114409209
