"","v_bh","v_daily","v_mon","v_con"
"1",9.79840046767735,10.2194523868302,10.1905105695953,10.2203992578846
"2",10.0725188130844,10.2684574932965,10.2570461339858,10.2713178777306
"3",9.3587642437558,9.5672610774044,9.55316993945268,9.56782661471219
"4",10.187344832231,10.3316427133651,10.3203014462065,10.3315796866979
"5",10.5556796680795,10.432975916418,10.4355200485784,10.4346889078863
"6",10.6749934743611,10.342990613964,10.370604731304,10.3426470509103
"7",10.419635384162,9.85731926578966,9.89939366603472,9.85308212460793
