"","v_bh","v_daily","v_mon","v_con"
"1",4.33488124444653,4.89593584588603,4.84704798493705,4.89732142629045
"2",4.43380220856263,5.01383565109884,4.97396691862162,5.01470065449007
"3",4.22304948274975,4.75823205136315,4.71140568899425,4.76027203799532
"4",4.4622803492792,4.8812524053889,4.84073601996867,4.88291083603552
"5",4.93288139080837,5.21246304998682,5.1824160463868,5.21334823061517
"6",4.61851706850629,4.89885483155781,4.8620756212725,4.89852735637445
"7",4.52178725589922,4.74570774203346,4.71752109554467,4.74763069666849
