"","v_bh","v_daily","v_mon","v_con"
"1",17.0724528772583,20.2898487532865,19.9779276986099,20.3009119796374
"2",16.8500401053934,19.6111644780976,19.3532434834805,19.623711079611
"3",17.1954673559988,19.7547047682148,19.5203928995331,19.7655451771982
"4",17.1521731902874,19.6195721072665,19.3918792722011,19.6291056181053
"5",17.5995791149083,19.9298239595166,19.7255785933924,19.9379255078005
"6",17.729368530206,19.5861970337317,19.4342198738203,19.5925028175065
"7",18.8472113900814,20.3608758608864,20.2251168696203,20.3673377257968
