"","v_bh","v_daily","v_mon","v_con"
"1",4.47149633456794,5.67335151133167,5.55313236971058,5.67815689266861
"2",4.3246126324296,5.45665768627241,5.35033774746394,5.46036172316786
"3",4.30408517809405,5.45848769757211,5.34175581079101,5.46334706757375
"4",4.27851219606936,5.35390907179144,5.25208853538644,5.3611719967256
"5",4.24200617163689,5.38639538889289,5.26339621809148,5.38855977173884
"6",4.7081805579524,5.69404120330885,5.58905946260568,5.69937588602339
"7",4.55174467993333,5.49186720294013,5.40045986283175,5.49314942151803
