"","v_bh","v_daily","v_mon","v_con"
"1",3.61004831078513,4.3973331827908,4.33597376179798,4.39808212228502
"2",3.51466483404919,4.31493407695236,4.23267839023762,4.31474727023007
"3",3.69712174936379,4.37989611044376,4.31147727697528,4.3812375970883
"4",4.01011933891007,4.57976598432922,4.50824831690129,4.58577989833284
"5",3.8833563106734,4.49648272212375,4.42989412975431,4.49931743738679
"6",3.55365041032654,4.1565465353636,4.11286796196907,4.15795198725376
"7",3.94019796444388,4.51610075139593,4.45429793430822,4.51607730771349
