"","v_bh","v_daily","v_mon","v_con"
"1",5.48962753817384,5.64594137203569,5.6269203974749,5.6451994281916
"2",5.70478291069343,5.80152672499914,5.80623373693936,5.80219661808308
"3",5.44473563823203,5.5366893705772,5.52453932713256,5.53831780474471
"4",5.62568871031459,5.56421496857817,5.55780065681716,5.56303216219494
"5",6.09587654127292,5.85686261627193,5.88168532823028,5.85272573880422
"6",5.84548528361405,5.62036745392038,5.63883397843888,5.62133874792635
"7",6.32209932504235,5.84416555687824,5.87966349069966,5.84409993670533
