"","v_bh","v_daily","v_mon","v_con"
"1",3.84011090150603,3.82761622605051,3.84202479658573,3.8282740250211
"2",3.79751020324098,3.78075740830443,3.79460648959901,3.78028989737033
"3",4.53671090161062,4.0795060409598,4.11445474351138,4.07784463530858
"4",3.9658365144167,3.75884830284295,3.77245749164344,3.75994125259291
"5",4.17287038868929,3.90935599033716,3.92430723996467,3.90763513351553
"6",4.65360906282391,4.1280449031323,4.16578033383898,4.12565032671276
"7",4.4893237336267,3.91528737068494,3.96762809587855,3.91739298847248
