"","v_bh","v_daily","v_mon","v_con"
"1",5.03298310084732,4.41662749942109,4.45922798944014,4.41198532438704
"2",5.15731364957274,4.43391252580036,4.48897436805166,4.43182226136092
"3",5.35780085906873,4.58436506693056,4.6329149594881,4.58367562509468
"4",5.58421875693605,4.58268173237564,4.64722507894912,4.57671639950259
"5",5.03705107446018,4.23266217148448,4.28295696199633,4.22992584650843
"6",5.51112989307216,4.45158143629089,4.52674104295898,4.44929471923497
"7",5.48013599334972,4.39109773375375,4.46812995525894,4.39094316212703
