"","v_bh","v_daily","v_mon","v_con"
"1",4.88298781239419,6.54967535085207,6.37608758150197,6.55654247014448
"2",4.90941425417383,6.45286963075922,6.28826290657375,6.46009347500198
"3",5.35941349686746,6.81902806954575,6.67408005338641,6.82169390852125
"4",5.22423835673959,6.63575268657848,6.4979210922198,6.64338403751759
"5",5.33292688517454,6.71337535773364,6.57756436442741,6.72166045246609
"6",5.52809493888595,6.92254844990739,6.77486324939615,6.9336698469992
"7",5.67214636529748,6.93457938135027,6.81151590638188,6.9380698956536
