"","v_bh","v_daily","v_mon","v_con"
"1",6.77337434293065,6.65436781291737,6.66873173820264,6.65360673711764
"2",6.7873943266221,6.58700992924015,6.59927710289088,6.58652610280625
"3",6.82028013633727,6.66173522251968,6.68787639594568,6.66154142966472
"4",7.1954576347899,6.77307420415912,6.80382210109147,6.77107813381764
"5",7.25415712214294,6.71795954758318,6.7652493552665,6.71990982308217
"6",7.11638320405151,6.54567064282015,6.59000663788248,6.54167296650178
"7",7.77253027186373,6.8773755056307,6.94355810968226,6.8742092745828
