"","v_bh","v_daily","v_mon","v_con"
"1",4.80605122315066,5.6532665562234,5.56795999619859,5.65642627095952
"2",4.68641004700705,5.53992820346509,5.4590831295556,5.54315992366896
"3",4.80553445349817,5.60481084791843,5.53329778605164,5.61042392503883
"4",5.02463540419915,5.74735871525695,5.68168602710251,5.75083549534293
"5",4.87167421356248,5.67472864148205,5.59967973428392,5.67837478484249
"6",4.99101802892182,5.62079019344993,5.56236181716819,5.62795828161367
"7",4.87396701028405,5.39171075779022,5.34872766742699,5.39420357322061
