"","v_bh","v_daily","v_mon","v_con"
"1",21.527552063493,19.4474410773471,19.5886119007036,19.4420363271293
"2",22.7622421953704,20.258379086329,20.4333874806511,20.2502897027653
"3",22.5815989203584,19.9294445073443,20.1170583750953,19.9208548689854
"4",23.7286867714762,20.5525625937141,20.7769922662103,20.5416089825393
"5",24.124243840705,20.5537599958206,20.8023719870943,20.541679884731
"6",23.8727693482966,19.736232383778,20.0065967186433,19.7227591683608
"7",24.588737617614,19.8544775995075,20.1558594672559,19.8402315146412
