"","v_bh","v_daily","v_mon","v_con"
"1",6.84586411032533,5.69990014109812,5.77409312690374,5.69799119241371
"2",6.57309329425239,5.59993645597801,5.6845328274906,5.5999106450043
"3",6.92563418161539,5.59565368426874,5.68767283345396,5.59198172372055
"4",6.98470388559662,5.52207311852597,5.61950089888226,5.5151423967109
"5",7.59139994898914,5.84163381631748,5.96060970242574,5.83479556076868
"6",7.94991582813699,5.84016220524888,5.96033758128436,5.83689072309537
"7",7.67640119714596,5.65866253644413,5.75421363149182,5.6540089886531
