"","v_bh","v_daily","v_mon","v_con"
"1",5.11942172165872,5.36163621667321,5.33794934678054,5.36152058196779
"2",4.96601542769892,4.98090291078246,4.97707251925123,4.97809348045573
"3",5.13758560067425,5.14034313757473,5.15009482317383,5.13832699681746
"4",5.13869371443181,5.2164974110523,5.20570596723301,5.21892575709798
"5",4.63525740354546,4.70347247113059,4.68882957851125,4.70130644435418
"6",5.52185433605522,5.27001035812583,5.28036266778725,5.26836352525278
"7",4.9461047755683,4.74327767195044,4.75616931617328,4.74504535018241
