"","v_bh","v_daily","v_mon","v_con"
"1",10.222193814677,13.1053749633651,12.808975538577,13.1209937725283
"2",10.7071342312889,13.5254373713776,13.2419842771848,13.5359898979361
"3",10.6458891762857,13.364302464331,13.0898947798649,13.3779173148494
"4",11.010141606953,13.6416047372101,13.389170156238,13.6498376708199
"5",11.4909242734173,14.2882326955177,14.0106963397598,14.3015432522776
"6",11.045359577361,13.4357663905261,13.2167646194048,13.4467670028092
"7",11.6639924503796,13.8572732114371,13.6506321299328,13.8640309566343
