"","v_bh","v_daily","v_mon","v_con"
"1",2.82499242742601,4.01172492552597,3.88263506001074,4.01781975316051
"2",3.0307201661086,4.03858430282927,3.92947035124244,4.04514339569042
"3",2.84398007579174,4.04133794699524,3.92219867664213,4.0477227700906
"4",2.90461547191732,3.9633518881471,3.84566381575844,3.96949114700958
"5",2.97001539048464,3.90351254965654,3.80986338010056,3.90807272322073
"6",3.18694650965422,4.17055102874666,4.07930849274725,4.17735343922925
"7",3.30791595700042,4.14851825490016,4.07458117975143,4.1532845144756
