"","v_bh","v_daily","v_mon","v_con"
"1",6.99641472547521,6.44661453310146,6.49799669376506,6.44646795687329
"2",7.32508145942443,6.58111836359428,6.63537284184906,6.57795497679663
"3",7.6966265430635,6.87800474745237,6.94235350827787,6.8730753336679
"4",7.77548784113114,6.8294916655202,6.89370525175716,6.82647994570539
"5",7.77838059276961,6.6785711178748,6.74923350884522,6.67483495163095
"6",7.96982439833257,6.6584930165222,6.74731927227134,6.65558168911737
"7",8.04143204504619,6.64646591088415,6.74286626906339,6.64021468239972
