"","v_bh","v_daily","v_mon","v_con"
"1",3.82838575684345,4.04724907693778,4.00723235316361,4.05031525248803
"2",3.73474572475068,3.87521510237197,3.87217636360781,3.87723166103833
"3",3.75001320236512,3.92707687139689,3.91171196569883,3.92685800620744
"4",4.0575502087423,4.15729481606204,4.13146895456386,4.15862484968045
"5",3.86021454044663,4.04358052159395,4.0159957514942,4.04857747529354
"6",4.02332459081185,3.97551700466658,3.97909128533167,3.97754319434304
"7",3.69671342908332,3.70104069608464,3.71185992124423,3.69920129468591
