"","v_bh","v_daily","v_mon","v_con"
"1",34.1177161711817,40.8522424621079,40.2176476090935,40.8829004913739
"2",35.4852391434961,42.0298402946144,41.4108269925613,42.0573553749214
"3",34.1376180479402,40.0589455095273,39.5157574536861,40.084007160359
"4",35.2853836682198,41.0266166263756,40.5117079720767,41.0522589441866
"5",35.7196398264233,41.0290992489877,40.5604894048409,41.0523022360298
"6",35.1473313709232,39.6109354949598,39.205158148283,39.6295351943288
"7",38.4270754783655,42.4261904417918,42.072284204656,42.4382037491314
