"","v_bh","v_daily","v_mon","v_con"
"1",11.1018657050232,13.7112319708127,13.4419249900431,13.7213350568964
"2",10.6443117767279,12.9681063106413,12.7466171527683,12.981112949444
"3",11.3520746144035,13.6755791009641,13.4545128397078,13.6859724925614
"4",10.624891528545,12.7396311654829,12.5338730315873,12.7471328714215
"5",11.0740179947806,13.0963069069944,12.9138448852186,13.1048736449451
"6",11.3112366508357,13.0696404264357,12.9241624285006,13.0761935127469
"7",11.5931746023794,13.095571282944,12.9558342900721,13.1004857031463
