"","v_bh","v_daily","v_mon","v_con"
"1",7.43725748609971,6.50320979633434,6.58504162661669,6.49935884890462
"2",7.76918811809784,6.59095899784224,6.67364148644835,6.58485632285089
"3",7.78302132770152,6.49008613428785,6.58789030826462,6.48570045391629
"4",7.95400700252939,6.65057703269605,6.74837848358027,6.64619867046469
"5",8.45868709103333,6.88971976094991,6.98804933671322,6.88667039977158
"6",8.18807543258518,6.53836381087051,6.64371666177051,6.53438427759652
"7",8.70392654356434,6.79402708070155,6.91536655277367,6.78549998587694
