"","v_bh","v_daily","v_mon","v_con"
"1",5.44396802836176,4.88143446417083,4.92528524174779,4.87901076184808
"2",5.99848659378984,5.12531108911371,5.17951652512168,5.12534464287454
"3",5.72538857513573,4.96823845141522,5.03469160318426,4.96320805477146
"4",5.8997868167501,5.00535964022192,5.05841626591832,5.00470965192103
"5",6.19305372736723,5.17623226735872,5.24903961853393,5.17413791829636
"6",6.03135345646083,4.99342155867999,5.05678655023473,4.98836737961133
"7",5.9463197732555,4.81265529279502,4.87950847073223,4.80816254146979
