"","v_bh","v_daily","v_mon","v_con"
"1",16.1896696797901,19.3818595931286,19.0840519096934,19.3959185235305
"2",16.881115139739,20.0145147301453,19.7130575774092,20.026932320157
"3",17.1399181885338,20.0545106728052,19.7895929382234,20.0669839727493
"4",17.0152948482125,19.9268607723154,19.6612811769877,19.9376983183381
"5",17.5711085772199,20.1769320553086,19.9468664212468,20.1855415406095
"6",18.4684778215657,20.8660607895532,20.6508860635463,20.8781372733309
"7",18.1965657517894,20.2293321417885,20.0461971268999,20.2386075311394
