"","v_bh","v_daily","v_mon","v_con"
"1",6.53029224410718,8.0161832331969,7.86419813755973,8.02081863531433
"2",6.23189763839808,7.62056332166336,7.4894963779094,7.62692634084408
"3",6.99566305750458,8.32018833371203,8.19950597511399,8.32515770164669
"4",6.40035501087046,7.68592677086506,7.5692729479345,7.69137972643611
"5",7.11312563515168,8.403926795706,8.28013391397527,8.41123690881228
"6",7.18117630742124,8.08454846187999,8.00807739357329,8.08760414821888
"7",7.20025055312952,8.09454948454304,8.01766916852343,8.10010900493757
