"","v_bh","v_daily","v_mon","v_con"
"1",3.62987324698047,4.36253972569215,4.29263018509581,4.36934678738706
"2",3.76633716408166,4.40336783872898,4.33745160960423,4.40280817191415
"3",3.65858512929338,4.32437425027841,4.27234073152852,4.32473068461228
"4",3.88384749052761,4.48250177272874,4.42696047618706,4.48409932508032
"5",3.87339040720581,4.4818602747974,4.42746903625735,4.48261255098279
"6",3.83235007875897,4.32108871516514,4.2824437732725,4.32321530696347
"7",3.97909962856187,4.43294862136707,4.38811976830492,4.43413170983255
