"","v_bh","v_daily","v_mon","v_con"
"1",4.64102443016444,4.41426080510899,4.43161003580588,4.41702452084859
"2",4.7573005650623,4.44760231081335,4.47099890797902,4.44633702280922
"3",4.87436617847166,4.53974328433153,4.57141256023129,4.53974834135933
"4",4.625966543566,4.21120142493242,4.24780237036875,4.21027180804878
"5",4.90542493799011,4.39933996230809,4.41709878479771,4.39596294538208
"6",5.0048525313846,4.51719849384668,4.54357916389957,4.51402026122479
"7",5.01055049270625,4.42260980221301,4.46485112179534,4.42210349967863
