"","v_bh","v_daily","v_mon","v_con"
"1",6.38248923415376,8.08733451090532,7.91703038220646,8.0941973979234
"2",6.24282608096852,7.81492950281057,7.65794128747622,7.82172785910859
"3",6.36882686767753,8.00703336604471,7.84102327946375,8.0148823486867
"4",6.72261348555295,8.31362948506944,8.15950478026767,8.32161984721012
"5",6.44222424486695,7.93539603635683,7.78572885153763,7.94451656857948
"6",6.60782379580734,7.97116858867066,7.84109701139478,7.9815360204658
"7",6.94266149069094,8.06497326845695,7.97494843761577,8.06729768831655
