"","v_bh","v_daily","v_mon","v_con"
"1",9.66179353877067,8.01111194040583,8.13046309484385,8.00675107205953
"2",8.77618469300327,7.21451357864689,7.32203085767981,7.20997461290368
"3",9.70378211153676,7.80374543221069,7.93272320547885,7.79848767927137
"4",9.97509779291586,7.96938040755169,8.11196087513299,7.96281798230259
"5",10.9509119649282,8.39534068126177,8.57254083333262,8.38937469947831
"6",10.5052054121717,8.15121255979828,8.31617728928876,8.14200216807995
"7",10.2565544341026,7.54342418817267,7.70668534548232,7.53444559608481
