"","v_bh","v_daily","v_mon","v_con"
"1",24.0388419944701,19.9987485040665,20.2615627986784,19.9844638150965
"2",25.2998610744227,20.5858877870499,20.9001786878029,20.5738523072995
"3",24.7838885602386,20.0557993746677,20.3691343155224,20.0429232422419
"4",23.7916175219193,19.0074014576688,19.3268739238293,18.9912367677934
"5",24.2120503499616,19.0084321439911,19.3505724463478,18.9912286623188
"6",25.8514596268357,19.6519979242104,20.0384556793477,19.6326194571166
"7",27.7178703287943,20.4997169032266,20.9381333937723,20.483015155862
