"","v_bh","v_daily","v_mon","v_con"
"1",4.49560854375623,5.39738679557368,5.31832098646046,5.40421249630602
"2",4.62246939199262,5.43898240684241,5.35788696463867,5.44123287693705
"3",4.82206426984397,5.6446205727589,5.57555987493946,5.65130648027857
"4",4.63783554773294,5.3492794995074,5.28273547802922,5.35205029998368
"5",5.1412773901093,5.76289175285802,5.69822134718795,5.76917262876717
"6",5.18641443572442,5.77153229933396,5.7160728792024,5.77245269242353
"7",5.06083893469992,5.50820974523079,5.48582896117544,5.51118115112115
