"","v_bh","v_daily","v_mon","v_con"
"1",3.2275167280313,3.86344535779676,3.80446864367341,3.8644654086533
"2",3.06428380022728,3.81574203208082,3.75130306845628,3.81564314258031
"3",3.21267893980942,3.84877343305899,3.78385927427232,3.84900828572636
"4",3.41081207334579,3.97812433092987,3.93191534491524,3.98236581230759
"5",3.30856353614458,3.77983741247991,3.74302694025967,3.78224087749914
"6",3.35176713144167,3.92280139899033,3.86300235098386,3.9279903345141
"7",2.98175903081559,3.67183104016229,3.6211059997718,3.67157074802491
