"","v_bh","v_daily","v_mon","v_con"
"1",4.49763223152373,4.58947187054445,4.58373854672055,4.5871586414228
"2",4.30072345997863,4.47953335303133,4.46972135591575,4.47896812947187
"3",4.26072218732155,4.41515690934825,4.41369794125881,4.4173416488787
"4",4.04666707367178,4.29524972637523,4.26849129063992,4.29458317738288
"5",4.29606135460528,4.35526424512346,4.35541221833375,4.35684786198586
"6",4.82905067820664,4.71448650264862,4.72309355460345,4.71504551160414
"7",4.47392771030563,4.29963060794198,4.29329534484767,4.29825521192893
