"","v_bh","v_daily","v_mon","v_con"
"1",8.23532575567086,9.99647746534839,9.80627829088475,10.0052469083466
"2",8.86564912779599,10.5737054599496,10.3955300238455,10.5797864486411
"3",8.33323680914678,9.88772112193037,9.73492239582661,9.89394420587075
"4",8.33396980273674,9.79053632224845,9.64985189503563,9.7979420979858
"5",9.12400013288255,10.476864412335,10.3545211990402,10.4808325050951
"6",8.91949310598982,10.2597720417129,10.1345811020746,10.26302180728
"7",8.87158480128658,9.94784763709648,9.86048821288219,9.95265780802435
