"","v_bh","v_daily","v_mon","v_con"
"1",5.58847508443631,5.53461701614347,5.54207425701737,5.5316438845931
"2",5.86693173488305,5.68934994701586,5.70948727051472,5.68736624866276
"3",6.19756936735484,5.88624384192354,5.91334642929195,5.88688409287934
"4",5.8399876291592,5.49604013189092,5.53542022150654,5.49894391045105
"5",5.81493505101562,5.40671141612004,5.43360511881401,5.40324117157053
"6",6.04196326900738,5.54828855233338,5.58450151265142,5.54623625263234
"7",6.19715554161761,5.54111040410226,5.58719547341521,5.5376399138917
