"","v_bh","v_daily","v_mon","v_con"
"1",11.2692541018174,13.4291971858687,13.22668639884,13.4422007792919
"2",11.3792565537943,13.4095755937752,13.2466522812062,13.4182647420068
"3",11.4520699137302,13.1886165571649,13.0427594952237,13.1985411459801
"4",11.7646031629617,13.4827088118618,13.3266711945207,13.4908612690962
"5",11.7301014756472,13.2095615609351,13.0842745835301,13.220672352842
"6",11.6642868052588,13.0379540318852,12.9146645682128,13.0434249909702
"7",12.6212832571565,13.7422470541173,13.6387139009531,13.7476260439804
