"","v_bh","v_daily","v_mon","v_con"
"1",4.47851701404295,4.27067402980566,4.27761898752934,4.26911278865043
"2",4.88913452467314,4.41649075333515,4.44373980477732,4.4120000761915
"3",4.85421773895807,4.32225683782863,4.34958207313152,4.32016227014307
"4",4.41212036903123,4.17946411314487,4.19579163084653,4.17942926192463
"5",5.23385883547168,4.46984022272132,4.52078362061128,4.46816904226927
"6",4.95149234430704,4.35737657173192,4.40798350394562,4.35893078971486
"7",4.93076986343794,4.27232603742061,4.31343899340024,4.27401266608174
