"","v_bh","v_daily","v_mon","v_con"
"1",5.39722721512632,4.97097946560309,5.00134765953742,4.96745925468207
"2",5.58842174324523,5.05672149148155,5.10362293306868,5.05965809259889
"3",6.05722553398653,5.22382536216322,5.28831391101654,5.2238221685064
"4",4.96028504283786,4.51067599136067,4.56351022076045,4.50682461347279
"5",5.91503068292245,5.12323960462188,5.175800007589,5.12174491085582
"6",6.03616079033775,4.97359406441864,5.0446035297574,4.97156600738346
"7",5.96351638964924,4.90605731179752,4.98082619523517,4.9016861628756
