"","v_bh","v_daily","v_mon","v_con"
"1",15.7687931304347,20.00522489272,19.5792441276122,20.0253002462318
"2",15.0328429436264,18.9686447766525,18.5827784575578,18.9878020349619
"3",16.0157145029176,19.9591616963839,19.56715427559,19.9772817697575
"4",16.1867486734322,19.9511668118516,19.5839856332417,19.970651548853
"5",16.2801919929504,19.8927401253593,19.531975544617,19.9081918677648
"6",17.0678285038338,20.5083381080314,20.1775820935145,20.5226762291994
"7",16.9181920067526,19.9062229297984,19.6150328377088,19.919054851027
