"","v_bh","v_daily","v_mon","v_con"
"1",8.47040570535876,9.93828171702071,9.79835088634709,9.94463202221834
"2",8.4897343456311,9.82697399460989,9.71215240157347,9.83320912562093
"3",8.61025421663968,9.80427077100575,9.69184778247454,9.80702548103399
"4",8.74162514224997,9.84318394543713,9.75929746444388,9.8485396252228
"5",9.15829855141157,10.1696958678413,10.0807135978593,10.1733486942727
"6",9.08588667945585,9.97148652412437,9.90784352032865,9.97203649220125
"7",9.05881034164696,9.71347614257948,9.65914898415137,9.71595649288482
