"","v_bh","v_daily","v_mon","v_con"
"1",9.65102106312403,10.2773615653702,10.2201355680288,10.2778589370566
"2",9.07812026735017,9.62917718632738,9.56911378859377,9.63142571084254
"3",9.05404107265478,9.43928125552699,9.40469564353042,9.44074249582429
"4",9.22389607641588,9.62689640840018,9.58716425877602,9.62750726006943
"5",9.73500616310733,9.84747829642916,9.85049587773353,9.84956050326269
"6",10.3640843259868,10.191086991994,10.2053196611598,10.1907102412625
"7",10.5037652596718,10.1930259770275,10.2244823721375,10.1915423930153
