"","v_bh","v_daily","v_mon","v_con"
"1",34.4589023449895,38.7994554636719,38.4188161238519,38.8176817187224
"2",37.90756372459,42.1168894900778,41.7204490242385,42.1338175938749
"3",36.1069312887823,39.7038721214343,39.3790945875701,39.7191643509228
"4",34.7984199422502,37.9416330973569,37.6556374255709,37.9553440405297
"5",35.2644859133767,37.9439023354831,37.7006858639595,37.9554292756151
"6",39.9576279375587,42.0925101808053,41.8945963334514,42.0994555172694
"7",38.4875328062448,39.8474982938162,39.7359178803676,39.8541185233019
