"","v_bh","v_daily","v_mon","v_con"
"1",49.9412967903519,39.0337416082203,39.7410931452545,39.0005506992975
"2",49.4198572311217,37.8162324065928,38.5459575577405,37.785690861582
"3",53.5573294558068,40.4970286284597,41.3250958296753,40.4589548367344
"4",53.7508093765179,40.1672998191637,41.0097193074325,40.1304067999455
"5",54.7414683859479,40.1697641464362,41.0602258708251,40.1305905801852
"6",57.7571589656293,41.0465036870421,42.0528402645203,41.0033529685408
"7",59.2618347632493,41.0893463337172,42.1477830394045,41.0428665161171
