"","v_bh","v_daily","v_mon","v_con"
"1",7.93812086141455,7.81591675635709,7.82217600959901,7.81528987804158
"2",8.64861993275935,8.18099345081698,8.2108971688308,8.17775107073245
"3",8.17205550369864,7.82723161633566,7.85145352050987,7.82500900341481
"4",8.72328603376921,8.28074782122272,8.31227569928378,8.27636351954029
"5",8.6597068682882,8.06531154135705,8.12235263838297,8.06379408762055
"6",8.66484813443372,7.95723079848958,8.01610191647624,7.95254241967083
"7",8.68472659581151,7.68482359739742,7.75757658318556,7.68480238624841
