"","v_bh","v_daily","v_mon","v_con"
"mean",1353991.1987188,1330338.40855458,1332444.72259489,1330141.7838867
"sd",287582.683385374,233636.948004786,238402.316437995,233383.761746372
"skewness",1.12561314420895,0.477228657165489,0.548050129599233,0.475579304278522
"kurtosis",2.88386800836615,0.606191979606982,0.77343157469152,0.602237912167721
