"","v_bh","v_daily","v_mon","v_con"
"mean",903955.823542107,884356.984824864,885740.779976585,884227.072735174
"sd",118081.567351952,145389.584797489,143196.324456203,145517.179243265
"skewness",0.916740244225877,0.415533280375991,0.446443353537504,0.413185887168649
"kurtosis",1.32604588910522,0.20733053671946,0.287833081585753,0.202391842167226
