"","v_bh","v_daily","v_mon","v_con"
"mean",1128894.77903308,1129084.90649197,1128731.93700188,1129155.43565737
"sd",203950.68196867,195492.978382664,196418.913862334,195440.962583986
"skewness",0.996139318351664,0.472288063449082,0.517869262053298,0.469391016703725
"kurtosis",1.48182800410119,0.26467708523695,0.331109605904106,0.263021351363229
