"","v_bh","v_daily","v_mon","v_con"
"mean",1165546.43779752,1164213.63457882,1164667.92845279,1164248.06246065
"sd",216597.958056648,202138.564042195,203246.619069991,202018.056048012
"skewness",0.881649524129492,0.436471528904591,0.480578051380296,0.434676368471841
"kurtosis",0.755218558079724,-0.0731539415762148,-0.0102016716675286,-0.069280977293567
