"","v_bh","v_daily","v_mon","v_con"
"mean",1192586.83213991,1189659.84765301,1189902.48651464,1189624.24264378
"sd",229944.376200498,206125.476901567,208167.829847662,206086.442978595
"skewness",1.15798500423167,0.653771822672254,0.695560935932774,0.653708388242329
"kurtosis",1.76257218308313,0.403777843866461,0.494179707073865,0.400435686484828
