"","v_bh","v_daily","v_mon","v_con"
"mean",1034833.31850424,1032562.88426681,1032996.85818342,1032529.58000384
"sd",177031.207555182,183718.038497032,183193.34495984,183680.36980243
"skewness",1.12675809773124,0.571013768382588,0.610178803292386,0.570768471270597
"kurtosis",1.99505825064726,0.405580039286102,0.490266816459173,0.407637604172008
