"","v_bh","v_daily","v_mon","v_con"
"mean",1296951.26871713,1282988.65146372,1284146.64528145,1283041.95558184
"sd",262678.155940024,219812.938887673,222602.746333474,219662.616658336
"skewness",1.15537878382148,0.57621876812514,0.636295153566382,0.573337186474391
"kurtosis",2.45171087995163,0.569830078405813,0.715721879573138,0.560542022355466
