"","v_bh","v_daily","v_mon","v_con"
"mean",1268789.38682677,1258858.22104447,1259828.09527477,1258778.57096942
"sd",246431.94071598,214696.651648147,216767.542314115,214629.650699989
"skewness",0.833852176378047,0.324111728604904,0.367249934225029,0.321693737097436
"kurtosis",1.04604513309947,0.127039304334389,0.184029162479896,0.118899391246972
