"","v_bh","v_daily","v_mon","v_con"
"mean",1098776.80433853,1098910.37365405,1099230.84593577,1098862.7463493
"sd",193061.186996001,193379.789213264,193353.495317855,193352.098022579
"skewness",0.755033807625095,0.262242863561744,0.294291486509083,0.263029282224893
"kurtosis",0.665209837186325,-0.0467214199132093,-0.025488082777299,-0.0443745103216244
