"","v_bh","v_daily","v_mon","v_con"
"mean",884606.723223154,858055.593201712,859736.012691826,857913.717973354
"sd",120968.400951145,151901.972647119,149051.513025528,151918.654187298
"skewness",1.14572334528517,0.490574974722313,0.529060207597909,0.486437664796333
"kurtosis",2.45515791260055,0.750503850401467,0.822515645407737,0.736571578283008
