"","v_bh","v_daily","v_mon","v_con"
"mean",1054547.46951892,1054117.97035695,1054231.19526701,1054037.57674708
"sd",180851.37227767,183339.952869671,182479.600855683,183329.790854888
"skewness",1.19644034479993,0.611175330629221,0.634653201090664,0.61167892417208
"kurtosis",2.25741721852353,0.640381746281882,0.698584488307447,0.643256563734151
