"","v_bh","v_daily","v_mon","v_con"
"mean",927437.343875653,910217.765301279,911246.647763381,910188.970712637
"sd",144354.155875371,166745.872524886,164436.253523845,166784.547032271
"skewness",1.73728535201482,0.718734275191551,0.764569677508397,0.714986457656598
"kurtosis",8.87255919106545,1.7851922937168,2.03282608015719,1.76931887595873
