"","v_bh","v_daily","v_mon","v_con"
"mean",1116430.93121945,1115245.58190707,1115172.38854205,1115170.06417103
"sd",200104.764262636,201250.21246252,201003.20528204,201228.960135791
"skewness",1.09120654435161,0.547725243846241,0.583212722874972,0.545414616761822
"kurtosis",1.67029977301549,0.344728399389339,0.382590592293267,0.342179284539276
