"","v_bh","v_daily","v_mon","v_con"
"mean",1337697.47601093,1325046.19652426,1326713.98855036,1324928.62614119
"sd",271574.552803595,231131.422631382,234904.593425178,230916.093897538
"skewness",1.06051812089918,0.515859370976319,0.561027647744316,0.511069549547242
"kurtosis",1.71451489339554,0.396493725313661,0.482627692323238,0.381726528840427
