"","v_bh","v_daily","v_mon","v_con"
"mean",1077482.97237472,1075807.31636345,1076188.77307345,1075790.64127124
"sd",176221.936713609,185444.685433499,184616.965584177,185452.111504945
"skewness",0.949735876290568,0.471703853822047,0.497964780717126,0.470454496031921
"kurtosis",1.02949139021109,0.12305757714329,0.160601224018766,0.119199060603671
