"","v_bh","v_daily","v_mon","v_con"
"mean",1265104.30924986,1258064.76024459,1259178.02114506,1257880.16035287
"sd",259563.576565146,233333.132424968,235416.364309082,233191.08062543
"skewness",0.943287900659656,0.446477129025731,0.493915488524689,0.445951297031688
"kurtosis",0.971669568854876,0.0337892119677976,0.0951769417998349,0.0293324071929675
