"","v_bh","v_daily","v_mon","v_con"
"mean",957969.409213728,938716.596693863,940270.201716867,938652.464976252
"sd",138834.307079031,164636.23817359,162859.117584286,164797.221483348
"skewness",1.23986406256889,0.630245505356055,0.673285063428497,0.629458508773476
"kurtosis",2.58083129802587,0.716838691784994,0.824107678681639,0.712020819083587
