"","v_bh","v_daily","v_mon","v_con"
"mean",930709.193402919,904920.494026517,907223.548416744,904836.800601825
"sd",126278.100924955,157560.047206501,155451.636859994,157789.821064674
"skewness",0.991812581766998,0.476670648081667,0.512186534872541,0.476699330737407
"kurtosis",1.52183098693783,0.180356751383146,0.270387189246611,0.179656091318396
