"","v_bh","v_daily","v_mon","v_con"
"mean",1052474.29255259,1048789.09162359,1048878.6001541,1048891.08098047
"sd",166475.444063913,179459.168535913,178390.923530436,179478.635263002
"skewness",1.04463496138055,0.474038350755061,0.524290704809215,0.472744176565411
"kurtosis",1.9073907954946,0.458288030345573,0.5980989058908,0.451995841696545
