"","v_bh","v_daily","v_mon","v_con"
"mean",913703.721501646,882904.709577923,885457.638167778,882789.261338117
"sd",121283.653098379,154721.214221042,152093.458275972,154843.557676971
"skewness",1.00019718353558,0.516235310827079,0.549327793261802,0.513289596153383
"kurtosis",1.2770513608099,0.150186686052936,0.220850768625285,0.138975230158123
