"","v_bh","v_daily","v_mon","v_con"
"mean",1033136.63407084,1026336.55518416,1026656.382531,1026258.05707578
"sd",165297.47792256,182527.38004003,180970.183679313,182576.711583288
"skewness",0.986264936777553,0.427187671715284,0.464632729900567,0.426158076004418
"kurtosis",1.72486792642813,0.24605137142879,0.338818134009342,0.245387106689972
