"","v_bh","v_daily","v_mon","v_con"
"mean",1127961.51665994,1128616.46606501,1128473.1313118,1128731.67511367
"sd",193475.084633776,193428.880415553,194087.537233101,193469.21969203
"skewness",1.1297745357384,0.48774264057867,0.530484139466613,0.486061754051169
"kurtosis",2.68766438812471,0.681207923975532,0.745345349320048,0.6842017947598
