"","v_bh","v_daily","v_mon","v_con"
"mean",1246186.33075896,1237351.7258236,1238031.79626823,1237360.99823028
"sd",180130.528002496,157097.668946239,158716.771279502,157089.317836019
"skewness",0.880510706067431,0.492723825807837,0.528105499145488,0.491272587394373
"kurtosis",1.04890174069336,0.327316612665022,0.372597937489194,0.322150981003455
