"","v_bh","v_daily","v_mon","v_con"
"mean",914517.695170916,895542.685013514,897078.62360013,895491.211992981
"sd",93008.2609930743,112712.936449144,111453.560309022,112778.220509344
"skewness",0.813320416939463,0.388768452457637,0.426624566215911,0.3885901299473
"kurtosis",1.2580269134972,0.401082062425535,0.468212861689051,0.402636920266541
