"","v_bh","v_daily","v_mon","v_con"
"mean",1310638.97405956,1292931.39812239,1294504.99666966,1292919.2289222
"sd",201110.016499055,167592.882028692,170000.547931184,167465.319291418
"skewness",0.919425337573445,0.51811817039893,0.54737673752216,0.516945485454726
"kurtosis",1.2750360800795,0.344712132734665,0.403214872592176,0.342125968197
