"","v_bh","v_daily","v_mon","v_con"
"mean",935772.105646899,920960.534598786,922106.301358566,920918.311603098
"sd",100228.721835355,118183.123379705,116827.715998523,118280.004075905
"skewness",0.753965468130235,0.372087010005231,0.399652205922964,0.371685031453654
"kurtosis",0.74089467606681,0.14353504614943,0.178139733884304,0.1481686547041
