"","v_bh","v_daily","v_mon","v_con"
"mean",1036193.63987429,1034171.55504827,1034443.13341372,1034127.72418875
"sd",123819.488336246,130524.779544215,129977.955144195,130553.429380457
"skewness",0.730072213181838,0.323412328528035,0.358316655921727,0.322729523516873
"kurtosis",0.978245596694378,0.245376553922339,0.302639679509824,0.243729433785833
