"","v_bh","v_daily","v_mon","v_con"
"mean",1109557.24499508,1109826.77457788,1110054.5946893,1109797.84803873
"sd",139125.311232396,136970.83971271,137190.246375813,136979.349879101
"skewness",0.668845766873398,0.30365886838398,0.334173513844289,0.303319645601297
"kurtosis",0.618839749406161,0.0743823140476985,0.113352941149223,0.0725839322029489
