"","v_bh","v_daily","v_mon","v_con"
"mean",1272851.82795942,1261422.32255325,1262249.49055121,1261345.78424341
"sd",177248.374565601,156028.791032804,157622.039412881,155960.376043033
"skewness",0.388273108164259,0.0553282016495999,0.0865359523454687,0.0530073954967768
"kurtosis",0.0138892748716168,-0.183761711901472,-0.172266433323896,-0.182734277398658
