"","v_bh","v_daily","v_mon","v_con"
"mean",1018731.0785228,1014361.03585563,1014723.37788523,1014319.75658749
"sd",129332.200401171,136384.498085998,135637.611357869,136429.49705463
"skewness",1.02711688289815,0.584511618552084,0.607932454199393,0.583564802926228
"kurtosis",1.64463631955365,0.566935513961525,0.596934133192639,0.56200221420913
