"","v_bh","v_daily","v_mon","v_con"
"mean",860383.629927821,826931.636092221,829372.088589186,826787.798686523
"sd",76322.6252869693,100341.988862906,98412.328912743,100419.179020998
"skewness",0.696093360502411,0.392904097547183,0.409008826099002,0.393019664356273
"kurtosis",0.256004553369882,-0.155705028401468,-0.141219948930141,-0.151793239261948
