"","v_bh","v_daily","v_mon","v_con"
"mean",1145779.13782951,1145320.09208166,1145530.07630885,1145345.66873047
"sd",147404.396309931,139695.868580053,140771.115381092,139692.851870352
"skewness",0.774191515985923,0.423466838535589,0.461377585307129,0.422209640462539
"kurtosis",0.689712523428922,0.139715777077945,0.191209745249655,0.137969764985847
