"","v_bh","v_daily","v_mon","v_con"
"mean",1066778.9934622,1066875.91024955,1067252.36178473,1066865.67562404
"sd",125500.238284387,129074.48070091,128859.444943669,129055.272405335
"skewness",0.592851139404974,0.24832578918304,0.283994105413435,0.246470202010298
"kurtosis",0.455036528640317,-0.0389731943833254,0.0160479414752426,-0.0405475713797001
