"","v_bh","v_daily","v_mon","v_con"
"mean",1195494.45794445,1191487.48948687,1192014.3163863,1191496.25161076
"sd",165378.898450242,151052.004484526,152311.914276308,150952.210991295
"skewness",0.773299901743661,0.367502403506608,0.407340277594453,0.364647613392727
"kurtosis",1.09593168705052,0.274454330078471,0.337428853415132,0.272793544787439
