"","v_bh","v_daily","v_mon","v_con"
"mean",972758.854481983,964557.442740539,965225.837007678,964522.572574963
"sd",106844.384847838,120198.525855912,119090.112573743,120298.995476112
"skewness",0.868086458929839,0.385967902321988,0.419198444641403,0.38648157274471
"kurtosis",2.0031931704187,0.642134168955466,0.702412294681994,0.647262708303489
