"","v_bh","v_daily","v_mon","v_con"
"mean",969749.476047084,969621.423442372,969613.734691853,969624.569533246
"sd",49667.6860522303,49978.1017195598,49949.4302432272,49977.1811443368
"skewness",0.39097616311198,0.242054673775277,0.250963548252082,0.241465585806818
"kurtosis",0.150081134086665,-0.0108985358814326,-0.00257030899976218,-0.010943992375481
