"","v_bh","v_daily","v_mon","v_con"
"mean",1075647.51594546,1071373.79452546,1071767.7498438,1071355.9589357
"sd",59347.1523407444,54166.3499789375,54550.4922977882,54152.3367980966
"skewness",0.329136111418254,0.167544188313395,0.180728755207797,0.167455841541546
"kurtosis",0.360116251156898,0.137424557288915,0.152046841899434,0.139452554167395
