"","v_bh","v_daily","v_mon","v_con"
"mean",1203270.66872697,1182438.85322397,1184078.98028753,1182369.42920832
"sd",71279.0984935828,59079.066825588,60065.71916294,59038.9686401583
"skewness",0.228782361039086,0.104259211743261,0.117281644638619,0.103919081220482
"kurtosis",-0.267981067703684,-0.32134498420466,-0.31528692522097,-0.320921933872861
