"","v_bh","v_daily","v_mon","v_con"
"mean",1043964.96218411,1042040.61480139,1042197.36287784,1042026.74145137
"sd",54905.0371262074,51627.7787198091,51895.6191473459,51620.7567451751
"skewness",0.237030505964756,0.0854073538295058,0.0985438414693052,0.0846924585196421
"kurtosis",0.148821126408911,0.049343094485268,0.0514818854481018,0.0492882417497418
