"","v_bh","v_daily","v_mon","v_con"
"mean",994339.306726351,994187.216645499,994213.161919894,994187.746835102
"sd",51637.9291294781,50807.529047485,50890.4625737439,50806.5819070551
"skewness",0.288210360892969,0.143582448933945,0.153859363026206,0.142488536312349
"kurtosis",-0.0191969171007211,-0.0672616509274193,-0.066422235185752,-0.0682610221036692
