"","v_bh","v_daily","v_mon","v_con"
"mean",811085.348437073,793461.986599011,794846.607794351,793393.955700289
"sd",31193.8451414528,38327.9768624902,37755.2643472776,38354.8627363347
"skewness",0.399838779826841,0.269147843381113,0.274943157573139,0.268765751275889
"kurtosis",-0.00864036300100146,-0.11376694558155,-0.111467779714529,-0.114220110694247
