"","v_bh","v_daily","v_mon","v_con"
"mean",1231398.18308525,1205527.46856461,1207593.50373462,1205435.20572476
"sd",74968.6898905745,60676.7094509551,61760.6425475604,60628.8065448942
"skewness",0.413741982088183,0.285530285619484,0.294885826871627,0.284211564909571
"kurtosis",-0.0773955138786699,-0.195334534451896,-0.189940742247359,-0.197564607173587
