"","v_bh","v_daily","v_mon","v_con"
"mean",1136908.22178057,1126119.76840003,1126946.55874459,1126081.76419016
"sd",63422.8425597194,55135.6071501303,55817.6383012456,55101.0255278546
"skewness",0.294510068800573,0.143733093245668,0.155544698012924,0.143625334732864
"kurtosis",0.187819165168725,0.0697147909148055,0.0778682139932014,0.0710634154819112
