"","v_bh","v_daily","v_mon","v_con"
"mean",1322265.95090006,1277170.35693146,1280771.51979035,1277014.22101704
"sd",87958.4757093917,67330.6064808311,68922.4984689763,67254.4520248155
"skewness",0.343814435594478,0.211319959963933,0.224459487529577,0.210682938643945
"kurtosis",-0.184617875745842,-0.26277005795235,-0.256044688432828,-0.26313700449797
