"","v_bh","v_daily","v_mon","v_con"
"mean",794063.389481934,772135.135679973,773863.535871541,772058.12518195
"sd",29822.3459200926,37724.0674178096,37088.3975937134,37752.4300229014
"skewness",0.324971034525797,0.185595218808382,0.191645952253185,0.185397182498434
"kurtosis",0.0861420636558852,-0.0745060450977881,-0.0699299963019833,-0.0752547474634016
