"","v_bh","v_daily","v_mon","v_con"
"mean",1281438.76782267,1245692.2575668,1248545.61374986,1245566.7639893
"sd",76516.15979729,60350.4239108195,61633.4849437336,60301.9861117295
"skewness",0.153400650453192,0.00760992133581396,0.0245245793599694,0.00686998015093678
"kurtosis",0.0190594669314708,0.0198451146555523,0.0216819456701511,0.0198330956932304
