"","v_bh","v_daily","v_mon","v_con"
"mean",860986.946187138,852685.322360561,853344.144227186,852648.130903935
"sd",38797.7765211641,44448.4567030189,43984.2539923713,44462.025372847
"skewness",0.35981367920393,0.173765853036002,0.18715988418847,0.173514670497936
"kurtosis",0.653720918823499,0.383907071335841,0.396632468231008,0.381616577074843
