"","v_bh","v_daily","v_mon","v_con"
"mean",1171380.85776455,1155630.4572678,1156860.04006589,1155576.83735358
"sd",69517.986333434,58927.1717423228,59776.0288115716,58886.7637046604
"skewness",0.271421439693133,0.118212082115998,0.131350640632267,0.116861357072032
"kurtosis",0.138652247230247,0.029639588184426,0.0309611814636517,0.0291345779433998
