"","v_bh","v_daily","v_mon","v_con"
"mean",843130.264975289,831985.276168128,832852.72662597,831943.585332851
"sd",35759.4985910343,42066.4821047481,41580.1911178896,42087.600739473
"skewness",0.235915042819984,0.108293569120271,0.118037486243018,0.107518768505353
"kurtosis",-0.235507357888542,-0.295256199162682,-0.289978697720175,-0.29527886456413
