"","v_bh","v_daily","v_mon","v_con"
"mean",857671.717950599,847638.087190312,848371.36578773,847534.130398661
"sd",160079.058649387,184897.597554953,183118.268564435,184902.728665743
"skewness",1.27257675659646,0.571735394208178,0.613314258912785,0.568528094388571
"kurtosis",2.42764864677836,0.543963451639249,0.655521229587578,0.534083726883925
