"","v_bh","v_daily","v_mon","v_con"
"mean",976890.409664551,979389.792541635,979685.393250111,979388.404524625
"sd",211776.722111316,210556.264422344,210298.938196033,210463.868925824
"skewness",1.36515861193039,0.64312598623609,0.69608026905508,0.635692211002531
"kurtosis",3.19174940502241,0.67826249198309,0.834222439488272,0.649848639878489
