"","v_bh","v_daily","v_mon","v_con"
"mean",1260864.30329122,1235125.4898421,1237220.16061775,1234818.99653679
"sd",347159.812893353,276158.184277302,281962.854313327,275768.058001941
"skewness",1.2151143922558,0.550674178352936,0.616944128786071,0.544809018626839
"kurtosis",2.33005178357799,0.300039225032951,0.439309313736555,0.288025590674817
