"","v_bh","v_daily","v_mon","v_con"
"mean",1283439.39003829,1250587.72537548,1253955.05284999,1250364.1165684
"sd",375837.317695101,291433.769555725,297940.346517787,291181.500573103
"skewness",1.23816476149607,0.643040161951789,0.69391479040841,0.640652872256234
"kurtosis",1.8421114438704,0.165081510808144,0.247445480956799,0.166067221953835
