"","v_bh","v_daily","v_mon","v_con"
"mean",938228.304967604,936154.400620689,936265.394119026,936145.023624759
"sd",204489.716078594,213815.49708125,213875.144193179,213774.201114443
"skewness",1.24766266983762,0.545074858469969,0.595556359611915,0.541205411536576
"kurtosis",2.33321437433162,0.381682512135981,0.451934324780674,0.373940239464786
