"","v_bh","v_daily","v_mon","v_con"
"mean",1203150.99505077,1185960.40873745,1187417.93753171,1185878.63439561
"sd",325429.097718465,270773.639107456,275408.603884547,270672.066537484
"skewness",1.11959324263198,0.485450542379874,0.542672826264421,0.482409837058863
"kurtosis",1.76672555844879,0.0954534097077295,0.189390694041259,0.0911446417033619
