"","v_bh","v_daily","v_mon","v_con"
"mean",1001113.76651796,1001528.90310193,1001147.08426946,1001487.90693817
"sd",234963.398809932,226838.801805975,226827.27671752,226717.330590082
"skewness",1.40300635451511,0.66768530783927,0.713854068178652,0.668812421273593
"kurtosis",2.87881870453485,0.671425375867987,0.789393766110777,0.678869094612754
