"","v_bh","v_daily","v_mon","v_con"
"mean",955273.233435912,954850.560089849,954594.556517241,954720.123869369
"sd",211487.253782936,215593.726327444,215398.346818592,215408.765400586
"skewness",1.34731121650375,0.610838135736652,0.669978970522252,0.607132794619758
"kurtosis",2.90212570916465,0.612946210128239,0.762747345672202,0.606985800439312
