"","v_bh","v_daily","v_mon","v_con"
"mean",871233.044224673,862996.585558886,864477.735286088,863010.218333371
"sd",172852.358382317,190478.254750458,189878.383938873,190451.092057646
"skewness",2.22138151590853,0.77800649021299,0.878555047461648,0.778163166181211
"kurtosis",14.4511924814917,2.22443070829943,2.95261849580644,2.22131031500807
