"","v_bh","v_daily","v_mon","v_con"
"mean",835040.794952326,818636.017409117,820504.733729006,818544.822734662
"sd",162110.414070189,186738.591789535,185319.188017201,186701.118473289
"skewness",2.00400937977454,0.852216706405801,0.922591739677396,0.846603416636759
"kurtosis",8.65522955911735,1.88985603196322,2.21770429851773,1.8743363538016
