"","v_bh","v_daily","v_mon","v_con"
"mean",912629.973962807,910024.450650866,910125.714240694,909978.546779828
"sd",187230.491216185,200457.249155855,199090.697295246,200446.914312293
"skewness",1.33112870608906,0.6082152860313,0.634515516137441,0.608881526613958
"kurtosis",2.83225545783185,0.573655683230226,0.605283472234517,0.570827024772022
