"","v_bh","v_daily","v_mon","v_con"
"mean",1035196.40561035,1035272.79229538,1035347.4397234,1035030.70839875
"sd",244702.526350266,234319.210139889,235175.171100159,234109.542234988
"skewness",1.06632099213807,0.456879348996263,0.498107215464667,0.454145843344179
"kurtosis",1.37682856532433,0.0602022004990803,0.113407279682945,0.0590216460000428
