"","v_bh","v_daily","v_mon","v_con"
"mean",1219495.4604998,1196186.32106495,1197689.05411571,1196091.31682102
"sd",357378.853531106,288356.234426408,293033.096186305,287951.329252793
"skewness",1.3526588895922,0.647630452330511,0.718669614712412,0.644726229659813
"kurtosis",2.79830326076108,0.384307112815698,0.542337665056008,0.384887334223449
