"","v_bh","v_daily","v_mon","v_con"
"mean",1162928.55942598,1150776.16745193,1151485.81423703,1150641.41621408
"sd",317862.921957098,266113.916337801,269521.062713802,266060.825546467
"skewness",1.33809849113698,0.692484185088014,0.739157752973505,0.692584746218457
"kurtosis",2.16275959811245,0.439228268663114,0.532433504704678,0.4409577764735
