"","v_bh","v_daily","v_mon","v_con"
"mean",1104291.66250008,1103755.46299732,1103345.45646555,1103737.24444082
"sd",264116.766419641,254352.496581523,255051.85973391,254274.897520964
"skewness",1.3553991325717,0.665940671968649,0.720984656305546,0.661784337274604
"kurtosis",2.58526014937807,0.510321831047521,0.632034046497323,0.49566689694069
