"","v_bh","v_daily","v_mon","v_con"
"mean",1179135.26940062,1176020.46913315,1176824.54681471,1175958.72529132
"sd",303359.036046949,270460.392396915,273769.168017595,270361.005761581
"skewness",1.66917720475253,0.770401855717153,0.840720642715778,0.765506892455741
"kurtosis",5.206972221941,1.2057154537621,1.41676820364932,1.17485867184308
