"","v_bh","v_daily","v_mon","v_con"
"mean",1012002.49354636,1007202.98193578,1008356.15136419,1007168.63511248
"sd",223456.246303901,234093.65979286,234213.461327762,234132.196199555
"skewness",1.47025424716001,0.707574002065769,0.773385761294939,0.704649067623552
"kurtosis",3.24552384371213,0.747711112948883,0.883628472072365,0.741102392937485
