"","v_bh","v_daily","v_mon","v_con"
"mean",1335911.96743381,1317974.92008441,1320139.88892844,1318035.39665087
"sd",350359.146537988,285682.1975376,290321.080890868,285867.763591406
"skewness",1.16151956104365,0.6106101363726,0.648590182405379,0.611903725445493
"kurtosis",1.4974144588783,0.11222724386036,0.179031470926338,0.120871201676491
