"","v_bh","v_daily","v_mon","v_con"
"mean",1137901.15738212,1137598.57449789,1137632.24717613,1137445.72202832
"sd",278802.976867133,258645.631021487,260276.136560091,258500.701581653
"skewness",1.45756686697444,0.744343049666615,0.788299268018484,0.739691781333486
"kurtosis",3.05044270052358,0.726817403282112,0.80364467205224,0.712068005690588
