"","v_bh","v_daily","v_mon","v_con"
"mean",1402629.79401565,1372170.09569653,1375063.87463572,1372025.0833931
"sd",391525.761478166,301955.825890635,308939.409190641,301489.84194803
"skewness",1.58745558632359,0.747625820621487,0.840169596341936,0.738182195543285
"kurtosis",4.62427982849557,1.12976595208183,1.45754932490918,1.09424525057532
