"","v_bh","v_daily","v_mon","v_con"
"mean",1038824.86487864,1040468.00818177,1040335.89462116,1040481.68701858
"sd",215119.892936064,220695.93530435,220265.781863918,220672.67101831
"skewness",1.35689059693481,0.698780228269243,0.735105535317717,0.692954636364551
"kurtosis",3.24251941905488,0.526682858234746,0.61446983814193,0.508188997737561
