"","v_bh","v_daily","v_mon","v_con"
"mean",1050887.53391405,1045955.84127546,1046546.68898857,1046116.26781019
"sd",260435.722031164,254537.627495526,256235.731975738,254554.161264001
"skewness",2.05197924997,0.919711350867899,1.01961832110262,0.914236379303994
"kurtosis",7.89003369297441,1.93909405841656,2.34622370472218,1.91986961779855
