"","v_bh","v_daily","v_mon","v_con"
"mean",954607.476616697,945017.377652946,946033.995095014,944812.088090262
"sd",190736.384464979,209204.306372688,208213.384419844,209306.124787731
"skewness",1.93606985877991,0.895789273237436,0.994848924812245,0.892174260240091
"kurtosis",7.71256565464261,1.85336069110849,2.37255208405233,1.8320703827791
