"","v_bh","v_daily","v_mon","v_con"
"mean",891443.716362905,865224.082890639,867471.206931442,865147.140952334
"sd",170348.231072945,204240.923388826,201237.264281133,204334.707253253
"skewness",1.70296139558282,0.840332395181663,0.893061262525942,0.837610682959696
"kurtosis",4.93605609852885,1.15355084526498,1.31295775408612,1.1480110848033
