"","v_bh","v_daily","v_mon","v_con"
"1",894266.175900208,890755.479641473,890228.663643228,890971.178138538
"2",894977.062712038,886354.787225859,887605.923216268,886105.620204665
"3",899943.074850632,893312.371011861,893707.43063159,893428.606449572
"4",897352.562401333,889953.701347957,890682.036030978,889972.610041225
"5",929669.810202431,919779.883975207,921915.464158635,919686.278207869
"6",950608.06083915,938367.207973902,939304.487555806,938191.224249673
"7",968214.002894582,952261.757864496,952781.843111212,952166.647511571
