"","v_bh","v_daily","v_mon","v_con"
"1",1061692.71995933,1054857.62327136,1054930.88736614,1054876.53244625
"2",1082794.10946467,1077812.54265299,1078050.65499349,1077897.19119424
"3",1096340.50011304,1092537.15135493,1092882.05473662,1092527.11466467
"4",1115766.76835453,1112811.87015917,1113746.20203379,1112893.08748634
"5",1117504.93805033,1119287.25958082,1117539.81205974,1119302.15857264
"6",1160937.29543794,1155850.15158604,1155866.0335996,1155965.50722945
"7",1153935.2360172,1158080.39672819,1156874.34397042,1157902.3212045
