"","v_bh","v_daily","v_mon","v_con"
"1",1103148.19507765,1091387.45976936,1091720.72054505,1091234.5313922
"2",1182173.64391857,1162556.22385265,1163731.06010493,1162510.6464132
"3",1172567.39606039,1158123.10412734,1159159.33965053,1158145.23898562
"4",1151760.02614823,1145058.46873831,1145017.66371625,1145037.77595512
"5",1181107.06014276,1171212.3651031,1171994.74607685,1170856.17811395
"6",1207189.45754909,1202261.71137528,1203697.03360144,1202178.30397082
"7",1269930.16471617,1258577.78325778,1258606.87137411,1258577.48603521
