"","v_bh","v_daily","v_mon","v_con"
"1",914932.187255306,914640.640950188,914864.653248435,914717.831062127
"2",946378.5669572,944277.751475702,944608.449416176,944288.190563917
"3",962427.29756019,961771.837697185,961984.784950608,961639.06704378
"4",980549.50340408,982593.673257007,982969.735775331,982719.956461383
"5",984994.100735319,980659.486860258,982113.550012695,980719.452167387
"6",1027177.42691588,1022065.03512473,1022689.80508115,1021946.5231904
"7",1022756.33963193,1016943.39383216,1017704.21973852,1016934.6432483
