"","v_bh","v_daily","v_mon","v_con"
"1",823826.904543608,813376.33066777,814132.670748472,813333.973073803
"2",832886.285746322,821369.503581545,821839.865764214,821389.952730024
"3",838474.677212745,824043.212353093,825841.976207617,824080.082768282
"4",859074.178764014,839271.296658158,841625.507147648,839165.282020628
"5",886402.655621181,873741.142943393,873868.412619782,873604.534706652
"6",886268.499114337,860017.659965797,861767.693611011,859830.7460308
"7",926977.751916478,900004.528871983,901689.67437334,899907.106748092
