"","v_bh","v_daily","v_mon","v_con"
"1",899941.001657899,901338.794009069,901420.848454228,901371.881926159
"2",927093.072785481,928390.563911741,929062.554683412,928444.865518033
"3",933187.574893969,928324.346678241,929090.861558172,928448.817526948
"4",970661.861692828,967582.073896752,968298.846874868,967692.457981053
"5",962496.009966173,963603.171187594,963635.840050052,963541.035672917
"6",986943.679765604,980782.74280754,981214.665826357,980829.553365619
"7",1010892.44866134,997564.519350447,999296.969814815,997478.772466271
