"","v_bh","v_daily","v_mon","v_con"
"1",1307698.25501431,1257133.86510351,1260807.24497066,1256886.75268927
"2",1319565.21265155,1274049.04115053,1278223.45218149,1273917.4079601
"3",1345940.8074998,1300784.33694355,1304963.50277888,1300625.60801786
"4",1332696.6901386,1296383.43561176,1298751.09595025,1296298.0795047
"5",1349850.08339084,1316379.151483,1319133.64818697,1316318.92747359
"6",1411129.44835094,1376542.86676418,1379247.57396749,1376414.83768016
"7",1400629.71016489,1381228.224113,1382986.88242765,1381252.57829375
