"","v_bh","v_daily","v_mon","v_con"
"mean",1013355.07428191,1009827.71756733,1010106.9564406,1009817.84602994
"sd",92150.2512892779,99546.6580453005,98982.6929123434,99604.911386126
"skewness",0.601341085394554,0.309805274978538,0.327008852784036,0.308890404266402
"kurtosis",0.427200450093082,0.0939525876526934,0.101280475124463,0.0933409187050174
