"","v_bh","v_daily","v_mon","v_con"
"mean",971218.43285866,962314.760663033,963098.957910743,962277.445761378
"sd",88493.9911363313,100154.886147466,99262.8787431833,100200.345077643
"skewness",0.729200462804029,0.312111828926932,0.339094248569595,0.310173274625519
"kurtosis",2.06323939727855,0.654163262116608,0.728128455380041,0.645484809144436
