"","v_bh","v_daily","v_mon","v_con"
"mean",1107781.90191002,1108057.33873675,1107909.12125192,1108051.96013708
"sd",109331.672254002,108056.582420012,108130.710366087,108096.980336491
"skewness",0.526746961784611,0.241683456374359,0.259909823530851,0.239796346894959
"kurtosis",0.313585543925968,0.0429523632821396,0.0416057870396411,0.0394384271799137
