"","v_bh","v_daily","v_mon","v_con"
"mean",1342109.08981873,1320008.39435848,1321684.60297854,1319922.49370625
"sd",161510.830949239,134075.219971075,136128.934548209,133932.062224738
"skewness",0.563460517783621,0.245603101599608,0.268805384701992,0.24290747568611
"kurtosis",0.706541222222592,0.125531296752356,0.163727488050168,0.12188230412186
