"","v_bh","v_daily","v_mon","v_con"
"mean",1380865.08407555,1352388.01765368,1354787.02188796,1352306.53708634
"sd",163191.018929852,132376.245769585,135096.941833512,132230.092146642
"skewness",0.490949220038612,0.243174445915475,0.276107030853199,0.241496041610137
"kurtosis",0.0191616189054531,-0.226130038958614,-0.202572837803503,-0.229011670516771
