"","v_bh","v_daily","v_mon","v_con"
"mean",1134409.39444471,1134011.30964846,1134028.56265688,1133980.75857657
"sd",117709.757820891,112635.069145511,113098.716756485,112618.98559779
"skewness",0.722923321931833,0.4360196381657,0.45897820879514,0.435081930110059
"kurtosis",0.668887476091496,0.120516918303465,0.157768263204884,0.119931442930698
