"","v_bh","v_daily","v_mon","v_con"
"mean",1234415.02509502,1227615.52026433,1228265.30156468,1227580.44827228
"sd",131032.427825917,117823.29149168,118800.640952892,117754.299584626
"skewness",0.356043692474012,0.107110915369264,0.129658429206394,0.104763428866823
"kurtosis",-0.112728786048896,-0.230172401423481,-0.230550759637795,-0.231407235026623
