"","v_bh","v_daily","v_mon","v_con"
"mean",922884.705865368,905966.233692491,907386.381291028,905903.847810892
"sd",73533.7140030054,89249.4543222729,87876.4447210501,89332.4792917874
"skewness",0.400982021445914,0.147422270457705,0.156345370023013,0.14700046153917
"kurtosis",-0.0844606276872666,-0.253364173603814,-0.256475555878258,-0.252360073905707
