"","v_bh","v_daily","v_mon","v_con"
"mean",916097.373881217,897395.003831854,898923.333358415,897346.164373945
"sd",75119.0737358127,91130.7741033451,89807.5060026156,91184.2622736512
"skewness",0.648455125995508,0.338208623629048,0.354145250398248,0.338079480307788
"kurtosis",0.543629841267397,0.180186338362914,0.193016187297935,0.180935953232555
