"","v_bh","v_daily","v_mon","v_con"
"mean",1211885.06674476,1206632.23905526,1207042.5932062,1206684.68452722
"sd",133381.045736016,121008.260517227,121826.973824286,121006.846041019
"skewness",0.505233945991181,0.252949672489358,0.274544253925036,0.251389571938174
"kurtosis",-0.044405946961624,-0.214114900333917,-0.195814408085297,-0.215902150773328
