"","v_bh","v_daily","v_mon","v_con"
"mean",1259909.75915941,1236616.08431677,1238424.26197044,1236532.91067448
"sd",118580.952640742,97068.4369314624,98806.1917373363,97004.7871272081
"skewness",0.544919743962771,0.321189382147187,0.340486473214752,0.320909757449925
"kurtosis",0.337332495937175,-0.000323694651596096,0.0264308924376704,-8.11534025313421e-06
