"","v_bh","v_daily","v_mon","v_con"
"mean",1068879.55898259,1067900.23040419,1068000.62446635,1067890.75347573
"sd",82079.6563776786,78360.6354029098,78623.9126611605,78357.3725680767
"skewness",0.326327317690947,0.130644781968596,0.143348210255208,0.130078895011011
"kurtosis",-0.0425730682293364,-0.21033264695973,-0.196402780111268,-0.210096300621189
