"","v_bh","v_daily","v_mon","v_con"
"mean",881775.014072235,871224.345068701,872090.014085114,871187.851371307
"sd",52331.9467785957,61227.1542700201,60554.3141178237,61260.2546616034
"skewness",0.344124290799161,0.124860696207701,0.144529915661066,0.124868758611333
"kurtosis",0.279963879199228,0.0839185818480854,0.103482710523947,0.0834420227035064
