"","v_bh","v_daily","v_mon","v_con"
"mean",832952.421909252,811667.709992739,813327.952206992,811594.819456126
"sd",49812.3112703699,62416.2010583479,61442.8543149754,62433.4415526071
"skewness",0.379818422268739,0.181448422965871,0.192968550965946,0.180724084772222
"kurtosis",-0.0818012805191262,-0.243570997038697,-0.237765683071489,-0.242788508010579
