"","v_bh","v_daily","v_mon","v_con"
"mean",999897.506619427,999422.381587194,999512.609682566,999424.22530917
"sd",77683.4592254789,78623.8333160743,78614.9540259321,78643.9850483442
"skewness",0.568397084705323,0.303386762621434,0.324437514124349,0.303132370802012
"kurtosis",0.803457882851452,0.307669624381496,0.333320781451302,0.309086448334644
