"","v_bh","v_daily","v_mon","v_con"
"mean",1133214.32424107,1127518.17972776,1127936.60044357,1127492.79912437
"sd",94397.2234980746,85312.3852423492,86062.757710128,85282.0333854506
"skewness",0.393322608416969,0.144780283765934,0.165889474825337,0.143495178725109
"kurtosis",0.414874834623733,0.231515749699149,0.245198862394448,0.230725589409716
