"","v_bh","v_daily","v_mon","v_con"
"mean",866593.364452015,852928.995319107,853975.318436643,852873.110688468
"sd",54066.5559195698,64728.2424662942,63885.7693809862,64772.4969107291
"skewness",0.29676621948434,0.0637500174421187,0.0784477433733081,0.0625644164027116
"kurtosis",0.219968685181112,0.053096024884423,0.0556447823298347,0.0521346670807388
