"","v_bh","v_daily","v_mon","v_con"
"mean",907493.055895746,901154.929446604,901713.786331692,901136.664299374
"sd",141148.152450562,155057.73515174,153919.084548963,155155.386069706
"skewness",1.12431552655027,0.636016167623374,0.675182232253115,0.634278113372812
"kurtosis",1.44257427295166,0.384692357549627,0.471549374406899,0.383070656606792
