"","v_bh","v_daily","v_mon","v_con"
"mean",874663.149939561,857659.461586099,859260.904359877,857634.218063029
"sd",103404.126494613,124483.940035879,122961.482233041,124535.394940852
"skewness",0.939830985969222,0.471767906247762,0.503514611174376,0.467848556942122
"kurtosis",1.49454833738618,0.399644344284988,0.465054685606786,0.385998195270324
