"","v_bh","v_daily","v_mon","v_con"
"mean",1133099.50010084,1132376.41867,1132274.52598493,1132357.29117481
"sd",268354.387844618,261039.034095431,261141.319649104,260991.119435889
"skewness",1.66010905078658,0.721749222933477,0.795382014225283,0.715315437637448
"kurtosis",5.61482408204394,1.17116347904723,1.41926007536235,1.13816057969651
