"","v_bh","v_daily","v_mon","v_con"
"mean",1288098.51549654,1258180.43449465,1259259.6357123,1257920.84235181
"sd",401349.498975434,309645.962002555,316437.848044301,309291.887294824
"skewness",1.31539313194162,0.695894947056386,0.751041456445317,0.69645779254696
"kurtosis",1.90628924443191,0.24392864133038,0.358534929955477,0.255496926309771
