"","v_bh","v_daily","v_mon","v_con"
"mean",1251476.92368989,1247363.57954142,1247695.75187218,1247349.83099942
"sd",32963.7275997165,30369.5265559394,30584.1427995045,30358.1359614032
"skewness",0.189471528300947,0.118209273164025,0.125994081915614,0.117968611200295
"kurtosis",-0.00699063212936357,-0.0228945189402534,-0.0213050156763335,-0.0233817868756647
