"","v_bh","v_daily","v_mon","v_con"
"mean",1426133.16600148,1369137.57178142,1373631.81283351,1368949.19340665
"sd",424785.174855162,304051.415364828,314182.173983266,303353.724457433
"skewness",1.78057565222174,0.738638662600318,0.875471080343306,0.730870342571022
"kurtosis",7.45780152483858,1.4807223358731,2.15127138838461,1.45103897904576
