"","v_bh","v_daily","v_mon","v_con"
"mean",800452.106038974,786433.079908116,787528.37754252,786396.17613916
"sd",48894.9841567733,58825.0494980064,58078.5842830236,58869.1264426203
"skewness",0.439073125153806,0.200834029103007,0.214198870819906,0.200142966707752
"kurtosis",0.520487076447638,0.143120223728606,0.1581007363436,0.141397858194029
