"","v_bh","v_daily","v_mon","v_con"
"mean",1075927.47738684,1067813.48706819,1069160.82877094,1067573.14752918
"sd",282845.872431086,247998.059198451,251990.294630595,247884.803834891
"skewness",1.06923878879153,0.488829285475502,0.558910762831595,0.487164863295844
"kurtosis",1.09025782717863,-0.0166196173899991,0.0819955066198697,-0.0181489499131233
