"","v_bh","v_daily","v_mon","v_con"
"mean",910485.343979174,909803.832061679,909979.539016203,909827.579762473
"sd",178894.078071303,183050.108012786,182186.399779065,182979.975237725
"skewness",1.12581501197545,0.524777009935116,0.567960295487063,0.520895069796458
"kurtosis",1.75754174861787,0.329932981923814,0.400937943360922,0.321017757395123
