"","v_bh","v_daily","v_mon","v_con"
"mean",1375937.37077508,1329817.12986728,1334219.50949795,1329540.06287293
"sd",410494.901637666,301715.606220953,309474.897042773,301189.409675165
"skewness",1.75793919412577,0.748920170583595,0.833893042349139,0.739440527063138
"kurtosis",7.08489177865678,1.38947701144661,1.70087535592354,1.33004393931826
