"","v_bh","v_daily","v_mon","v_con"
"mean",1156493.7139091,1142789.92394557,1143768.42075744,1142781.3863288
"sd",136222.603302569,116291.131387179,117766.729090056,116216.524201771
"skewness",0.531929904619838,0.252949328814658,0.276296639825774,0.251920049100713
"kurtosis",0.238206060401423,-0.100486025219595,-0.0752806866977607,-0.101463579289992
