"","v_bh","v_daily","v_mon","v_con"
"mean",819122.541034116,798997.594659504,800590.194259115,798924.953348234
"sd",16009.399174045,20033.3002242021,19705.5614115891,20047.6757137094
"skewness",0.0630423466646362,-0.00688842285083229,-0.00207659888543685,-0.00675048494489098
"kurtosis",-0.126202333599556,-0.15332884593208,-0.151880439221654,-0.153070068614187
