"","v_bh","v_daily","v_mon","v_con"
"mean",1047332.66737501,1039712.35482364,1039290.36114383,1039631.05116083
"sd",216586.329328434,223497.054511621,222233.287520611,223521.487501062
"skewness",2.04540195403062,0.918424026141174,0.980416980204129,0.913793936145004
"kurtosis",9.43209825558847,2.13147997265188,2.35732029760548,2.0928033658987
