"","v_bh","v_daily","v_mon","v_con"
"mean",826608.480993861,817445.421811346,818208.553553449,817414.723150289
"sd",34470.5198973725,39929.6840124474,39511.5950856272,39944.3830101976
"skewness",0.333268510564699,0.194848084430126,0.209762465788336,0.19420972835818
"kurtosis",0.0480740377577211,-0.0668490125949912,-0.0565877752897643,-0.0666685972312906
