"","v_bh","v_daily","v_mon","v_con"
"mean",988099.610285254,986982.377034879,987200.516210137,986993.870602916
"sd",188643.712476985,195095.873275508,194649.190137473,195191.399945645
"skewness",1.17819826905484,0.617143354352659,0.649954782517987,0.616322549919574
"kurtosis",1.70831464026495,0.346012978377616,0.427683389716572,0.348618932073605
