"","v_bh","v_daily","v_mon","v_con"
"mean",1049450.55451033,1047239.83598601,1047522.162904,1047222.77875635
"sd",110128.835798961,104390.052177751,104828.657014219,104366.032221313
"skewness",0.145177548622077,-0.0904396851989334,-0.0675359802430292,-0.0917483237222761
"kurtosis",-0.443555689584195,-0.387151245368555,-0.394428282824215,-0.388593107732421
