"","v_bh","v_daily","v_mon","v_con"
"mean",1199291.83044853,1198138.51427457,1198758.13041008,1198141.75794303
"sd",226233.223844353,212220.98456599,213864.892491965,212179.145578375
"skewness",1.15584613212654,0.527047229194388,0.577133403125141,0.523960758626034
"kurtosis",2.6420753958501,0.615989477712807,0.735350394895344,0.606520905916086
