"","v_bh","v_daily","v_mon","v_con"
"mean",943154.53099959,929847.338647239,930877.625592935,929803.907687966
"sd",101938.15574428,118558.74041674,117050.497774805,118628.900187687
"skewness",0.817700415315448,0.447330305990392,0.473794114183907,0.44568682885603
"kurtosis",0.874193859698414,0.154754588873172,0.195235543682118,0.155124619177266
