"","v_bh","v_daily","v_mon","v_con"
"mean",865223.817262794,861100.312329327,861425.786155186,861086.76020729
"sd",19135.1714244836,21064.3295955868,20913.5861372746,21072.2628848625
"skewness",0.251853553500147,0.179585276527785,0.18590158924498,0.179100532123151
"kurtosis",0.0749755711116387,0.00656471421674487,0.0125883188216478,0.00710255244023905
