"","v_bh","v_daily","v_mon","v_con"
"mean",1203567.10482089,1182611.65164593,1184265.93579858,1182544.23101408
"sd",108525.018001864,89807.1973931267,91214.6089717393,89742.2501966807
"skewness",0.407651456267768,0.166665653892524,0.19169831354194,0.166055264238519
"kurtosis",0.400658200503871,0.142225679821199,0.164676089296383,0.13990082700853
