"","v_bh","v_daily","v_mon","v_con"
"mean",874122.562333823,855941.072979934,857683.678631629,855781.098368991
"sd",143643.882248555,175333.248641839,173120.010900866,175376.842506427
"skewness",0.900719018548332,0.361245656503155,0.39600677461691,0.358519759155667
"kurtosis",1.07955530254522,-0.124815664962673,-0.0661286084379813,-0.126160303835681
