"","v_bh","v_daily","v_mon","v_con"
"mean",879516.841433336,870813.3973462,872147.524934951,870828.704924906
"sd",204001.239048177,223219.465486878,222342.192420897,223110.427017009
"skewness",1.73739596258095,0.779040291790436,0.859447723619741,0.773793284350182
"kurtosis",5.22171666208439,1.11022715606964,1.38627869669574,1.09799898606288
