"","v_bh","v_daily","v_mon","v_con"
"mean",1051453.56531473,1051455.59283275,1051456.25566615,1051454.92371685
"sd",26039.0051551506,25968.2464422622,25969.1614890599,25968.1622365172
"skewness",0.215052978636228,0.137575740969719,0.144388500063329,0.137234921140105
"kurtosis",0.176249444777635,0.113198149303808,0.121184722702793,0.112704874495066
