"","v_bh","v_daily","v_mon","v_con"
"mean",958734.870915389,958941.473390046,959070.312314778,959020.756814128
"sd",231108.79314409,217235.264307738,218371.494509782,217247.161193356
"skewness",1.64120439430244,0.829978806140049,0.875643467013621,0.829646116429536
"kurtosis",4.26682795441535,1.12784073259009,1.23496882977405,1.13508920701357
