"","v_bh","v_daily","v_mon","v_con"
"mean",821171.821029592,801674.136503088,803222.543916851,801601.134246062
"sd",47515.5325329823,58659.3934409889,57796.5004763426,58701.8467626339
"skewness",0.585289436774691,0.385610008173339,0.397923913544016,0.385988935702328
"kurtosis",0.268611354921983,-0.0346319052689985,-0.0184183653841909,-0.0357987583879447
