"","v_bh","v_daily","v_mon","v_con"
"mean",1289469.31258896,1265545.18070242,1266542.71901183,1265529.20771651
"sd",439509.96895902,328043.586673725,336908.555768785,327904.209395199
"skewness",3.54215047422061,1.14181952640776,1.32578452545134,1.13381223923711
"kurtosis",31.3768321510021,4.44880069945315,5.79852770182125,4.36665701525013
