"","v_bh","v_daily","v_mon","v_con"
"mean",1021681.38792626,1018759.11509147,1018906.70321206,1018761.89319411
"sd",143422.828398566,131146.436591899,131970.373566761,131142.891451358
"skewness",0.903644376105543,0.488838788012106,0.52738335190086,0.487123919540415
"kurtosis",1.22564213947325,0.432031440292976,0.490690392958917,0.42521392388109
