"","v_bh","v_daily","v_mon","v_con"
"mean",795525.903593053,780466.924895551,781664.927175801,780414.858549714
"sd",15862.7664845036,19248.115036255,18975.6109160483,19261.275347507
"skewness",0.298649708888168,0.237108795922303,0.241238382549261,0.236914518812037
"kurtosis",-0.223135448195392,-0.281026831869744,-0.277601277975404,-0.281472532544345
