"","v_bh","v_daily","v_mon","v_con"
"mean",877496.192069782,875304.687004847,875289.328094996,875329.526097686
"sd",117780.092522714,126542.307618173,125845.069899669,126512.137634146
"skewness",0.834796420831304,0.392878865097034,0.422212997261477,0.388158401189386
"kurtosis",1.12381568912247,0.215484542192708,0.267402293918988,0.20528989730428
