"","v_bh","v_daily","v_mon","v_con"
"mean",1052587.30084406,1052690.92783293,1052837.25364277,1052693.25183539
"sd",159167.163382079,158202.637574191,158467.700406467,158166.45443666
"skewness",0.704278685110522,0.27868514515615,0.319690724423966,0.278091031602628
"kurtosis",0.471099759020863,0.0293648587711197,0.0711087185476962,0.0269051328359011
