"","v_bh","v_daily","v_mon","v_con"
"mean",1152343.69506073,1142082.69527957,1142937.14623337,1142016.42963102
"sd",133833.875988676,116488.2857639,117927.682304308,116448.808238501
"skewness",0.583983605841051,0.268377709118407,0.302237345443321,0.267036010332549
"kurtosis",0.605704362396999,0.147049901393649,0.190715246342172,0.144518366655505
