"","v_bh","v_daily","v_mon","v_con"
"mean",963009.970943092,962853.81765249,962833.586570668,962850.542525355
"sd",124328.744074182,121428.372380406,121716.808491456,121434.344906146
"skewness",0.699619196465687,0.353102756441001,0.374889457146806,0.353269683494744
"kurtosis",0.579709880840717,-0.0610613032276484,-0.0327492479916009,-0.0540841126761231
