"","v_bh","v_daily","v_mon","v_con"
"mean",1029438.88923292,1027890.11390187,1028071.28966999,1027893.10149444
"sd",113397.80250933,106747.450380432,107436.415992402,106722.839624594
"skewness",0.733340948752345,0.387658389261977,0.419745229936175,0.386080914782273
"kurtosis",0.986651514610775,0.38810422968057,0.429489948323444,0.385790061795645
