"","v_bh","v_daily","v_mon","v_con"
"mean",1032860.43330123,1031474.32741611,1031867.25600615,1031481.65920937
"sd",223691.882837201,208676.416959581,209784.016229763,208687.028018003
"skewness",1.07930096794236,0.497327098741447,0.54275496004838,0.49501645877136
"kurtosis",1.48019050881181,0.235524076259817,0.313773332667095,0.230740072367189
