"","v_bh","v_daily","v_mon","v_con"
"mean",983127.028641836,981131.180921467,981275.444828508,981110.2604226
"sd",65532.7320893926,70175.7446301775,69836.3445584571,70194.1692381735
"skewness",0.30245139201166,0.094546325021954,0.114314946577327,0.094160885177645
"kurtosis",0.0545202542799093,-0.0458581808465457,-0.0401278312636681,-0.0459344622438125
