"","v_bh","v_daily","v_mon","v_con"
"mean",1342236.49233356,1290234.73521892,1294626.45647849,1289890.9784848
"sd",375363.166277213,274072.858989425,282441.082526569,273592.115887848
"skewness",1.40245447818629,0.691469878137177,0.756946422663488,0.687146529496248
"kurtosis",3.03118448939549,0.77505671409924,0.908224211072641,0.768767722889502
