"","v_bh","v_daily","v_mon","v_con"
"mean",939751.210282622,933289.791176607,933783.277146167,933265.439726522
"sd",62979.2034858685,70179.3032831357,69568.8934037359,70184.126393034
"skewness",0.605859031939041,0.362852471348634,0.377477225045916,0.361416323825563
"kurtosis",0.681110006925331,0.297845554232167,0.314055152931092,0.298180354367907
