"","v_bh","v_daily","v_mon","v_con"
"mean",897672.361170971,861785.354801372,864631.125402551,861656.934097708
"sd",47083.0582280066,62676.5178220307,61474.2061051034,62737.9518500857
"skewness",0.366656016434661,0.1622254408309,0.175654275348022,0.162042138148522
"kurtosis",0.0279516629758505,-0.0913931668511183,-0.0825789055752537,-0.0922175321100802
