"","v_bh","v_daily","v_mon","v_con"
"mean",1226873.52191009,1220296.96063037,1220813.7946346,1220271.06312704
"sd",33983.6363814039,30615.8332446358,30884.5970707869,30604.0129802489
"skewness",0.180358545503595,0.107078785458585,0.112965712797003,0.106525291655839
"kurtosis",-0.0126449848240853,-0.0222249755668891,-0.0217056356084466,-0.0224755195996948
