"","v_bh","v_daily","v_mon","v_con"
"mean",880387.852125846,872984.900779167,873625.526393711,872929.097041186
"sd",114386.198576737,126924.149202212,125839.965560962,127007.060837108
"skewness",1.29105695503828,0.661624522613006,0.705121257164293,0.663030573290858
"kurtosis",3.75480998228661,1.21958506702505,1.34669700643014,1.22308705821842
