"","v_bh","v_daily","v_mon","v_con"
"mean",876518.522924233,847676.732126234,849953.009182726,847581.679868309
"sd",49426.2527246071,63516.7364944609,62342.5042722293,63578.4911927743
"skewness",0.625312799365544,0.339383760949172,0.357268024822313,0.33881618315484
"kurtosis",1.29945287090847,0.615466813632136,0.655915730913197,0.614334584419071
