"","v_bh","v_daily","v_mon","v_con"
"mean",939255.591996791,935712.880795508,935994.386661842,935692.999486263
"sd",66246.8600747871,71571.2612514665,71193.7527180122,71586.3258797702
"skewness",0.579695297600817,0.334098928468012,0.350658796488929,0.333349723571803
"kurtosis",0.665699025743409,0.24590389666332,0.260825843024165,0.243710995626495
