"","v_bh","v_daily","v_mon","v_con"
"mean",1153304.6034385,1152366.14338055,1152150.6002642,1152340.74784564
"sd",247759.741786844,231531.553547613,232772.418370085,231421.851107885
"skewness",1.08019655402869,0.546724009836201,0.582362998671401,0.544780569499419
"kurtosis",1.34845841100136,0.12062419990923,0.191643961112799,0.116761825599714
