"","v_bh","v_daily","v_mon","v_con"
"mean",927550.827567764,926447.264003918,926482.518728908,926455.0642485
"sd",107248.42053174,113243.85841079,112835.723024995,113289.712077959
"skewness",0.529973097600434,0.229342165026985,0.257600667833605,0.228847981469848
"kurtosis",0.00103548382253171,-0.289783091421132,-0.264411470304097,-0.289127320317226
