"","v_bh","v_daily","v_mon","v_con"
"mean",1000935.97619146,1002711.07798886,1002638.48959197,1002757.21194398
"sd",194784.128382739,192219.22278048,192603.749789753,192138.623658362
"skewness",1.37443123444497,0.656017259754786,0.711628855669083,0.651945427689814
"kurtosis",3.64115292607848,0.917193989235631,1.00864509332337,0.909513916262098
