"","v_bh","v_daily","v_mon","v_con"
"mean",1093540.76125031,1084206.01913539,1084970.00241512,1084171.22359084
"sd",59915.1846113287,52347.3383610684,52965.2552399588,52315.1156311356
"skewness",0.372983859761134,0.225258631123507,0.239193695211067,0.224955132963651
"kurtosis",0.261064296198884,0.0883332553082439,0.101990834881156,0.0864157822458873
