"","v_bh","v_daily","v_mon","v_con"
"mean",888583.256469715,885945.985081056,886297.126995082,885941.704530974
"sd",88598.4554039522,94063.9272939542,93699.6095524775,94076.834417643
"skewness",0.701229975847216,0.313876069121426,0.34880329840695,0.313147317854536
"kurtosis",1.51140290129438,0.44508719507659,0.525430600310752,0.440295931699693
