"","v_bh","v_daily","v_mon","v_con"
"mean",1183325.81987968,1165791.56438265,1167022.31602418,1165730.92877928
"sd",138857.495091469,116801.949581527,118282.837661711,116723.361416956
"skewness",0.425680186750616,0.155442733297293,0.174420387178078,0.155546382614685
"kurtosis",0.0476407057108363,-0.171497885588977,-0.164050608034581,-0.16884178013675
