"","v_bh","v_daily","v_mon","v_con"
"mean",839873.517393404,824501.009868527,825738.75482581,824442.130074777
"sd",51709.2019782324,62549.3404502205,61718.776821893,62568.7578442071
"skewness",0.377243609110151,0.176868578856055,0.185414932022435,0.175279240879553
"kurtosis",-0.00465685054212495,-0.197311294635564,-0.192673104793507,-0.197299315585584
