"","v_bh","v_daily","v_mon","v_con"
"mean",1278143.42940173,1254464.88942336,1256948.75606165,1254421.64583299
"sd",376244.070599932,300792.841684097,306586.936900195,300353.482163122
"skewness",1.65198733369757,0.722152070618532,0.803775068040966,0.715590903619312
"kurtosis",5.04121069862756,1.10296493743963,1.37158256403685,1.089801396937
