"","v_bh","v_daily","v_mon","v_con"
"mean",842436.754725714,835220.481921694,835721.113984941,835198.434674138
"sd",96270.4513699111,107849.307003589,106812.900937891,107849.905812728
"skewness",0.797991012554546,0.425161945008781,0.452501498559889,0.423569647396533
"kurtosis",0.82900864019814,0.12442984281731,0.177096297420324,0.123804800016992
