"","v_bh","v_daily","v_mon","v_con"
"mean",902318.780707898,880488.800625332,882223.201728246,880409.797897206
"sd",17827.265305508,22271.8245494424,21920.9551219485,22287.4387682591
"skewness",0.0498904980187943,-0.0246403377450141,-0.0200766085791335,-0.0249422187376953
"kurtosis",-0.0161425328236393,-0.0393076298823849,-0.0396469501288319,-0.0392966555197436
