"","v_bh","v_daily","v_mon","v_con"
"mean",861720.333762362,852587.093818223,853047.806107327,852443.051516333
"sd",210117.26507499,221532.654910277,221252.07066239,221488.547089535
"skewness",2.02308160602145,1.10079173505539,1.20354159846043,1.09834940685401
"kurtosis",5.67844663018424,1.78156566032342,2.21593801830922,1.7790969599269
