"","v_bh","v_daily","v_mon","v_con"
"mean",1443250.30851566,1403154.51319555,1405829.54840471,1402773.23323024
"sd",465514.963017801,353172.932302888,362181.917606786,352398.42328612
"skewness",1.52702282101905,0.691812029892641,0.775988176348838,0.686667720052016
"kurtosis",3.76855120628151,0.767885445979615,1.00533390700854,0.758004731300433
