"","v_bh","v_daily","v_mon","v_con"
"mean",825674.754278682,811323.080332511,812043.041314157,811327.002192985
"sd",121232.697893943,141962.636676326,140315.099830967,142001.30324527
"skewness",1.23538280826487,0.625471463914518,0.660311657636994,0.622540514654744
"kurtosis",2.65295101402059,0.726713050844692,0.820205012483855,0.713199048902558
