"","v_bh","v_daily","v_mon","v_con"
"mean",1128909.89193005,1128690.99044405,1128717.54126838,1128689.46221942
"sd",28103.6032584166,28615.4509459415,28575.802545814,28618.66718292
"skewness",0.140331995166087,0.0680103728644196,0.0739823534051093,0.0678018244662965
"kurtosis",-0.0664649614845891,-0.0901145845189326,-0.0886715195767729,-0.0904907502830934
