"","v_bh","v_daily","v_mon","v_con"
"mean",1335622.11025391,1314699.28898511,1316375.24081994,1314624.32626478
"sd",40260.87357792,33700.1546695541,34223.7562165851,33680.0704553327
"skewness",0.125861091897152,0.0453933600300651,0.0516715645575889,0.0452581549000101
"kurtosis",0.107726111405265,0.0961631334470083,0.0959451636801982,0.0965693406091654
