"","v_bh","v_daily","v_mon","v_con"
"mean",1054497.54763656,1050950.14251265,1051302.49851971,1050907.15190389
"sd",141435.349563394,153195.462865421,152294.000848678,153316.997424259
"skewness",0.821650029581147,0.370396259648966,0.397248680801437,0.370067702167055
"kurtosis",1.12614013652388,0.198467701702327,0.235538218108401,0.195042155731616
