"","v_bh","v_daily","v_mon","v_con"
"mean",881009.802721178,839033.934315303,842368.340406306,838885.312264557
"sd",31805.04661702,43625.4843345527,42699.1930487179,43658.2683225318
"skewness",0.148188882796836,0.0151569935411789,0.0227558598121365,0.0140136589904711
"kurtosis",-0.283338439553039,-0.273056159559788,-0.273870359406016,-0.273411515598205
