"","v_bh","v_daily","v_mon","v_con"
"mean",1017160.86649232,1015943.49742916,1016068.77651275,1015937.72110764
"sd",87354.3786818963,83308.0735903462,83660.9694619441,83292.0219263876
"skewness",0.671904943228774,0.369752481805773,0.39756100681448,0.369301997145387
"kurtosis",1.14304120306629,0.586350285346005,0.636410288001318,0.584629644124262
