"","v_bh","v_daily","v_mon","v_con"
"mean",1160564.94878362,1154294.66675849,1155049.95726604,1154377.34936867
"sd",269414.760088325,238086.542853981,240655.964537476,238140.975006163
"skewness",1.19793647690244,0.591559320858473,0.644199801298798,0.590465427073085
"kurtosis",1.98977694349177,0.341964118444085,0.452068636973819,0.34583986677124
