"","v_bh","v_daily","v_mon","v_con"
"mean",1356645.22583464,1339668.37606488,1341051.68772518,1339637.5023954
"sd",251712.360151235,209847.291916325,212620.36752808,209640.854033756
"skewness",1.17440881738985,0.599230746592481,0.646217307703681,0.59594946984948
"kurtosis",2.48466454752899,0.832470243787575,0.910101465075643,0.824945843184035
