"","v_bh","v_daily","v_mon","v_con"
"mean",1346861.90794077,1324555.67786903,1325490.74745059,1324625.11722467
"sd",326311.499964407,264865.076987989,268952.352153978,264603.869804852
"skewness",1.16219152645948,0.564171716496008,0.614356400241488,0.561172445431193
"kurtosis",1.80664116818931,0.369975497421414,0.44834368682977,0.365455845248086
