"","v_bh","v_daily","v_mon","v_con"
"mean",1072075.74593335,1072741.51325697,1072791.83405212,1072431.53882852
"sd",266465.138900717,269836.982711369,269607.24374603,269621.594645096
"skewness",1.20703317077287,0.524277605965607,0.567120305519009,0.521460972366412
"kurtosis",1.82674957068705,0.152819786690012,0.217155566672534,0.151730826133458
