"","v_bh","v_daily","v_mon","v_con"
"mean",1316772.58837805,1283846.55221279,1286141.1719763,1283694.05376706
"sd",195872.124912108,154426.722350144,157624.905752443,154260.117301252
"skewness",0.711832513526862,0.355045634861789,0.382271045694443,0.353055710909696
"kurtosis",0.891616674670967,0.0719371989261108,0.126500176260371,0.069186957132287
