"","v_bh","v_daily","v_mon","v_con"
"mean",1180603.52142521,1162422.52842431,1163664.59876704,1162516.63193304
"sd",335907.85385503,269395.199948299,274923.935031528,269428.673135484
"skewness",1.70242872830843,0.776999201580965,0.857535962935239,0.773856987526733
"kurtosis",5.59533062808268,1.19276912069374,1.46515910307711,1.1875544733041
