"","v_bh","v_daily","v_mon","v_con"
"mean",1237374.97539247,1223163.92459427,1224288.99080422,1223116.8436232
"sd",70420.996487192,60621.8983758957,61377.5098779497,60593.7096689985
"skewness",0.103651601781867,-0.0167536771028735,-0.00677953937880557,-0.0177071229659502
"kurtosis",-0.362922038243146,-0.367924539504253,-0.369747497612629,-0.367098665206058
