"","v_bh","v_daily","v_mon","v_con"
"mean",1333500.70607193,1286036.52090809,1289811.4208283,1285898.33650875
"sd",124543.194963888,95082.8047623499,97403.1832261403,94998.4704631628
"skewness",0.339028386750233,0.0836237330616161,0.11170791218475,0.0835421214751417
"kurtosis",0.589954871780976,0.281341170927456,0.315917055007742,0.28251138108764
