"","v_bh","v_daily","v_mon","v_con"
"mean",1053932.58823134,1052337.01322188,1052475.61331943,1052376.54007312
"sd",172999.824033879,160011.633707935,160671.827753838,160006.003637503
"skewness",1.03103975582718,0.595446641520374,0.627929237486881,0.595616209610513
"kurtosis",1.32984709048148,0.295542712667747,0.349571024771454,0.301661312705215
