"","v_bh","v_daily","v_mon","v_con"
"mean",944648.206334019,944974.642884646,945013.43823007,944951.764962396
"sd",91285.6681203816,91663.2198719432,91623.197251646,91681.7555405156
"skewness",0.428630829912586,0.186240586729123,0.205122917442914,0.184975940552644
"kurtosis",-0.0552456383799549,-0.290734873812982,-0.276108479755533,-0.293388512502969
