"","v_bh","v_daily","v_mon","v_con"
"mean",879395.456910528,836916.742568598,840281.726996807,836766.402174661
"sd",14839.153401573,20368.2174880898,19936.5581390418,20387.6208755076
"skewness",0.119850943157779,0.0553497327951125,0.0585271764952295,0.0549115018599627
"kurtosis",-0.215600984567475,-0.220135602690215,-0.21765522809871,-0.219962057349486
