"","v_bh","v_daily","v_mon","v_con"
"mean",1059523.17024591,1059029.60730376,1059050.369406,1059048.19378368
"sd",86177.8980960178,85078.7247026744,85141.2603230712,85068.4379923451
"skewness",0.424408861160253,0.211518127312477,0.228112882741797,0.209515267915308
"kurtosis",-0.0053074503650743,-0.156994853911008,-0.145847280109511,-0.159159832183069
