"","v_bh","v_daily","v_mon","v_con"
"mean",969226.34172376,969133.791604542,969135.123159193,969130.277292226
"sd",72310.9617468928,73350.1854169486,73252.5149833995,73356.9932389061
"skewness",0.232803712196742,0.0275786890180049,0.0372808588475924,0.0281749434889325
"kurtosis",-0.101530094393314,-0.198331197987037,-0.196521105179065,-0.198586978746793
