"","v_bh","v_daily","v_mon","v_con"
"mean",1056751.12589005,1055078.33608674,1055161.7337372,1055088.89276621
"sd",257351.038721474,247687.995305398,248326.15091675,247812.744887716
"skewness",1.29077282068337,0.632699704896265,0.688776325402446,0.632894244552909
"kurtosis",1.99651189062017,0.377885448732711,0.486187516400602,0.374680114517489
