"","v_bh","v_daily","v_mon","v_con"
"mean",1410180.95505421,1355217.86672435,1359158.11932343,1354991.46383949
"sd",372359.575082506,274762.670662796,281477.95862483,274466.631400288
"skewness",1.08916857607974,0.531387481474268,0.570442843808522,0.528596845864085
"kurtosis",1.45616011901195,0.169421174988083,0.195933222115235,0.166287355359545
