"","v_bh","v_daily","v_mon","v_con"
"mean",977414.888585248,977604.700822121,977843.85563179,977637.573601081
"sd",196820.751529189,196270.579517991,196469.682097158,196387.950013261
"skewness",0.919703670834084,0.365051881943135,0.38860858779292,0.365462014207779
"kurtosis",1.40213470834503,-0.0824888940488306,-0.0656281766603257,-0.0811443906310227
