"","v_bh","v_daily","v_mon","v_con"
"mean",1090342.05886608,1087353.20948371,1087467.85494496,1087333.42926016
"sd",184471.223401176,169201.783530488,170434.802796201,169157.794108487
"skewness",1.00406524855246,0.514122812603492,0.55140716120876,0.512740165250285
"kurtosis",1.50438115374372,0.394725884925155,0.458994954100948,0.392863408690522
