"","v_bh","v_daily","v_mon","v_con"
"mean",1330271.79275931,1317771.50743963,1318887.37220482,1317587.24140132
"sd",311098.716664542,268358.423760129,271644.032759112,268153.508113127
"skewness",1.09995652434934,0.422974691976373,0.485593396119093,0.423582571267167
"kurtosis",2.22946188422576,0.368611885820327,0.489698818638848,0.379416813059131
