"","v_bh","v_daily","v_mon","v_con"
"mean",1167239.93915618,1167693.73673918,1167578.16387627,1167713.07049026
"sd",175464.705331692,172191.828499552,172604.624607767,172184.350326532
"skewness",0.691132578986161,0.292414815369322,0.329239244839178,0.291454231275578
"kurtosis",0.465513233134513,-0.0905037790003154,-0.056632307555383,-0.0894456765138165
