"","v_bh","v_daily","v_mon","v_con"
"mean",941571.237899992,927579.277314948,928963.912565959,927480.690840542
"sd",146204.639993051,167515.201638143,165625.114567315,167586.003010182
"skewness",1.22176145994001,0.647242556073881,0.686313047435819,0.647054078813593
"kurtosis",2.12847522485338,0.598660103908084,0.684909369359155,0.603116131257731
