"","v_bh","v_daily","v_mon","v_con"
"mean",1181582.35596977,1178476.97984871,1178729.83055301,1178447.41879745
"sd",131786.999880273,121227.967075747,121956.883175889,121147.020738167
"skewness",0.774923066474573,0.441536937564103,0.465266408950081,0.44091437112296
"kurtosis",1.1399727064757,0.32624082065995,0.371221665963112,0.331047076292518
