"","v_bh","v_daily","v_mon","v_con"
"mean",1051118.75254839,1049376.64094634,1049589.78984085,1049375.35230288
"sd",226580.395635741,221008.167453472,220931.9153564,220995.372839794
"skewness",1.17753183556651,0.541080775856461,0.585475444130449,0.540196631603615
"kurtosis",2.19726666309135,0.300168771754232,0.414526465325802,0.303708157564286
