"","v_bh","v_daily","v_mon","v_con"
"mean",1041208.73915561,1033918.8207089,1033991.39895444,1033804.69424645
"sd",316975.575293853,276642.241822928,279891.460846187,276521.890659151
"skewness",1.64833900241783,0.779245995423004,0.844457038595517,0.770280590603919
"kurtosis",4.09553525182348,0.873829994151982,1.01019281549195,0.839901093270762
