"","v_bh","v_daily","v_mon","v_con"
"mean",1237243.78430558,1229400.77935859,1230176.77171062,1229323.97611544
"sd",247894.072338756,218723.833668662,221160.868736314,218431.607805551
"skewness",0.960434022640602,0.450237087164938,0.48235654414989,0.446132567436946
"kurtosis",1.52431792982255,0.10190207033872,0.167533254005356,0.0999736340463326
