"","v_bh","v_daily","v_mon","v_con"
"mean",855299.350523099,840002.114370261,841240.408719823,839927.789891279
"sd",83056.0446514904,100294.286996798,99010.9405103861,100359.317917806
"skewness",0.625079896306141,0.295393191364233,0.317037062736613,0.293340979038897
"kurtosis",0.407115474622392,-0.0481582175367046,-0.0181729244979585,-0.0521647933158182
