"","v_bh","v_daily","v_mon","v_con"
"mean",1316249.24258547,1265501.54788497,1269303.1155445,1265264.10951289
"sd",201248.379855635,150810.173760946,154997.219582949,150640.420310687
"skewness",0.594366165045959,0.260198882749118,0.297529992186962,0.260582514358918
"kurtosis",0.358103014292405,-0.0530925562475622,-0.0344858539738322,-0.0522416976906621
