"","v_bh","v_daily","v_mon","v_con"
"mean",1298398.2355462,1283034.17169946,1284299.20127266,1282995.19650869
"sd",114788.353884389,98169.0490202231,99371.9483469586,98116.871340119
"skewness",0.384497229170723,0.193746079445717,0.208314411892558,0.19211199749195
"kurtosis",-0.135146074915059,-0.280102174218544,-0.275184062484054,-0.281241936852057
