"","v_bh","v_daily","v_mon","v_con"
"mean",965317.915837142,958560.853863655,959576.395378001,958496.214111932
"sd",207434.252169727,232206.983295243,230347.334347729,232326.091211817
"skewness",1.43362456811632,0.621479711505409,0.675574259204088,0.618805402985631
"kurtosis",3.34974338377927,0.663893536208628,0.806506475165632,0.650780567129206
