"","v_bh","v_daily","v_mon","v_con"
"mean",1403288.22349908,1379676.91946083,1381547.70161142,1379612.5331343
"sd",303505.112664926,247157.04483102,250942.669341896,247129.296793275
"skewness",1.16081195350453,0.521605296411556,0.570822138871864,0.520224037122167
"kurtosis",2.98022311885865,0.541845915872036,0.683987572643414,0.544688164998155
