"","v_bh","v_daily","v_mon","v_con"
"mean",1274242.9497996,1262675.97391381,1263588.14610143,1262603.19208553
"sd",142860.466918674,123070.568115956,124680.846043332,123024.506407061
"skewness",0.650166456396253,0.40745120530324,0.43195478224085,0.405439815828567
"kurtosis",0.244986997643024,-0.156549661070078,-0.120822212428551,-0.158794583826869
