"","v_bh","v_daily","v_mon","v_con"
"mean",1027033.03488694,1019663.34245957,1020255.75938479,1019636.84339827
"sd",22951.1423128938,25861.4678798891,25629.4250176175,25873.17335474
"skewness",0.135581648147501,0.065252881734782,0.0690194564040965,0.0649678125041362
"kurtosis",-0.106199207110522,-0.152792236678808,-0.151416105381876,-0.152811617837949
