"","v_bh","v_daily","v_mon","v_con"
"mean",970214.671370685,967208.343117411,967518.088325348,967232.69464861
"sd",133746.02383634,143973.528906611,143012.923473718,143935.368198881
"skewness",0.814669517788472,0.346342709390277,0.382189328362757,0.346331851979356
"kurtosis",1.06536122933674,0.224479890555171,0.27064524399719,0.222296400418022
