"","v_bh","v_daily","v_mon","v_con"
"mean",970033.699819524,968697.169615583,968801.331500454,968687.744457413
"sd",70187.8698394987,73584.2714749493,73329.4146824059,73601.073280634
"skewness",0.429278801189553,0.221239237916066,0.235426688318821,0.221286174866736
"kurtosis",0.0769948959781588,-0.127467504560703,-0.113809312815231,-0.12499530292181
