"","v_bh","v_daily","v_mon","v_con"
"mean",1020629.4685967,1020327.94184094,1020580.66065252,1020357.91625219
"sd",131438.884101816,128539.024336316,128842.959371301,128514.750231664
"skewness",0.534103549090179,0.235686940562499,0.257093937882447,0.233858580243819
"kurtosis",-0.0416549242775268,-0.342090811871869,-0.326265948921018,-0.344198992968194
