"","v_bh","v_daily","v_mon","v_con"
"mean",1253387.39527121,1227685.57568519,1229006.6685256,1227617.46620114
"sd",313025.743456098,247710.728365445,252756.730615409,247534.315779709
"skewness",1.24564422707689,0.61166070793288,0.667808833922581,0.610241165315037
"kurtosis",2.23634987860522,0.523744253166331,0.643943723917042,0.525290509282443
