"","v_bh","v_daily","v_mon","v_con"
"mean",1175380.03933136,1162257.64392634,1163303.99577059,1162212.04065944
"sd",33726.4723366832,28964.4641671165,29341.8372183883,28947.9140415583
"skewness",0.312171263354284,0.229456975863038,0.237851864267312,0.229103715715853
"kurtosis",0.36838796448454,0.266015230199371,0.278564276816086,0.264864833846649
