"","v_bh","v_daily","v_mon","v_con"
"mean",1126241.23821049,1119990.55760904,1121297.23149512,1120004.1177228
"sd",231593.856061863,204674.112376767,207164.09040723,204597.147573571
"skewness",1.17748790829392,0.599713616401109,0.638039263229958,0.597259336818207
"kurtosis",2.21680471289051,0.486717669339902,0.551385047221113,0.47899044523417
