"","v_bh","v_daily","v_mon","v_con"
"mean",1075124.77971846,1074905.18970006,1075274.7235917,1074816.61176551
"sd",228760.515222772,217380.580423067,217815.186936579,217345.732383649
"skewness",1.21664842908442,0.596536925949742,0.635329198217456,0.593680009334274
"kurtosis",2.37125260321636,0.390332100080054,0.480790536783467,0.387853435343079
