"","v_bh","v_daily","v_mon","v_con"
"mean",1143004.98851342,1142979.11124956,1142952.95970099,1142976.21231
"sd",114710.748771345,114728.265483328,114742.521564788,114685.593718866
"skewness",0.548421407426808,0.281471282447989,0.299993539414056,0.280689613076527
"kurtosis",0.172727289135604,-0.130344216611591,-0.118288373459167,-0.131123883271394
