"","v_bh","v_daily","v_mon","v_con"
"mean",1089415.98115464,1089933.92592332,1089405.49256165,1089872.76472886
"sd",284104.646262487,275056.515495865,274838.145678095,274909.191843433
"skewness",1.57722736218363,0.745998837985837,0.797771699823725,0.747458511284452
"kurtosis",3.61034256740922,0.834937166419488,0.983384856970674,0.844063498925908
