"","v_bh","v_daily","v_mon","v_con"
"mean",1090785.79348024,1085664.17566169,1086176.75947079,1085637.29451673
"sd",179829.818064034,160522.589616756,162272.031447552,160450.020351149
"skewness",0.854858615736921,0.394355664210363,0.432819723426934,0.393849998122958
"kurtosis",1.25987303217095,0.228342981272873,0.284585855905584,0.226012519265948
