"","v_bh","v_daily","v_mon","v_con"
"mean",1146239.32958361,1136933.38614548,1137501.63751421,1136836.03537989
"sd",257720.147498322,215308.271487229,218472.103385466,215180.207283796
"skewness",1.37679719363613,0.676565248132825,0.7249331568557,0.676223075126421
"kurtosis",3.62150613103294,0.864762888938092,1.00209986574398,0.866857375778924
