"","v_bh","v_daily","v_mon","v_con"
"mean",1240476.51508893,1238919.38079924,1239146.19156549,1238828.51785153
"sd",314825.93673793,274333.866536589,278191.133561419,274315.170764593
"skewness",1.8808200004999,0.945614358652906,1.04036126940385,0.944296359675335
"kurtosis",6.01813876863742,1.75744917454606,2.1103077291472,1.74972081127988
