"","v_bh","v_daily","v_mon","v_con"
"mean",888988.728989302,874311.762853004,875340.88013335,874238.766303046
"sd",131249.055035608,154604.697589428,152865.844065856,154688.000519508
"skewness",1.08437596829799,0.479362327915695,0.519925978611285,0.476833903230413
"kurtosis",2.07072082401278,0.531026516922621,0.62215218136785,0.527032466407277
