"","v_bh","v_daily","v_mon","v_con"
"mean",1133166.46199234,1122787.29480851,1123626.43060639,1122749.48970655
"sd",32528.9110902719,28419.5470009547,28739.5584491083,28404.5316641599
"skewness",0.0696038432281831,-0.00190035617891002,0.00299641000922518,-0.00206520153733287
"kurtosis",-0.0901140646654639,-0.121642785953032,-0.121742257594874,-0.1211172315327
