"","v_bh","v_daily","v_mon","v_con"
"mean",1220762.04750124,1192461.91011335,1194372.88658576,1192501.20990585
"sd",370532.71431923,294071.261066392,299831.547556425,293976.16354301
"skewness",1.12630468547509,0.447391162198772,0.507337993204104,0.448492437243981
"kurtosis",1.82055137652389,0.0393112304899712,0.141175081152989,0.0474705806459856
