"","v_bh","v_daily","v_mon","v_con"
"mean",857738.584168155,851824.000682763,853223.127970412,851780.838510753
"sd",210860.996922973,220387.174706986,220303.752783897,220534.070796472
"skewness",1.83049789307079,0.900125324333245,0.965568897145798,0.89888729025914
"kurtosis",5.02165528528464,1.32063344435267,1.52293773629829,1.32562280030314
