"","v_bh","v_daily","v_mon","v_con"
"mean",1160937.29543794,1155850.15158604,1155866.0335996,1155965.50722945
"sd",351755.53740342,307528.2144054,310778.047867805,307550.941540033
"skewness",2.14564350015345,1.01795042988984,1.08158288430239,1.0216993818304
"kurtosis",7.7000764252314,1.88588923717738,2.05514081520425,1.90903696134612
