"","v_bh","v_daily","v_mon","v_con"
"mean",943994.326077808,921366.615566052,923159.25395068,921284.94404252
"sd",17521.8001318664,21857.126718683,21520.719646554,21873.4482368406
"skewness",0.0911511596617242,0.024224362318634,0.0289983704543183,0.0237380923838208
"kurtosis",-0.101974342023426,-0.106794356028193,-0.104690381038947,-0.107166630340897
