"","v_bh","v_daily","v_mon","v_con"
"mean",982525.385918591,982345.702822421,982404.937079954,982342.032963083
"sd",73387.313590946,74243.1615191975,74173.1608075213,74234.1008463771
"skewness",0.496632804630711,0.280941524031664,0.297322187679063,0.28060172030212
"kurtosis",0.270817516805006,-0.0229321297376868,-0.00606734159256961,-0.0215407922825728
