"","v_bh","v_daily","v_mon","v_con"
"mean",1380737.32835851,1351295.05995629,1353323.24638868,1351298.53367868
"sd",391255.107954386,310711.566149156,317179.152940457,310734.558028383
"skewness",1.3201881997443,0.559936808180506,0.627329854208334,0.560016446544937
"kurtosis",3.22024611265279,0.46960954184101,0.613238682263414,0.475938402844467
