"","v_bh","v_daily","v_mon","v_con"
"mean",919151.09903072,913625.366074838,914065.656415463,913607.93770025
"sd",20614.7861742138,23004.9386687385,22818.2781701811,23014.093390643
"skewness",0.115099120841284,0.032690835714734,0.0381705765182442,0.0325663424745134
"kurtosis",0.201256618493704,0.183005020839845,0.184150901489403,0.183316389264184
