"","v_bh","v_daily","v_mon","v_con"
"mean",938859.044781354,924964.220129624,926055.875644149,924915.792776015
"sd",20197.7473041704,24007.9897530475,23707.3753280065,24022.6183173607
"skewness",0.0977245782050024,0.0223541133446271,0.02768424130899,0.0220936916692507
"kurtosis",-0.0483438230204758,-0.0602764763192201,-0.0596126213132373,-0.0603580729985267
