"","v_bh","v_daily","v_mon","v_con"
"mean",946378.5669572,944277.751475702,944608.449416176,944288.190563917
"sd",245129.14141256,246106.975139543,246044.16877574,246156.750065942
"skewness",1.43276422297843,0.640563767162342,0.687329523487899,0.638219907754492
"kurtosis",2.99905553023888,0.496662309959151,0.551458184365562,0.484550755036254
