"","v_bh","v_daily","v_mon","v_con"
"mean",1222774.59476526,1206162.36787088,1206287.58855296,1206450.35527753
"sd",389916.79531089,304315.558650804,309095.876046048,304166.053671589
"skewness",2.62268282610249,1.01797661304863,1.13897662610916,1.01240952279882
"kurtosis",16.5107641999586,2.78559702697247,3.51705070090711,2.74516908812085
