"","v_bh","v_daily","v_mon","v_con"
"mean",937941.959000936,937416.461170618,937662.973161662,937481.115835961
"sd",157512.510913983,162562.054770043,162188.930024501,162635.329951912
"skewness",0.898614794998884,0.429899386601021,0.480312753293247,0.427698376823768
"kurtosis",0.964857085746696,0.0186547590908863,0.12759697506747,0.0119278686765032
