"","v_bh","v_daily","v_mon","v_con"
"mean",878589.098948387,872491.160137265,873170.152918905,872503.455783091
"sd",100730.162502998,111253.028407413,110452.323681192,111299.666468436
"skewness",0.809815795772835,0.44714958267078,0.471562183127356,0.445987336482233
"kurtosis",0.809560084563626,0.112431707550287,0.156824713631261,0.10908247589676
