"","v_bh","v_daily","v_mon","v_con"
"mean",1002265.86698457,1001391.53102033,1001420.05700555,1001394.31716247
"sd",145439.281948939,149338.368311865,149167.529620083,149336.251002903
"skewness",0.963027626958798,0.525050883109128,0.551151252996421,0.523134924286423
"kurtosis",1.26430528639956,0.258687524231566,0.292409108832661,0.254032845111777
