"","v_bh","v_daily","v_mon","v_con"
"mean",1201765.92692965,1196802.49174322,1197228.12733063,1196711.4749804
"sd",172477.313310911,156134.81595342,157410.389459045,156034.27720076
"skewness",0.868458389623824,0.419915554092493,0.457265123460837,0.417420596293107
"kurtosis",1.72249123669558,0.412103008096378,0.501104893139684,0.404957679654273
