"","v_bh","v_daily","v_mon","v_con"
"mean",1050975.22122293,1046309.12447333,1046681.16844301,1046290.81206639
"sd",24038.7606323537,26414.385124685,26225.5871368787,26422.0981146385
"skewness",0.104506747502294,0.026478808252183,0.0311562216440522,0.0258552756545651
"kurtosis",0.0797662056280668,0.0752044120346733,0.07544386571035,0.074894073009443
