"","v_bh","v_daily","v_mon","v_con"
"mean",956038.945482218,951430.520154541,951796.449302659,951414.591514618
"sd",21626.2821831071,23861.6929912408,23682.127522026,23870.1506122451
"skewness",0.0970749499331885,0.0209104952404803,0.0255052845630221,0.020790492525759
"kurtosis",0.037681115704058,0.0257213214702579,0.0252027456218409,0.0258565269503892
