"","v_bh","v_daily","v_mon","v_con"
"mean",1275012.95130622,1249239.90352397,1251178.99878321,1249117.2460397
"sd",156731.535398066,126580.556664741,128671.352779861,126469.314171911
"skewness",0.682900183293672,0.388180973139926,0.411829101046412,0.386019181562017
"kurtosis",0.578302493646229,0.12098691139462,0.144478956343988,0.115915920713986
