"","v_bh","v_daily","v_mon","v_con"
"mean",1051530.62696434,1048083.99691328,1048443.42974574,1048179.85024626
"sd",215383.016914576,196680.277987536,198844.382451452,196635.052721621
"skewness",1.50003959592279,0.707204034714365,0.781916158318016,0.703044231430871
"kurtosis",4.46097544664283,1.30044525695066,1.538188739377,1.28835145287217
