"","v_bh","v_daily","v_mon","v_con"
"mean",1158088.23053274,1151287.49063311,1151834.04175197,1151265.36615918
"sd",187703.363479749,163769.81514783,165590.60494826,163725.994207641
"skewness",0.950023367775354,0.469594324590182,0.501617843070489,0.469614829091806
"kurtosis",1.52097164456499,0.493223207394949,0.540031358518857,0.493190526222568
