"","v_bh","v_daily","v_mon","v_con"
"mean",872229.386795576,859074.88760148,860192.65244257,859097.959418372
"sd",135799.454445927,154676.018775292,153034.470311736,154711.371964496
"skewness",1.57373736131228,0.701386972044849,0.749067367552197,0.697660785588014
"kurtosis",6.19022549288798,1.52219931194292,1.69849225486943,1.50468148428637
