"","v_bh","v_daily","v_mon","v_con"
"mean",1110467.60440332,1104962.64272525,1105399.35674581,1104945.67336255
"sd",30754.9704382748,27830.0977634051,28070.7153966594,27818.9556960525
"skewness",0.149299241121536,0.07356154617975,0.0806747973167615,0.0734376634352488
"kurtosis",0.0307610803868403,0.0153021057215308,0.0208023754500326,0.0153605383439914
