"","v_bh","v_daily","v_mon","v_con"
"mean",1385290.17459143,1355753.96309226,1358035.52767345,1355643.37477935
"sd",125418.295791001,100906.33639241,102750.980802033,100815.562171646
"skewness",0.602440616486729,0.364435486035231,0.38349677636219,0.363686700219412
"kurtosis",0.759099361169776,0.245819895493618,0.274921436103603,0.245561966633432
