"","v_bh","v_daily","v_mon","v_con"
"mean",1150218.80327744,1149389.07254403,1149531.81365472,1149404.57704199
"sd",182045.356892179,171552.027500064,172186.394022303,171558.052852147
"skewness",0.863119946412808,0.450034510003252,0.482206258936309,0.447442689230285
"kurtosis",0.781653051946131,0.111023047802872,0.141470606629571,0.105724429176405
