"","v_bh","v_daily","v_mon","v_con"
"mean",868302.359327917,863935.252331833,864208.926674793,863907.878780585
"sd",124106.759447274,134013.790943414,132996.209047631,134012.591788264
"skewness",0.824774354292362,0.475551159052132,0.507237689513948,0.474592981630885
"kurtosis",0.391506707630218,-0.238928325047538,-0.187640592987801,-0.239262320246599
