"","v_bh","v_daily","v_mon","v_con"
"mean",855810.227523498,842621.789626819,843657.628729329,842509.589223981
"sd",155639.958404563,175810.428591779,173805.852106514,175761.520368568
"skewness",1.60091657752698,0.773589586330939,0.814895991739756,0.774527729853792
"kurtosis",5.12842234624246,1.11434286481547,1.24746929137159,1.13522499496971
