"","v_bh","v_daily","v_mon","v_con"
"mean",900090.578033628,896600.718417044,896859.353100613,896586.124323888
"sd",40438.0031466561,44095.3287962009,43802.5491894366,44102.9743791108
"skewness",0.298073069741158,0.163472255544367,0.174622809870418,0.163003238355769
"kurtosis",-0.0453636316823163,-0.149530686140006,-0.131491341185307,-0.149980407311002
