"","v_bh","v_daily","v_mon","v_con"
"mean",913244.741768826,912385.598666459,912414.550675291,912380.671911515
"sd",67544.232679131,70347.4059953218,70103.6145633685,70350.9810819719
"skewness",0.320255422161522,0.100005320256668,0.115743858387517,0.0995691458086761
"kurtosis",0.0804844476402851,-0.0905117524347263,-0.0837044188693787,-0.0899155024257623
