"","v_bh","v_daily","v_mon","v_con"
"mean",1275065.96059065,1267991.08541029,1268100.47044131,1267926.56061327
"sd",333406.967268156,293532.996656774,295921.523235928,293598.40743099
"skewness",1.42837030400746,0.600061853684187,0.66292144929686,0.59738112613562
"kurtosis",3.97949390264927,0.677511488630659,0.913869609457976,0.671663830175113
