"","v_bh","v_daily","v_mon","v_con"
"mean",1093970.46064061,1091983.35576139,1092390.33330781,1091956.44362036
"sd",207391.741583163,189904.410789571,191647.27745954,189866.037572459
"skewness",0.990490290365201,0.521124387659538,0.57570611186938,0.520151010141545
"kurtosis",1.13121131550564,0.115110228567208,0.22362992160006,0.113253907486404
