"","v_bh","v_daily","v_mon","v_con"
"mean",1357689.72842476,1316004.669344,1319312.7129375,1315842.6611056
"sd",161600.645195613,123227.809625278,126275.779244253,123083.058805709
"skewness",0.989620172434392,0.523935714191043,0.576030260890048,0.522399007266682
"kurtosis",3.48291501463831,1.42208831134202,1.63812516084968,1.41127216176017
