"","v_bh","v_daily","v_mon","v_con"
"mean",819279.128885196,794420.375166234,796476.609054689,794341.175217618
"sd",62070.1876832789,79633.5289486068,78343.3707285373,79703.1364292092
"skewness",0.401663256051769,0.157383780147101,0.176105240283686,0.157800062960793
"kurtosis",-0.149150164015138,-0.356276932309208,-0.352694268742757,-0.356662451097193
