"","v_bh","v_daily","v_mon","v_con"
"mean",1134839.35471411,1134855.12348619,1134870.14421484,1134866.17377984
"sd",82296.7662981721,83348.4235114221,83218.5457361207,83347.084708032
"skewness",0.353578439356795,0.128138186453008,0.151765879433159,0.128033724598724
"kurtosis",0.194042374666602,0.0740712319886945,0.0839640502620629,0.0751616300832576
