"","v_bh","v_daily","v_mon","v_con"
"mean",1115766.76835453,1112811.87015917,1113746.20203379,1112893.08748634
"sd",310411.697061002,277692.10746929,280335.880513834,277441.755517087
"skewness",1.2774119857992,0.629777881411181,0.680886938191438,0.624764010218708
"kurtosis",1.80615559286427,0.251713474310585,0.316077497869524,0.237972034074933
