"","v_bh","v_daily","v_mon","v_con"
"mean",1166745.49573793,1158880.98141173,1159123.10073385,1158945.69002429
"sd",262210.157719811,226280.413782635,229225.692972285,226310.675164311
"skewness",1.13834276731448,0.527457863944835,0.585162293329893,0.528770368573557
"kurtosis",2.18054458106076,0.342764837500491,0.457935491070602,0.349055373195037
