"","v_bh","v_daily","v_mon","v_con"
"mean",948172.894027161,946249.047164672,945932.261347142,946125.44717555
"sd",227798.313970152,222868.300326685,222797.230685807,222604.73522325
"skewness",1.64876015053383,0.851196327014786,0.908957898714086,0.845657910731037
"kurtosis",3.9692469791289,1.10225897501067,1.25954386482014,1.07936473148127
