"","v_bh","v_daily","v_mon","v_con"
"mean",842860.051303605,824984.784807802,826609.806433823,824876.772924699
"sd",96705.1947866651,118645.421452313,117071.47333381,118684.086339207
"skewness",0.781386806676666,0.349430145582769,0.377064412350857,0.349489447467241
"kurtosis",0.884591201147312,0.13187818399001,0.151163674381467,0.136091732302227
