"","v_bh","v_daily","v_mon","v_con"
"mean",994616.246934386,982881.085098895,983606.999319002,982842.330848692
"sd",146749.214088831,170852.411284513,168745.602962487,170926.621750357
"skewness",0.775193451342052,0.338164100111433,0.36379509431246,0.338896006832737
"kurtosis",0.455921887524134,-0.161790119781657,-0.139033915894133,-0.159940728269175
