"","v_bh","v_daily","v_mon","v_con"
"mean",1020058.52401263,1019343.71471761,1019743.16022606,1019377.12771918
"sd",278924.592118162,251585.106972756,254107.64645839,251797.823031956
"skewness",1.3752074716164,0.689867435914704,0.752103952345335,0.689511992970688
"kurtosis",2.34382469511849,0.424060033149085,0.557973390289071,0.422003168951625
