"","v_bh","v_daily","v_mon","v_con"
"mean",886062.727406512,883811.666706934,884006.742978845,883799.77686097
"sd",40500.968966831,43555.487264128,43323.5099048839,43565.7732280891
"skewness",0.203604933156974,0.043007914218688,0.0573663168824706,0.0424725874446323
"kurtosis",0.159523280427714,0.206766446341378,0.196042293210812,0.207158350197981
