"","v_bh","v_daily","v_mon","v_con"
"mean",885482.620739563,869957.997653433,871346.296238756,869895.925422061
"sd",75070.8182164391,89028.8755504725,87989.3710000619,89088.1516760447
"skewness",0.820394088903302,0.475379802780136,0.497947185849934,0.474946455770756
"kurtosis",1.25532376284334,0.455161163822094,0.503639202629487,0.457099739345848
