"","v_bh","v_daily","v_mon","v_con"
"mean",1366213.54354337,1302459.46639022,1307726.73900999,1302109.94386524
"sd",364203.062711327,259134.683905507,267085.676121498,258846.106650126
"skewness",1.23306390859836,0.585123648108593,0.648300239325766,0.583934175836241
"kurtosis",2.42934072144584,0.532662804431629,0.636807204594747,0.531181743288589
