"","v_bh","v_daily","v_mon","v_con"
"mean",920849.519331065,918838.65008995,919005.495082081,918832.313816198
"sd",45338.3945341497,48392.3720548005,48134.8994161212,48403.2474817906
"skewness",0.179758490560833,0.0324910095198703,0.0423598248416925,0.0320880622251798
"kurtosis",-0.0791627070510041,-0.131400601890276,-0.122198745139584,-0.13054140940732
