"","v_bh","v_daily","v_mon","v_con"
"mean",991194.166834025,978463.758666064,979458.690906693,978422.644424363
"sd",62853.8787192457,73212.7377436533,72337.5360777154,73241.4530149377
"skewness",0.613888689060733,0.334801485564397,0.352886781337171,0.334878905639328
"kurtosis",1.20306239717496,0.5522863844952,0.577926373236239,0.554657821055454
