"","v_bh","v_daily","v_mon","v_con"
"mean",1018585.73873353,1019063.83456467,1019022.39346773,1019088.1142743
"sd",212227.670742852,202502.510651754,203289.798911763,202599.845531356
"skewness",1.20099984901523,0.602398466858825,0.640319744811757,0.600427443275688
"kurtosis",1.98678837497653,0.427663532996973,0.491087817654544,0.424446822252079
