"","v_bh","v_daily","v_mon","v_con"
"mean",1149412.91698615,1139621.0717023,1140536.18754821,1139577.06046914
"sd",238365.325027769,201895.071070347,204559.938935387,201648.426686101
"skewness",1.39451720874067,0.682888936269024,0.728158775315106,0.678666091446193
"kurtosis",4.10769776871567,1.06353965943887,1.19801502988172,1.04887574158036
