"","v_bh","v_daily","v_mon","v_con"
"mean",824080.331350911,804822.454798615,806079.936351231,804784.951783506
"sd",118989.872947447,143829.925905036,141724.033704963,143917.664889658
"skewness",1.16350183717372,0.570250503705518,0.60502774675586,0.568741161593059
"kurtosis",2.38980134088282,0.510512318395519,0.59669597580104,0.507539298234077
