"","v_bh","v_daily","v_mon","v_con"
"mean",1026947.75676002,1024265.91882818,1024482.56541783,1024264.72694279
"sd",49363.1594521075,52813.5468438575,52556.7229030434,52823.551746351
"skewness",0.36929031702321,0.205718174303897,0.219072098188768,0.205019673666909
"kurtosis",0.293990336800663,0.171504278267466,0.182403872533889,0.173864628323437
