"","v_bh","v_daily","v_mon","v_con"
"mean",1158082.77780897,1158029.24487417,1158029.27443056,1158028.64435224
"sd",29487.6579946258,29319.7301834256,29332.2482738118,29317.131175117
"skewness",0.00622013111802173,-0.0629115279731752,-0.0569197647059139,-0.0631156144289053
"kurtosis",-0.202649347131881,-0.169312926158521,-0.174571085123015,-0.169506222773181
