"","v_bh","v_daily","v_mon","v_con"
"mean",1097307.7327251,1092843.82210686,1093295.02307241,1092804.58073619
"sd",153823.318758943,138745.131655922,140096.675499511,138673.560438176
"skewness",0.799190566813054,0.429271461913365,0.454418764785971,0.426733752783929
"kurtosis",0.875652641982819,0.139071321105876,0.168161338307389,0.136450316888256
