"","v_bh","v_daily","v_mon","v_con"
"mean",978882.490513353,978324.431400222,978806.612110659,978414.501221049
"sd",208529.520201183,198110.004575968,199131.300445288,198032.560246523
"skewness",1.13840835163768,0.540416746034546,0.599998713607713,0.537161843532093
"kurtosis",1.86376489861141,0.288871443542329,0.398335624215064,0.290405134237643
