"","v_bh","v_daily","v_mon","v_con"
"mean",1137960.29778788,1132229.33870443,1132739.63594394,1132213.38301313
"sd",156178.069354351,138972.62923974,140389.390823793,138941.196051201
"skewness",0.755085796873865,0.407942443422235,0.431326496072008,0.406951392760047
"kurtosis",0.592204486948558,0.097581546765273,0.131702490631859,0.0987953658440341
