"","v_bh","v_daily","v_mon","v_con"
"mean",1280637.35887129,1239712.1553356,1242460.29293202,1239576.20416441
"sd",357627.521312224,271917.941444445,277944.220674353,271566.207171347
"skewness",1.03651829551656,0.468220481735128,0.524379238479193,0.467680393203423
"kurtosis",1.23025155986916,-0.0192200467207622,0.0773726673127553,-0.0171061602752451
