"","v_bh","v_daily","v_mon","v_con"
"mean",930108.617351023,903853.612197657,905959.026842226,903763.840625767
"sd",35534.2242366087,45082.4354433887,44349.8864697838,45113.3210535549
"skewness",0.304077276302346,0.161373272854901,0.17339624277259,0.160964211796727
"kurtosis",0.0293167624824076,-0.0584489350878998,-0.0442439943414685,-0.0585702972133011
