"","v_bh","v_daily","v_mon","v_con"
"mean",999317.026214409,987929.230897999,988728.727533208,987889.710046764
"sd",108221.52000141,124034.758577136,122702.005189108,124126.782243341
"skewness",0.785455584517015,0.430899795356517,0.460924028377393,0.430017947763975
"kurtosis",0.693767416670295,0.0938529422791259,0.134127253810683,0.0944461938527126
