"","v_bh","v_daily","v_mon","v_con"
"mean",1299241.67772445,1268122.53349358,1270580.98961681,1268057.12000878
"sd",168913.332001272,135069.631566564,137822.195113267,134954.728752543
"skewness",0.541697443152948,0.271276477469947,0.29838427622079,0.269408313680473
"kurtosis",0.0755765028156987,-0.202649747269064,-0.186551819254241,-0.206431166610593
