"","v_bh","v_daily","v_mon","v_con"
"mean",1119358.6426404,1113382.21567999,1113914.34297759,1113353.21391738
"sd",120558.601505649,107734.245661177,108731.904854295,107705.295016314
"skewness",0.55544790029745,0.270559596307031,0.302185206024704,0.270261498652481
"kurtosis",0.429284392029687,0.0381741137352996,0.0879464728587482,0.0364471136424287
