"","v_bh","v_daily","v_mon","v_con"
"mean",853964.576279835,841445.60400347,842446.130539302,841400.527711625
"sd",17857.007089599,21148.0098476686,20881.9843309885,21159.7270045003
"skewness",0.337241018819335,0.265796485380913,0.269509435771386,0.265822364143733
"kurtosis",0.0248105425540222,-0.0357331665908971,-0.0341135846639427,-0.0361651189509269
