"","v_bh","v_daily","v_mon","v_con"
"mean",881206.38261597,878548.416960745,878709.019544347,878563.125049107
"sd",102881.362563921,110108.454890208,109645.549286582,110127.927723094
"skewness",0.697931807241018,0.35770258716951,0.380258382345205,0.358181868465094
"kurtosis",0.488486223857072,-0.0536574559413796,-0.0158028176495977,-0.0529361897172231
