"","v_bh","v_daily","v_mon","v_con"
"mean",1049685.85375673,1049758.21640843,1049724.55065563,1049770.01439874
"sd",50463.5343825189,50715.3088175556,50670.5369207438,50712.5715372092
"skewness",0.0232975553390297,-0.120801067679332,-0.107763369105864,-0.120998698803105
"kurtosis",-0.0887205747991664,0.0266450941249343,0.0161859637470343,0.0269745170639544
