"","v_bh","v_daily","v_mon","v_con"
"mean",1131490.03648878,1131044.25367092,1131080.7236245,1131041.10136474
"sd",29018.1100419518,28168.8104919849,28237.0713546167,28165.09591452
"skewness",0.262886832799419,0.188232896942163,0.193710708881484,0.188065073276695
"kurtosis",0.074252388808048,0.0393429160702854,0.0380029154760986,0.0396318242204776
