"","v_bh","v_daily","v_mon","v_con"
"mean",1183014.58753459,1159821.81439553,1161662.13206778,1159742.13423912
"sd",73072.1880639339,59840.5848944815,60870.832754219,59793.1019782414
"skewness",0.270064916134688,0.10783179486122,0.123970710379179,0.107269231521515
"kurtosis",0.187696524749205,0.1233342486701,0.125596796712198,0.123373605979383
