"","v_bh","v_daily","v_mon","v_con"
"mean",1232607.01378218,1213963.91474091,1215283.63510955,1213909.42477516
"sd",147901.545476852,123993.607171677,125938.060845758,123894.325220059
"skewness",0.46492517355376,0.215933950186894,0.240112794609466,0.214910383295531
"kurtosis",-0.0780828298750977,-0.30958643544156,-0.290271924971913,-0.309744425066015
