"","v_bh","v_daily","v_mon","v_con"
"mean",1369083.40728008,1314923.21265939,1318781.19046356,1314868.53262728
"sd",393766.501906909,289584.548318407,297753.539361454,289305.435415813
"skewness",1.11274005541444,0.514723631716223,0.577985156102898,0.51268355749969
"kurtosis",1.59183271626561,0.111912867822756,0.223502612642335,0.113203432983271
