"","v_bh","v_daily","v_mon","v_con"
"mean",1093644.04666323,1086546.75664099,1087267.41455802,1086521.08671638
"sd",227479.741830286,198600.47221244,200974.419540958,198527.61612006
"skewness",1.21573060902812,0.622586213767485,0.666315051073574,0.618517867344975
"kurtosis",2.25952630984049,0.607652458287123,0.69388684820751,0.598820115761248
