"","v_bh","v_daily","v_mon","v_con"
"mean",876509.49143171,847260.460831016,849612.419245625,847141.120158281
"sd",69003.9877861375,89079.0636971715,87479.443590013,89148.8089459492
"skewness",0.529632391496672,0.235594746847274,0.253828936458864,0.236237780207075
"kurtosis",0.223999839727255,-0.0725038407606866,-0.0574912180872511,-0.0693180998118774
