"","v_bh","v_daily","v_mon","v_con"
"mean",1194605.99682322,1174481.51686553,1176306.18404738,1174360.58955778
"sd",187080.043620279,153744.331577323,156458.693502216,153640.310247983
"skewness",0.858244538120843,0.420841725199784,0.459480176332902,0.41795553636126
"kurtosis",1.36504392095345,0.413944612448011,0.505261633393359,0.410151565257715
