"","v_bh","v_daily","v_mon","v_con"
"mean",1342184.07699721,1292148.08670444,1296062.61888669,1291906.72666956
"sd",219618.510805308,166294.012694888,170336.973164211,166035.870004723
"skewness",0.574909949264836,0.242381677413822,0.275627687020155,0.239922096023417
"kurtosis",0.187840909242544,-0.194278026348589,-0.163256830387591,-0.191892399324242
