"","v_bh","v_daily","v_mon","v_con"
"mean",979027.105537676,978091.616732533,978320.080685786,978187.445044791
"sd",143987.465971115,147751.244117391,147739.415192198,147764.846578716
"skewness",0.961724447259912,0.435106525193399,0.489813379345183,0.434074961886332
"kurtosis",1.87806621352922,0.47653110707124,0.600641243352377,0.476539651147045
