"","v_bh","v_daily","v_mon","v_con"
"mean",1096340.50011304,1092537.15135493,1092882.05473662,1092527.11466467
"sd",321064.931702204,276001.151112248,279237.893795602,276166.926604164
"skewness",2.16577007171616,0.866276329995957,0.963068928427968,0.869230475395814
"kurtosis",9.59058206817158,1.97935478161155,2.36191233933069,2.00853505099346
