"","v_bh","v_daily","v_mon","v_con"
"mean",1079329.91534517,1077235.89732082,1077380.14792249,1077245.09766472
"sd",72688.8371534057,77702.3881719156,77317.8701400232,77706.8363441252
"skewness",0.297950786613315,0.0770386060264851,0.094471523348147,0.075158496553203
"kurtosis",0.246680998582025,0.0496596214131637,0.0680246124192023,0.0471021215716365
