"","v_bh","v_daily","v_mon","v_con"
"mean",1109830.04595917,1108159.89274501,1108397.56846191,1108134.10783183
"sd",119712.056726444,111982.21481965,112473.536767907,111950.676141737
"skewness",0.713015670578769,0.414297120489249,0.435687860621784,0.413975195714692
"kurtosis",0.70379152077596,0.141644511077332,0.180352753791133,0.138974123415697
