"","v_bh","v_daily","v_mon","v_con"
"mean",1257154.61445206,1250455.87369988,1250399.24057121,1250279.83150954
"sd",271412.001655558,236736.669107383,239622.405540241,236678.444844635
"skewness",0.94707472626819,0.449087277628453,0.492593844178385,0.446933756885225
"kurtosis",1.05049648853112,-0.0105785185227494,0.0494076635519147,-0.0193671360795729
