"","v_bh","v_daily","v_mon","v_con"
"mean",828239.166151454,814069.886749116,815148.129572183,814025.056682457
"sd",69848.1691753652,83682.4422279482,82532.7005215212,83720.8991488438
"skewness",0.506980822091684,0.235289443545032,0.255867525240176,0.234722288971339
"kurtosis",0.135382822983856,-0.177026123704167,-0.152538432713181,-0.177924626683869
