"","v_bh","v_daily","v_mon","v_con"
"mean",1167455.94868891,1155947.07030684,1156604.68287692,1155997.37675418
"sd",251724.309038854,216093.974976123,218940.487875498,215991.50081936
"skewness",1.09574512542591,0.559843452153057,0.607371935633119,0.559109813993893
"kurtosis",1.63774653899564,0.250045196342348,0.338324044683934,0.246967338152856
