"","v_bh","v_daily","v_mon","v_con"
"mean",1317234.27106861,1274689.92685903,1278371.21027724,1274594.70221065
"sd",285400.50381706,217422.838944946,222909.638035443,217275.344411209
"skewness",0.860739126044163,0.411309148899755,0.453405207796953,0.410416782632513
"kurtosis",0.887846429004356,-0.0657810948847404,-0.0120944835032941,-0.0675882676587736
