"","v_bh","v_daily","v_mon","v_con"
"mean",838922.595862061,827393.480832484,828640.336325469,827435.633821523
"sd",162666.584362493,186605.72936836,184594.57960441,186703.253204797
"skewness",1.32693544542814,0.652479701130609,0.695937080197947,0.649029902032761
"kurtosis",2.48425745025972,0.481015012775262,0.542440196839786,0.4709061894084
