"","v_bh","v_daily","v_mon","v_con"
"mean",928402.995616708,902208.294460678,904608.130066695,902074.765981543
"sd",106664.847292762,132794.332984542,130811.305975367,132941.532364466
"skewness",1.03833610273619,0.543377498310957,0.572813533181414,0.544464435787381
"kurtosis",1.75664534515476,0.551728411771662,0.598565605071853,0.552142779873401
