"","v_bh","v_daily","v_mon","v_con"
"mean",1259060.31016097,1228683.38279125,1230876.04002129,1228392.9979798
"sd",312591.988432424,245740.060311937,250956.212792389,245163.572225951
"skewness",1.08435849168156,0.495391185083186,0.55703656679156,0.491141229954544
"kurtosis",1.53849520192223,0.302722438943578,0.429675591383406,0.302264232459777
