"","v_bh","v_daily","v_mon","v_con"
"mean",918344.861681281,911017.402092551,911605.48690868,910789.158962676
"sd",198519.564080842,216331.946674142,214606.379352235,216325.501175843
"skewness",1.21136498650636,0.584839000800563,0.638021422552859,0.58126177389392
"kurtosis",1.75630003787332,0.179946785862231,0.267188439372375,0.177154620815791
