"","v_bh","v_daily","v_mon","v_con"
"mean",1251883.01947932,1236933.35133598,1237834.64104178,1236854.49596877
"sd",211037.43525398,177162.128554117,180152.769941982,177022.105934687
"skewness",0.883881486548433,0.412877054864289,0.46506838931523,0.409761397606909
"kurtosis",1.30030227603107,0.409160241624461,0.516444128557221,0.401432797061084
