"","v_bh","v_daily","v_mon","v_con"
"mean",853835.91055107,841401.792293877,842407.788634148,841355.067682494
"sd",33726.5319924772,39970.3343242972,39513.6503284246,39994.4273847011
"skewness",0.329240632490423,0.171228484327409,0.182453406705356,0.170400880525545
"kurtosis",0.399021246781576,0.249020824461706,0.264034191893459,0.248643093279699
