"","v_bh","v_daily","v_mon","v_con"
"mean",973814.294739331,974857.811989354,974364.698263942,974898.618993181
"sd",189547.069466157,189648.392315168,189193.545307089,189730.746913734
"skewness",1.43364988151621,0.552037010542954,0.611190657803376,0.551436121186621
"kurtosis",5.54948240603277,1.06001989184992,1.2607582199581,1.06044915841018
