"","v_bh","v_daily","v_mon","v_con"
"mean",914312.050542153,904234.322171937,905031.072767677,904197.622186186
"sd",19564.3097447704,22691.8302801832,22437.1966374273,22703.0761471175
"skewness",0.155262207790109,0.0840883650847901,0.0892168031433518,0.0839115988188908
"kurtosis",-0.0774905339232204,-0.103182038936055,-0.100919669805644,-0.103011878624133
