"","v_bh","v_daily","v_mon","v_con"
"mean",1196852.06584849,1178958.80077971,1179900.75278637,1178947.99824497
"sd",324684.03871932,260201.046714745,264333.832262082,260167.506636334
"skewness",1.3918916494632,0.719910456520258,0.766774660680829,0.721187490482677
"kurtosis",2.7200276874894,0.599313486566757,0.692025867098472,0.608268429874869
