"","v_bh","v_daily","v_mon","v_con"
"mean",943919.765931631,940620.98962496,940905.599012294,940615.290601318
"sd",89558.6233477851,96703.0290691662,96038.5086170183,96730.7855335119
"skewness",0.500224853295329,0.22823954664599,0.247239061456426,0.227750998899216
"kurtosis",0.150526786869707,-0.186308081371186,-0.172478887318951,-0.185212694824178
