"","v_bh","v_daily","v_mon","v_con"
"mean",1063808.5668455,1061049.97996978,1061276.69670361,1061019.33972425
"sd",117741.917675349,127375.790281547,126496.963311796,127404.042174847
"skewness",0.587360253920699,0.230815803117789,0.254342972442955,0.229427392815929
"kurtosis",0.612340448168254,0.0155177127342063,0.0395845547518312,0.0145860180519213
