"","v_bh","v_daily","v_mon","v_con"
"mean",1251014.72775891,1238613.19571184,1239633.35644934,1238452.58011609
"sd",352036.521128694,297990.936748526,301403.635592487,297851.582681228
"skewness",1.49049290356526,0.753551202968637,0.830134073506261,0.750955286319142
"kurtosis",2.97111210760113,0.719661643534434,0.905103157487586,0.717535327658452
