"","v_bh","v_daily","v_mon","v_con"
"mean",839441.694747368,812683.276718826,814721.500778885,812579.990758925
"sd",79931.7291197273,102339.68195877,100393.538879383,102430.881640332
"skewness",0.66606863782423,0.326404377520695,0.34004940765387,0.32521903774181
"kurtosis",0.399565226825093,-0.0780743047987715,-0.0880267723133406,-0.0784283893842885
