"","v_bh","v_daily","v_mon","v_con"
"mean",1292288.19452204,1247874.94255628,1251261.50140401,1247710.7914278
"sd",235141.635659605,177410.755316731,182100.781982217,177199.049961644
"skewness",0.803352456065832,0.408521751700803,0.4431740464838,0.40574103254056
"kurtosis",0.695558752720014,0.0724328047436864,0.117299682375316,0.0702646872727639
