"","v_bh","v_daily","v_mon","v_con"
"mean",1004307.59060802,1003152.75116253,1003212.2341538,1003147.84087347
"sd",50531.400032552,52604.915217104,52443.3565734629,52609.380224269
"skewness",0.428041199126404,0.270094296729499,0.281451196611719,0.269769547138092
"kurtosis",0.320414537955498,0.066605034325335,0.0808834876500586,0.0667349516881837
