"","v_bh","v_daily","v_mon","v_con"
"mean",929763.373055268,903417.559172294,905577.565275599,903317.748080158
"sd",53505.6280699231,67875.324917953,66829.7418746762,67930.3437720457
"skewness",0.3844205732275,0.190778801526256,0.203479775755318,0.190044106658928
"kurtosis",-0.0804174988646689,-0.237807965350303,-0.219041234920233,-0.239036021731382
