"","v_bh","v_daily","v_mon","v_con"
"mean",968931.398539743,968496.124867449,968519.672566544,968472.246493313
"sd",94068.8866174517,96823.079535119,96665.0058503181,96829.0798946859
"skewness",0.504490852515391,0.2135137148269,0.235062253887563,0.212955149290801
"kurtosis",0.354921189900409,-0.0193076629167228,-0.00423300142033423,-0.0196968682419461
