"","v_bh","v_daily","v_mon","v_con"
"mean",846436.769429337,833270.390594259,834331.596568601,833200.315851682
"sd",121162.714994315,142247.351877721,140288.321824677,142304.098852231
"skewness",1.07302973919329,0.541835454964181,0.567518533560336,0.541033920760827
"kurtosis",1.84900261821899,0.361866639119163,0.424112276641701,0.357007118152145
