"","v_bh","v_daily","v_mon","v_con"
"mean",984237.917675943,983464.730977001,983166.929649004,983436.575068031
"sd",180768.724704426,177626.856981228,177963.604100055,177569.545435893
"skewness",1.37560821872406,0.634017766144145,0.685849928634028,0.632234663917591
"kurtosis",4.05286055402268,1.06502686445411,1.20920134306545,1.05824214102982
