"","v_bh","v_daily","v_mon","v_con"
"mean",1010892.44866134,997564.519350447,999296.969814815,997478.772466271
"sd",251606.613485082,269104.290267207,267272.501441073,269090.171415264
"skewness",1.94150334294417,0.940853847607549,1.00941493355386,0.938520308964809
"kurtosis",5.68095687681781,1.46623173622541,1.70469568650688,1.45568515597566
