"","v_bh","v_daily","v_mon","v_con"
"mean",1204313.52536236,1195739.80067942,1196694.7890943,1195761.93709357
"sd",198211.633618707,170771.485746469,172602.733211464,170682.482453104
"skewness",1.04289064674899,0.521139758217055,0.554998518308591,0.516968784357962
"kurtosis",2.18381925277668,0.703289391202857,0.791338061394835,0.692126591748178
