"","v_bh","v_daily","v_mon","v_con"
"mean",804660.798174745,780508.877106245,782437.763006941,780448.138359923
"sd",62934.1255195504,79878.5232946107,78576.4026825239,79951.8633499828
"skewness",0.632214332375836,0.309386447487697,0.333754295156603,0.309112917647058
"kurtosis",0.725611444195532,0.190553353352477,0.220436612110093,0.187665026096782
