"","v_bh","v_daily","v_mon","v_con"
"mean",914082.065058197,895260.162668403,896778.112914419,895157.779794369
"sd",193020.754406931,226601.941148263,223879.226989253,226746.783408852
"skewness",1.51847373927295,0.77374826812539,0.820102582141345,0.771362078951953
"kurtosis",3.11807411029232,0.647501972250192,0.750321063189371,0.641570866990028
