"","v_bh","v_daily","v_mon","v_con"
"mean",1197915.25383473,1193765.36644329,1194020.33671691,1193739.17420527
"sd",99912.8137553408,91862.0813421367,92438.6140021249,91837.7977061492
"skewness",0.399656398770214,0.172955139883817,0.189593996270381,0.171589364406126
"kurtosis",0.186019331966814,0.0138784297413803,0.0186878200900047,0.0116111531024838
