"","v_bh","v_daily","v_mon","v_con"
"mean",1269930.16471617,1258577.78325778,1258606.87137411,1258577.48603521
"sd",425899.662444825,342765.712662572,347575.263318286,342789.931723977
"skewness",3.08703698472904,1.29503285848544,1.41706274926843,1.29086008547988
"kurtosis",18.4412944392173,3.89678388753283,4.69832787041304,3.87664494421241
