"","v_bh","v_daily","v_mon","v_con"
"mean",1268287.13422455,1244271.14756154,1246389.61769699,1244145.71909468
"sd",273219.979754413,217233.552700473,221317.733717457,217074.793747821
"skewness",1.20563201108539,0.641587002770758,0.690840855589741,0.642304401766111
"kurtosis",2.268241955113,0.570082760745842,0.701262108618689,0.574017494272745
