"","v_bh","v_daily","v_mon","v_con"
"mean",972194.363260763,955573.908425898,956929.243336942,955491.078937488
"sd",82518.6680717576,98917.4728735633,97638.6310618741,98971.6973849377
"skewness",0.502333757097124,0.211583273640305,0.229386145384172,0.210270847976754
"kurtosis",0.247910540771614,-0.0781744443881132,-0.0709312445862165,-0.0786673486869267
