"","v_bh","v_daily","v_mon","v_con"
"mean",1141147.1755008,1134776.10156533,1135463.32764923,1134754.59440947
"sd",126956.061128738,113153.841231789,114277.457137723,113139.692308783
"skewness",0.646559114773571,0.321965424046266,0.344294007835234,0.321457299733244
"kurtosis",0.847723179901223,0.268011896888579,0.305100204467938,0.268218737696376
