"","v_bh","v_daily","v_mon","v_con"
"mean",898594.72148916,875482.826239033,877320.911728636,875373.218906267
"sd",90885.9257241801,112901.216758995,111314.899395875,112964.489127236
"skewness",0.726148096294973,0.356769576203167,0.380271803627852,0.356090340128601
"kurtosis",0.70926779487343,0.041072715271413,0.0799772563208188,0.0390150196537031
