"","v_bh","v_daily","v_mon","v_con"
"mean",1031068.08429433,1028585.50120621,1028767.77802169,1028592.87366681
"sd",75007.5301632871,79413.1508272772,79047.2993544239,79427.056720083
"skewness",0.633466992541744,0.355857753576048,0.374017841763328,0.355497558840379
"kurtosis",1.08559710376249,0.486990792024451,0.522515828490957,0.487375290400898
