"","v_bh","v_daily","v_mon","v_con"
"mean",980892.809917331,973640.961172698,974525.305670613,973543.182031624
"sd",203123.402791997,222661.648432521,220890.578719088,222467.391900878
"skewness",1.4732853001461,0.626713631980614,0.683157461899595,0.620459713776079
"kurtosis",4.43730765275238,0.787414403531445,0.994407343716511,0.763440163627224
