"","v_bh","v_daily","v_mon","v_con"
"mean",1411129.44835094,1376542.86676418,1379247.57396749,1376414.83768016
"sd",449920.853402053,350196.291012957,359471.22873949,349703.665965493
"skewness",1.41649680103009,0.620992779832581,0.693003007901184,0.615762224938609
"kurtosis",3.0099157255301,0.52425698546011,0.652729655973171,0.512021549316514
