"","v_bh","v_daily","v_mon","v_con"
"mean",866843.843042698,835874.550826339,838429.227797699,835665.163358747
"sd",109038.11584705,143125.228623803,140668.077330115,143169.574864952
"skewness",0.730821809891347,0.328228608200744,0.354179122895412,0.327807380564871
"kurtosis",0.282653490099478,-0.299438494510007,-0.281840088931892,-0.299373101008217
