"","v_bh","v_daily","v_mon","v_con"
"mean",933187.574893969,928324.346678241,929090.861558172,928448.817526948
"sd",244220.988646131,245471.224059633,244452.916417299,245482.845807497
"skewness",1.85926861891552,0.921495180320878,0.97538162717694,0.919322690372451
"kurtosis",5.4247146489856,1.28018172176477,1.50856715526627,1.27293748528279
