"","v_bh","v_daily","v_mon","v_con"
"mean",1003502.36957502,1002052.46411288,1002192.40085858,1002040.95094357
"sd",53784.4017787189,50874.1638744038,51075.4635671312,50869.8071201455
"skewness",0.329392951054386,0.161983035812563,0.177171058048536,0.161402228006703
"kurtosis",0.431601735855148,0.207835757416261,0.225374652485277,0.207828395083417
