"","v_bh","v_daily","v_mon","v_con"
"mean",1313242.04264571,1302116.80280148,1302586.0830671,1302070.58284673
"sd",275116.599711384,235457.426763922,237967.020404515,235343.3113947
"skewness",1.22251996101732,0.616081785011667,0.654031077919838,0.618069524527196
"kurtosis",2.55098259493051,0.579274685212151,0.673221774476671,0.585656767568501
