"","v_bh","v_daily","v_mon","v_con"
"mean",911410.894260693,879818.071219629,882322.544215712,879704.252904615
"sd",32881.7071242983,42918.5473815566,42139.50344199,42947.9862320393
"skewness",0.255112588345056,0.105585277946451,0.113221578406027,0.105949258593257
"kurtosis",0.124657469704645,0.0465926940552834,0.0500789977435394,0.0484611601508074
