"","v_bh","v_daily","v_mon","v_con"
"mean",1322864.88217082,1269063.83380461,1273430.47385822,1268927.56056839
"sd",270913.001014066,193759.807291748,199719.7274317,193536.084963456
"skewness",1.50920980392552,0.841131559251939,0.8957437768509,0.837502996946958
"kurtosis",4.5062686558741,1.60619884675257,1.78606353468093,1.59140144454263
