"","v_bh","v_daily","v_mon","v_con"
"mean",845413.846508863,833624.825541227,834453.485216857,833549.115269297
"sd",133850.016157661,153270.163985619,151721.244447278,153342.905590703
"skewness",1.09008677621887,0.542441026819594,0.57805350892436,0.538830971664364
"kurtosis",1.78404385811615,0.296633644235849,0.349373983185899,0.286163593889532
