"","v_bh","v_daily","v_mon","v_con"
"mean",932919.35596488,926428.903752529,927105.705146936,926390.559026603
"sd",142462.282550942,158296.881760873,156949.671246372,158354.461705467
"skewness",1.02129203862692,0.514419694650977,0.541892665854273,0.51398333524252
"kurtosis",1.3732910514758,0.284241028937279,0.343504046632305,0.280893338575024
