"","v_bh","v_daily","v_mon","v_con"
"mean",989025.636110159,989812.865372667,989667.002517879,989823.422036098
"sd",116361.736610741,117185.909197717,117207.809515254,117193.059472319
"skewness",0.612733300215931,0.257868371934749,0.289326429119903,0.258474004761037
"kurtosis",0.591249307086524,0.0471247552213945,0.0957352508004856,0.0489913651539937
