"","v_bh","v_daily","v_mon","v_con"
"mean",1380665.91570203,1334295.20537316,1338189.81718172,1334234.84148743
"sd",448827.140622989,333188.274733542,341727.110007759,332549.847857875
"skewness",1.48733075292558,0.656768301014408,0.739832728214713,0.654977320217881
"kurtosis",3.37382506467232,0.708257105423814,0.90777069452452,0.70079519360828
