"","v_bh","v_daily","v_mon","v_con"
"mean",886105.490613253,859982.13952424,862062.46669552,859883.177859077
"sd",34276.8069348553,43760.5450011156,43020.4043909427,43798.6983722328
"skewness",0.266945825372351,0.110006195517813,0.122272616253698,0.109571835819555
"kurtosis",0.143614417760852,0.0794986995994331,0.0871570098567291,0.0789488474796891
