"","v_bh","v_daily","v_mon","v_con"
"mean",978955.523148934,980045.807842718,980187.975885866,980075.98374037
"sd",114815.529845451,114018.220231597,114156.940813283,113952.781203243
"skewness",0.684324838012662,0.350923028563269,0.384828245146913,0.35045226521499
"kurtosis",0.577090624912967,0.0529503902592285,0.0921132425837854,0.0520682472828757
