"","v_bh","v_daily","v_mon","v_con"
"mean",852561.091175103,847746.283872677,848004.220096187,847689.219807154
"sd",131751.825558813,145322.144135403,144619.268421388,145361.090326854
"skewness",1.00995990849514,0.463787432308103,0.511130089840145,0.460279307867859
"kurtosis",1.58173593237854,0.389714497624571,0.476432252000521,0.380049315013473
