"","v_bh","v_daily","v_mon","v_con"
"mean",1097236.75755623,1086902.92720868,1087796.5049393,1086853.76724014
"sd",131699.598757504,113642.409046767,114995.046881942,113555.45722486
"skewness",0.709131635070833,0.410861567527827,0.440570232987794,0.409179557833543
"kurtosis",0.597509385374204,0.093799979239833,0.134055450599106,0.0917923235410312
