"","v_bh","v_daily","v_mon","v_con"
"mean",1170342.01034169,1158057.84090712,1159039.14089155,1158020.1688405
"sd",168972.464281138,144129.102065608,146217.787343665,144070.724237672
"skewness",0.738691598112452,0.405626024131732,0.434149120150824,0.40536201605525
"kurtosis",0.486004405811888,-0.0188324131480022,0.00545368104658461,-0.0199098486617242
