"","v_bh","v_daily","v_mon","v_con"
"mean",869202.340387768,858882.679433506,859616.110527106,858834.803898366
"sd",117299.976718915,132851.355849429,131620.72887131,132896.37490838
"skewness",1.04227468868736,0.58414304086275,0.608909050233952,0.580932995071498
"kurtosis",1.48074187756497,0.35773763569993,0.397354657327651,0.35039408934246
