"","v_bh","v_daily","v_mon","v_con"
"mean",828864.440713758,798956.902223807,801332.700176167,798849.807081081
"sd",15141.4360109954,19889.5094158697,19516.032442129,19906.2559392166
"skewness",0.0833509748765172,0.0112134012973517,0.0155321494304923,0.0111138738435343
"kurtosis",-0.0626272268180834,-0.0639657260802151,-0.0649333355367676,-0.0645291205652936
