"","v_bh","v_daily","v_mon","v_con"
"mean",1268111.21742313,1227740.46119592,1230961.16635571,1227590.32574384
"sd",78627.5594759266,60802.0417627028,62193.4529478957,60737.6211509328
"skewness",0.29237584263808,0.152229405654763,0.165499265677507,0.151576107141641
"kurtosis",0.0272504855098328,-0.0829720188371228,-0.0804927333198386,-0.0834233302790155
