"","v_bh","v_daily","v_mon","v_con"
"mean",1012408.66422822,1010459.21973538,1010646.85737187,1010447.96707543
"sd",194043.453770233,178580.17438077,179874.70908506,178516.072494759
"skewness",1.12062582987823,0.507796892409987,0.568024006813322,0.505495773924676
"kurtosis",2.2133173298009,0.575720354474758,0.721558842514563,0.575079382692961
