"","v_bh","v_daily","v_mon","v_con"
"mean",1061587.07273183,1060847.13780824,1060878.05334832,1060856.35622816
"sd",53050.8551173198,51258.8821727293,51376.5187026443,51248.7718884789
"skewness",0.0232975553390416,-0.12076098918872,-0.107325168555905,-0.121011058146548
"kurtosis",-0.0887205747991655,0.0266384116824505,0.0157064983423196,0.0269929865459346
