"","v_bh","v_daily","v_mon","v_con"
"mean",942340.829954043,940353.8368554,940574.748607057,940326.385371704
"sd",91587.9151492928,96782.017747392,96440.3476622541,96813.9496531935
"skewness",0.541652414204135,0.266327610297277,0.285026312143941,0.265728262116873
"kurtosis",0.185115284733512,-0.137874091922622,-0.109601235016227,-0.13717244899152
