"","v_bh","v_daily","v_mon","v_con"
"mean",956154.396863164,945484.463852137,946186.176745283,945468.992791097
"sd",122075.793813312,141419.334212258,139617.324675497,141531.395263781
"skewness",0.733307190542963,0.273577760199783,0.300722926988468,0.272642359903
"kurtosis",0.866970595713606,0.134029890617692,0.15714797595704,0.132465420607809
