"","v_bh","v_daily","v_mon","v_con"
"mean",1035691.06191062,1036084.86679487,1035850.48407947,1036108.06667318
"sd",187562.184527039,196600.157568444,196170.329435638,196666.016250932
"skewness",1.06932622099671,0.467235445020116,0.520911940290846,0.468672174358341
"kurtosis",1.85211397753761,0.317968433342064,0.442590073771429,0.322585063466238
