"","v_bh","v_daily","v_mon","v_con"
"mean",1091858.3504923,1089483.97511764,1089669.47933781,1089477.05495958
"sd",29267.8153974524,27459.5331928508,27597.7845989712,27452.8305554486
"skewness",-0.0380224500450686,-0.121245291045301,-0.113844528371972,-0.121390970415049
"kurtosis",0.197702943122205,0.217593605940161,0.21574551663493,0.217791836733338
