"","v_bh","v_daily","v_mon","v_con"
"mean",1284155.98842342,1253452.45271975,1255847.14293559,1253314.98720004
"sd",230455.150130867,182314.35771936,186053.940191508,182113.021441654
"skewness",0.801522065973527,0.383047853818411,0.421256917219548,0.380131995456741
"kurtosis",0.859595718391399,0.0974295431182322,0.147244157725829,0.0933001046149502
