"","v_bh","v_daily","v_mon","v_con"
"mean",1108132.82325461,1103005.66837798,1103743.32786304,1102993.09643179
"sd",299761.624619465,298025.814616105,297355.867754045,298170.607264951
"skewness",1.54623004054497,0.725909013227042,0.777421613296159,0.726368841197111
"kurtosis",3.47027240223959,0.598188204664984,0.743875315368934,0.602936905760092
