"","v_bh","v_daily","v_mon","v_con"
"mean",1203922.96988825,1202516.92115959,1202543.12375546,1202512.11946436
"sd",159982.875064323,152540.013458104,153106.166601323,152481.884334628
"skewness",0.590397150970327,0.242673808652085,0.269928835712176,0.24109762682733
"kurtosis",0.302842408797852,-0.0918562874332309,-0.0610695816109548,-0.0910809335701064
