"","v_bh","v_daily","v_mon","v_con"
"mean",935758.610643656,928794.818269538,929351.53047154,928766.533674601
"sd",41153.1272792698,46468.8396153668,46033.6385564453,46484.9088189062
"skewness",0.238475701219211,0.108384745760165,0.117997150838939,0.107500936342315
"kurtosis",-0.17000654783962,-0.245135391856768,-0.242996998890628,-0.245157994308771
