"","v_bh","v_daily","v_mon","v_con"
"mean",990880.58047398,989930.09103266,989981.640674634,989919.730842275
"sd",176134.982132449,177910.108905375,178124.711878669,177946.073648385
"skewness",1.02220011315435,0.488518441283545,0.529736896123562,0.485174625222426
"kurtosis",1.45949435329375,0.270010365938937,0.350935369183064,0.259080754642895
