"","v_bh","v_daily","v_mon","v_con"
"mean",1034736.87006143,1033779.97436128,1034234.12138643,1033782.87533607
"sd",163913.070438374,152380.081471576,153582.322396935,152384.750614425
"skewness",0.935706522033511,0.508973506159299,0.546206301483374,0.506891587881759
"kurtosis",1.15133223518302,0.2154662584041,0.287742913600863,0.207703590877447
