"","v_bh","v_daily","v_mon","v_con"
"mean",1233821.52970003,1220099.19854424,1221192.06526112,1220051.18272588
"sd",34541.8244891518,29737.4112733987,30107.9223446296,29719.4338994975
"skewness",0.117742424363638,0.0547452267411187,0.0601300472450471,0.054619419092468
"kurtosis",-0.260016503877956,-0.268744139197895,-0.267881015124406,-0.268766067626892
