"","v_bh","v_daily","v_mon","v_con"
"mean",848677.431138171,824537.070962447,826415.949053278,824439.401679618
"sd",49419.1678063568,62413.2218856935,61281.9754005107,62458.1799979791
"skewness",0.533138998076791,0.314230333935306,0.324979004072068,0.313020171509725
"kurtosis",0.314064481667196,0.0434642235271081,0.0501216505831645,0.0404268186611483
