"","v_bh","v_daily","v_mon","v_con"
"mean",1299426.21204764,1290336.64310575,1291170.19902704,1290442.75807212
"sd",302994.900639578,262528.352015402,265867.017632365,262380.365427862
"skewness",1.25823059517984,0.589426817727678,0.643589463162323,0.587230964444543
"kurtosis",2.54900081491133,0.556997613889757,0.700741120604492,0.558075840729884
