"","v_bh","v_daily","v_mon","v_con"
"mean",1178279.80754243,1179246.39844756,1178421.06685783,1179164.10598045
"sd",278887.492375795,263315.069761848,265290.120000789,263353.711263435
"skewness",1.37035074022519,0.661976544730511,0.739624549124795,0.661664377995517
"kurtosis",2.85035538409943,0.595893698424968,0.807894178302703,0.59482451818807
