"","v_bh","v_daily","v_mon","v_con"
"mean",924264.812467254,915902.368421888,916363.495815992,915874.505683004
"sd",98663.726089439,113294.026490293,112142.245282458,113374.036279877
"skewness",0.502498066495034,0.155282732118024,0.181164953822615,0.155572529479554
"kurtosis",0.181083207589344,-0.0891504966914778,-0.067093482511003,-0.0900553373911941
