"","v_bh","v_daily","v_mon","v_con"
"mean",1027177.42691588,1022065.03512473,1022689.80508115,1021946.5231904
"sd",264189.730482758,270435.142744215,269527.71141266,270551.971083288
"skewness",1.68068933613658,0.758017978686642,0.838757969224387,0.757823617838315
"kurtosis",4.75134234250074,0.894007565162898,1.15389994166523,0.894320023893069
