"","v_bh","v_daily","v_mon","v_con"
"mean",861456.643524526,846817.897882072,847980.168054626,846766.401649842
"sd",17375.6550101193,20924.8606940229,20639.8227453777,20937.4647982532
"skewness",0.0771536762752423,0.00139609539411153,0.00744407984571708,0.00117200800066293
"kurtosis",0.0554739834834828,0.0456983797611827,0.0482718540975888,0.0453247366673266
