"","v_bh","v_daily","v_mon","v_con"
"mean",849059.487524073,830460.46647507,831897.072291059,830407.583038545
"sd",164094.267137917,194794.524113612,192289.007686896,195028.509914272
"skewness",1.29077282068337,0.632167172353359,0.678169334019767,0.632880640698736
"kurtosis",1.99651189062017,0.377115730838204,0.468567481274545,0.374684986089273
