"","v_bh","v_daily","v_mon","v_con"
"mean",1167524.57310984,1164962.33246633,1165586.55048469,1164985.35102787
"sd",338985.856570242,298338.071442758,302260.3903492,298481.35024227
"skewness",1.94647479345917,0.957321215665352,1.07288336872508,0.957487153894074
"kurtosis",6.45615648256539,1.53266548103794,2.0714555447983,1.53180093479966
