"","v_bh","v_daily","v_mon","v_con"
"mean",885526.660671879,871684.976669849,872222.083968469,871573.406962483
"sd",142987.078694105,168401.44175266,166167.936871485,168448.043079891
"skewness",1.21665671423886,0.564933784868455,0.59564008532234,0.562411467084501
"kurtosis",2.83438112660326,0.498041351759071,0.596058997798935,0.492855392884889
