"","v_bh","v_daily","v_mon","v_con"
"mean",886336.525574392,883903.828955566,884260.92003761,883936.069614589
"sd",148591.693365406,156600.608622273,156045.167255372,156625.895797659
"skewness",1.02286478519187,0.492325454003328,0.538120506656122,0.489839817688892
"kurtosis",1.44537806525325,0.283899405512777,0.378657740064022,0.28459131660723
