"","v_bh","v_daily","v_mon","v_con"
"mean",1345026.48951794,1299796.30868457,1303758.25392203,1299710.80340288
"sd",400352.516350409,298394.91665905,305824.089145208,297917.638100109
"skewness",1.30260343663716,0.666455977066246,0.720162826256501,0.662786182304271
"kurtosis",2.16351791216537,0.379850708414592,0.472040216244737,0.375500046719337
