"","v_bh","v_daily","v_mon","v_con"
"mean",1035304.32549763,1035045.33397559,1034897.04891641,1035097.89494127
"sd",219501.087033789,209905.338452348,210873.733788982,209765.505452794
"skewness",1.31825653736732,0.617736293047016,0.686609281945338,0.614476964637612
"kurtosis",3.19479392100776,0.654835265661794,0.884508250471193,0.65691974338946
