"","v_bh","v_daily","v_mon","v_con"
"mean",955690.762832504,955569.661466632,955606.245265599,955575.682742515
"sd",74166.5312436116,73224.104398004,73315.071424155,73212.1557354872
"skewness",0.500869125182829,0.297517557490982,0.318623398042069,0.296856835055522
"kurtosis",0.134656992797891,-0.144674070380857,-0.120578440296195,-0.142971235398293
