"","v_bh","v_daily","v_mon","v_con"
"mean",830986.38752564,822483.401893393,823129.187137953,822454.700324246
"sd",53577.213642524,61572.9092547755,61001.1078215299,61601.5771598163
"skewness",0.461581674407551,0.23623299178125,0.251786638122947,0.235538856299332
"kurtosis",0.324231270760261,0.0662599768094685,0.0737476227526264,0.0640486105795457
