"","v_bh","v_daily","v_mon","v_con"
"mean",1039034.30941903,1036121.83477608,1036424.74949871,1036097.53965807
"sd",200116.75733686,177509.894513008,179391.73443733,177571.624405882
"skewness",1.24357343993498,0.672482846246992,0.715016144954704,0.671948446405264
"kurtosis",2.4300665319781,0.694823549572697,0.771005060797045,0.697258414555847
