"","v_bh","v_daily","v_mon","v_con"
"mean",851285.224937096,842101.670469383,842306.11821797,842135.043348809
"sd",188718.914485056,211433.761495631,209241.764741456,211377.699934872
"skewness",1.40792690140968,0.732835871072452,0.771541902641021,0.733498860118384
"kurtosis",2.28134025324982,0.444695466677713,0.553584606736353,0.452565958085314
