"","v_bh","v_daily","v_mon","v_con"
"mean",888212.810469833,883610.461488232,883924.467876851,883591.195182314
"sd",79498.471278541,87356.1899924778,86779.3204402476,87367.0477110884
"skewness",0.610394257400602,0.346628031206771,0.3701125923651,0.345621264615689
"kurtosis",0.222165636349381,-0.062032734302234,-0.0446648724838212,-0.0610958190395547
