"","v_bh","v_daily","v_mon","v_con"
"mean",1301783.27905971,1253509.87102629,1257350.39721057,1253340.94869272
"sd",41239.0915104525,31233.4562485543,32014.1665238689,31197.2299619708
"skewness",0.265500814026477,0.19084835222284,0.198279611420736,0.190682071147449
"kurtosis",0.0894827349873695,0.039222675813356,0.0411659172285459,0.0393027622974449
