"","v_bh","v_daily","v_mon","v_con"
"mean",974027.990955845,957615.307875766,958984.027563157,957536.895552865
"sd",104421.999965399,123852.497137572,122239.637503196,123889.532865417
"skewness",0.738945730355699,0.372766799749348,0.402112818812182,0.372562021053091
"kurtosis",0.578884711397516,0.0590363194020793,0.0806162932076386,0.0624084009569792
