"","v_bh","v_daily","v_mon","v_con"
"mean",971281.03237966,962462.216814639,962661.872093829,962440.176093309
"sd",152644.191777474,171449.437406208,170243.926717102,171506.461347939
"skewness",0.997727839531585,0.459129874372832,0.507587938593374,0.457930424751106
"kurtosis",1.39551072108259,0.259916864766914,0.344572354729277,0.260069207524543
