"","v_bh","v_daily","v_mon","v_con"
"mean",824770.389347491,805876.312617154,807489.499756254,805797.218826268
"sd",66170.2602859735,82449.5971333297,81132.0047971879,82489.9452938281
"skewness",0.329718731441943,0.0605581314689175,0.0788890936502616,0.0601261389740112
"kurtosis",-0.103498497498737,-0.237336861469793,-0.22456225904297,-0.237717933814682
