"","v_bh","v_daily","v_mon","v_con"
"mean",1106858.3504923,1105384.35673344,1105498.11390293,1105380.62380858
"sd",29267.8153974524,27858.7943988572,27965.1739092276,27853.3974032547
"skewness",-0.0380224500450687,-0.121250135349167,-0.113908691808251,-0.121406808172373
"kurtosis",0.197702943122205,0.217568309204947,0.215753863702351,0.217798508385405
