"","v_bh","v_daily","v_mon","v_con"
"mean",818025.237554309,792738.796806484,794728.418794447,792637.211952122
"sd",47121.5926261864,60681.7727485172,59545.2977263627,60719.7714252761
"skewness",0.301066882733752,0.070554826549893,0.083856963117196,0.0695753074230826
"kurtosis",0.161419466624935,0.0159053244356988,0.0176146981320162,0.0176008013084461
