"","v_bh","v_daily","v_mon","v_con"
"mean",970661.861692828,967582.073896752,968298.846874868,967692.457981053
"sd",260160.094408746,252913.324544817,253329.846426788,253195.527693134
"skewness",2.50074923410641,0.970119598346277,1.07162058003184,0.971421193331283
"kurtosis",14.8466808650922,2.34599448632453,2.86453647805379,2.36602091826981
