"","v_bh","v_daily","v_mon","v_con"
"mean",1270910.92783555,1251603.98905367,1253149.50509523,1251533.69883878
"sd",37797.4842640425,31660.5609170877,32154.7244616584,31637.458065982
"skewness",0.286123260113454,0.212782509589512,0.219336925187922,0.212288551076866
"kurtosis",0.084386907313466,-0.0247094317924463,-0.0175470456281488,-0.02589866821668
