"","v_bh","v_daily","v_mon","v_con"
"mean",1089292.68031899,1083356.52069312,1083785.27439074,1083318.4732083
"sd",157432.604450623,139776.427473275,141002.495625587,139718.912655066
"skewness",0.889022185066922,0.47966197111964,0.514302607439312,0.478482982805755
"kurtosis",1.18414345777663,0.374110743001205,0.445440278053571,0.371728660069174
