"","v_bh","v_daily","v_mon","v_con"
"mean",1288578.72352973,1249682.34245238,1253211.78187623,1249602.06557165
"sd",297963.964186498,229019.743275498,234230.405822558,228849.685959392
"skewness",1.0868801709996,0.485103789731208,0.542284653834012,0.482941909557035
"kurtosis",2.34689710830503,0.355868952745519,0.514768651529673,0.354406164692515
