"","v_bh","v_daily","v_mon","v_con"
"mean",1087482.89190571,1083880.34421227,1084383.75443318,1083826.5360662
"sd",211708.851035721,192232.026954154,193613.16206474,191999.52823614
"skewness",1.05922645185701,0.466053071849463,0.513401448383697,0.461583713667692
"kurtosis",2.3055781165573,0.403689583499882,0.536657490506502,0.389253107128942
