"","v_bh","v_daily","v_mon","v_con"
"mean",844493.250372644,819224.224472824,821255.825794917,819137.204489641
"sd",31989.7413285799,40851.8518719716,40184.7982705934,40886.912560718
"skewness",0.3210838626837,0.187228059647993,0.197509271872026,0.187156617472287
"kurtosis",-0.0713360760086212,-0.178459606336136,-0.166920605829763,-0.177108253856677
