"","v_bh","v_daily","v_mon","v_con"
"mean",1198247.996013,1182060.62935601,1183309.47323923,1181936.39951476
"sd",174066.483297718,146835.632142793,149170.402606404,146661.285054106
"skewness",0.598097150391619,0.268302462806146,0.303435589038516,0.266624721586423
"kurtosis",0.315459459736501,-0.1517964365973,-0.1247041040326,-0.151315679713004
