"","v_bh","v_daily","v_mon","v_con"
"mean",832047.854321101,803123.443491216,805425.46799382,803020.549235445
"sd",45991.4207055574,60260.3123287503,59104.1953330881,60312.3333592644
"skewness",0.235036262095095,0.0362171175720382,0.0435838508133851,0.0362301995146252
"kurtosis",-0.157910023940025,-0.238457811750167,-0.237976638863231,-0.239386139434524
