"","v_bh","v_daily","v_mon","v_con"
"mean",1142844.53933934,1133899.82186037,1134607.41769802,1133864.99599438
"sd",32483.0995906454,28612.2067005727,28920.7537379165,28597.8935575396
"skewness",0.244246891231998,0.169265757388215,0.176928068871881,0.168958289913383
"kurtosis",0.055264781292566,0.0181952238080401,0.0175281077151204,0.01794312478994
