"","v_bh","v_daily","v_mon","v_con"
"mean",1317445.46208444,1265479.8255566,1269521.03759949,1265319.11386574
"sd",168753.117854906,125326.523037411,128698.12120518,125194.484716836
"skewness",0.774432683881601,0.383086927362632,0.419222943863891,0.383524538545191
"kurtosis",1.86308069851023,0.680789168300913,0.752766810176748,0.689981719708518
