"","v_bh","v_daily","v_mon","v_con"
"mean",850074.820377625,826943.371497675,828762.484076759,826896.254919634
"sd",77625.9386524251,98500.2756759348,96676.4113685269,98564.7064936859
"skewness",0.533981862767788,0.207629438620025,0.226826521756835,0.206682232702923
"kurtosis",0.219390521934171,-0.115469411467561,-0.112756429065458,-0.114880947923948
