"","v_bh","v_daily","v_mon","v_con"
"mean",857173.02060004,848460.626863865,849083.527634442,848452.644326535
"sd",93388.4149083356,105551.24430605,104541.808212693,105626.385784592
"skewness",1.06841168696207,0.512625411855854,0.535977113421971,0.510776315060565
"kurtosis",3.33331946352704,1.10500193222349,1.15026553945034,1.10248487691536
