"","v_bh","v_daily","v_mon","v_con"
"mean",879991.576732559,852434.758149086,854480.313794566,852348.418630223
"sd",83767.1937107456,104577.662758212,102749.169969613,104685.358838614
"skewness",1.28182244839671,0.706440774664013,0.739006020926656,0.706464326723697
"kurtosis",3.89831062814419,1.51204809924636,1.61364592251675,1.51530032099162
