"","v_bh","v_daily","v_mon","v_con"
"mean",1162362.83977581,1142773.83201242,1144278.20064673,1142707.83744767
"sd",139996.544231518,115654.186501825,117517.428544919,115569.717192321
"skewness",0.562802567134852,0.297782254919014,0.324172019614625,0.29560957822781
"kurtosis",0.199765632173428,-0.144045864687985,-0.11986069669692,-0.146663903697959
