"","v_bh","v_daily","v_mon","v_con"
"mean",1211439.32763845,1192897.25532124,1194373.10523694,1192830.95754221
"sd",35486.9319217644,29778.5485900404,30225.2362652238,29758.2762314706
"skewness",0.0943150415814774,0.0090820187619321,0.0185595884682103,0.00858903432216554
"kurtosis",0.312825855697604,0.288424335190559,0.290302278131981,0.288722657476138
