"","v_bh","v_daily","v_mon","v_con"
"mean",1286086.02901977,1278904.24512392,1279426.14118418,1278878.09350115
"sd",70677.4039982407,63220.2900303385,63823.8830579655,63190.0238953422
"skewness",0.444545016795823,0.310752283048659,0.324640280755853,0.3098477600837
"kurtosis",0.0774792436008513,-0.0832669163490429,-0.0644225350177821,-0.0847293491195988
