"","v_bh","v_daily","v_mon","v_con"
"mean",998763.345210674,987941.374121533,988754.199584274,987923.072524261
"sd",126738.616599715,144245.433466111,142933.102442873,144330.51637384
"skewness",1.11750890319285,0.530283131853538,0.565953445011889,0.528776515941795
"kurtosis",3.06869892732902,0.87688050819567,0.952693448683181,0.866331321176001
