"","v_bh","v_daily","v_mon","v_con"
"mean",1189743.15969998,1185884.54651907,1186804.54021782,1185864.14637821
"sd",265752.709602428,242144.280473807,243744.711210624,242101.115553966
"skewness",1.04279275562567,0.497215184755554,0.538758439936976,0.495247298373154
"kurtosis",1.22203131822068,0.0861066242590183,0.162858322722239,0.0819713226206211
