"","v_bh","v_daily","v_mon","v_con"
"mean",1219156.00585118,1207271.46867551,1208067.34639397,1207261.86801671
"sd",177246.997530851,152587.519894354,154399.822149419,152442.512770617
"skewness",0.751638625383428,0.368644564858673,0.403438340274172,0.366598633033738
"kurtosis",0.906543591500067,0.163524548274718,0.209651513462617,0.157887190245888
