"","v_bh","v_daily","v_mon","v_con"
"mean",988671.344490307,975486.007780523,976546.205187595,975435.9103881
"sd",41427.4496294476,48636.3729727046,48097.8878254004,48651.75958052
"skewness",0.367344675829519,0.23188071198504,0.242662242508248,0.231103408275094
"kurtosis",0.0214671710601397,-0.128178492555412,-0.116160101243792,-0.129680141536524
