"","v_bh","v_daily","v_mon","v_con"
"mean",1234237.03900147,1228854.69574837,1229280.53234937,1228776.89703007
"sd",313597.912254382,271497.416510338,274022.39461781,271306.128585197
"skewness",1.41727854447005,0.687948131537065,0.737732182291744,0.685949199253204
"kurtosis",3.29197119977106,0.685933704856568,0.831078757928087,0.675199474789919
