"","v_bh","v_daily","v_mon","v_con"
"mean",888818.730236085,863427.211044957,865349.463835573,863349.263416859
"sd",51469.2387886204,65334.6319167267,64189.9699282964,65386.3245757836
"skewness",0.403628828895589,0.188351218402761,0.203096650166824,0.187903940101406
"kurtosis",0.0840410033156909,-0.0477634551906112,-0.0411022664966336,-0.048992545760874
