"","v_bh","v_daily","v_mon","v_con"
"mean",1353340.32449239,1318991.03579074,1321752.26039032,1318872.00278548
"sd",83128.0322172128,66305.1458712463,67671.2018899999,66247.7040379035
"skewness",0.15803513623202,0.0367632248526607,0.050411519279451,0.0367912239620364
"kurtosis",-0.356459374385652,-0.394100959686575,-0.394828738375072,-0.394171437275439
