"","v_bh","v_daily","v_mon","v_con"
"mean",1125255.31604657,1111751.30856878,1112764.27098748,1111725.77529948
"sd",94867.4610002831,80800.8321351561,81954.6688416259,80735.9139475665
"skewness",0.472346274528047,0.224790139716639,0.247357644880452,0.224341903913206
"kurtosis",0.59953370202305,0.330844506111919,0.336428207955869,0.331553310586619
