"","v_bh","v_daily","v_mon","v_con"
"mean",1053047.13286675,1051707.98683603,1051810.95444878,1051703.66487996
"sd",27714.764672155,26401.6989934307,26499.3476276331,26398.1778142722
"skewness",-0.0327046641331411,-0.110182282660769,-0.104299722535288,-0.11036627065473
"kurtosis",0.0440812353936972,0.0721094360734185,0.0701341114319241,0.0719145238525396
