"","v_bh","v_daily","v_mon","v_con"
"mean",1197886.96885479,1197249.240842,1197412.79792282,1197254.65003511
"sd",122313.850426055,116556.099156856,117022.888277206,116520.75325308
"skewness",0.614779560893882,0.33084681357279,0.355410278806559,0.330103493057036
"kurtosis",0.550303821939139,0.0446744641851997,0.0921604473778128,0.0428424141354009
