"","v_bh","v_daily","v_mon","v_con"
"mean",876029.008425017,864874.889886876,866144.164170502,864833.486585923
"sd",187476.400004148,216782.378445632,215110.090811209,216826.796258649
"skewness",1.25720324004949,0.565759977579141,0.629089279932949,0.564617633684995
"kurtosis",1.93565558935639,0.26458798759197,0.401199624502602,0.258237810101316
