"","v_bh","v_daily","v_mon","v_con"
"mean",810381.50382369,798301.849969308,799271.570557917,798258.717872549
"sd",17672.4451252836,20997.8680490561,20738.1004826167,21009.5913801883
"skewness",0.180575715597683,0.108571863762341,0.11337943963666,0.108293320669231
"kurtosis",-0.121971018938241,-0.16190246163943,-0.162245294161897,-0.16248402909312
