"","v_bh","v_daily","v_mon","v_con"
"mean",1185792.91069184,1174281.45292917,1175304.59052385,1174224.03394362
"sd",100793.277449855,87095.3655763938,88191.9102954289,87038.4781610232
"skewness",0.488337282386008,0.279054208994913,0.296634715287633,0.276991916916425
"kurtosis",0.266237906066825,-0.023107943531,-0.00707555170223451,-0.0250143278677215
