"","v_bh","v_daily","v_mon","v_con"
"mean",1160238.02794082,1141157.65383656,1142722.87712285,1141093.31219456
"sd",102956.062349655,84975.865499792,86395.2499261699,84888.8757823379
"skewness",0.595692573733491,0.378167866841449,0.398120979885283,0.377193413858644
"kurtosis",0.443908120163217,0.102326030708725,0.123041317300594,0.101801303853608
