"","v_bh","v_daily","v_mon","v_con"
"mean",1285922.0781813,1264550.40710297,1266280.36776074,1264433.04224394
"sd",149323.396128682,123162.226703492,125261.51262475,123065.885416478
"skewness",0.606070144033807,0.315024072369306,0.344248538208328,0.313722131351016
"kurtosis",0.562372242936756,0.0938978430172077,0.139957038963336,0.09312964821995
