"","v_bh","v_daily","v_mon","v_con"
"mean",973384.554009275,970592.334341177,970774.246966333,970556.912760762
"sd",112403.868723756,120341.580032489,119518.850040916,120359.833375551
"skewness",0.760604453230362,0.354425518401627,0.377723109031193,0.353735863914523
"kurtosis",0.98809357386456,0.343458154677638,0.369292026900381,0.338691326754382
