"","v_bh","v_daily","v_mon","v_con"
"mean",940572.630089386,937079.724102518,937514.16115132,937063.410687429
"sd",132387.717554399,142456.173092044,141531.420712696,142587.008821208
"skewness",0.807745207766303,0.368962937155748,0.393714694178943,0.368864925736303
"kurtosis",0.896863662150785,0.0749989498781409,0.095235211499471,0.0709463720893435
