"","v_bh","v_daily","v_mon","v_con"
"mean",1242398.10286238,1239282.0967063,1239339.59227707,1239248.93855925
"sd",200948.688365764,185132.785486113,186451.491963997,185050.466588437
"skewness",0.811950339387808,0.330227483592911,0.366846484481055,0.329723480548103
"kurtosis",1.27018814606454,0.238406839528862,0.280596401210707,0.234709139257632
