"","v_bh","v_daily","v_mon","v_con"
"mean",1439746.51298338,1398110.57045953,1401087.17570698,1397912.95231455
"sd",328914.756542999,253340.173181014,259454.377424692,253021.489389232
"skewness",1.07674809245996,0.519093956427252,0.58156879274467,0.515836412282682
"kurtosis",2.05411922839722,0.289894514222329,0.468269692367433,0.279972771580077
