"","v_bh","v_daily","v_mon","v_con"
"mean",1181107.06014276,1171212.3651031,1171994.74607685,1170856.17811395
"sd",356984.850748578,309857.868816289,313114.162623565,309566.792818371
"skewness",1.35750301793114,0.654803073249361,0.724894539270926,0.650375102029417
"kurtosis",2.29132045106299,0.294568594818359,0.428820479018515,0.290101321535852
