"","v_bh","v_daily","v_mon","v_con"
"mean",954685.240102269,943316.050624029,944401.430035328,943264.331722619
"sd",84792.7435214581,97763.9818907144,96619.0956128394,97797.9443682649
"skewness",0.732740438765056,0.34984297978692,0.369115154039991,0.348396275624839
"kurtosis",1.46396798534086,0.543621078915067,0.573903238603792,0.547340439844707
