"","v_bh","v_daily","v_mon","v_con"
"mean",856084.744799545,840897.204175554,842210.744932217,840869.602531124
"sd",142641.950422479,166894.172908669,165427.847650392,167037.879792457
"skewness",1.25480162909782,0.701259824132292,0.733327943822623,0.69847777637959
"kurtosis",1.98346067421929,0.418355519858328,0.478839229368282,0.414989140266506
