"","v_bh","v_daily","v_mon","v_con"
"mean",1275501.61357116,1241554.3448829,1244222.76008255,1241429.34033236
"sd",234353.518494186,183270.415241837,187228.390456998,183074.516064875
"skewness",0.820726928372895,0.384887377333459,0.42225887471056,0.3834415653631
"kurtosis",0.945044405475736,0.136462824710438,0.173960158291443,0.13963329699707
