"","v_bh","v_daily","v_mon","v_con"
"mean",1185199.5175937,1184619.57572021,1184668.91572591,1184615.16863535
"sd",62459.8730074461,60193.7179232569,60383.9322114971,60189.4449249033
"skewness",0.530849976644872,0.356979092329021,0.369367110023872,0.356572677624602
"kurtosis",0.687732000584381,0.40341998704703,0.427548064192369,0.403970157766356
