"","v_bh","v_daily","v_mon","v_con"
"mean",862047.513092177,858007.060548743,858216.090422105,857986.711642648
"sd",95255.9835433835,104265.596940116,103417.41147353,104327.017293471
"skewness",0.744884872124245,0.383492091217562,0.413052532065596,0.382471545292588
"kurtosis",0.766934390889511,0.146772068725809,0.206458210754424,0.144428353523018
