"","v_bh","v_daily","v_mon","v_con"
"mean",1300169.30557621,1269598.79169342,1272021.90882431,1269484.07347106
"sd",82198.5173666006,65922.1306022955,67216.134207061,65859.7928393435
"skewness",0.333765435023878,0.178001544682018,0.192211610713362,0.177113943326801
"kurtosis",0.185771028458926,0.037322236460104,0.0432681500030867,0.0361362149051581
