"","v_bh","v_daily","v_mon","v_con"
"mean",1085120.53517144,1082759.28475778,1082998.22011414,1082867.19943205
"sd",247975.03057669,247955.193464939,248706.551096158,248144.450761218
"skewness",1.7893348629501,0.880157379681283,0.950243573698128,0.876810164888347
"kurtosis",5.733548363943,1.4220717899289,1.6737201718934,1.40046318975536
