"","v_bh","v_daily","v_mon","v_con"
"mean",1118494.66975472,1110122.0977025,1110842.28396114,1110086.53636801
"sd",124078.089907116,109322.701279494,110603.846967506,109267.712088382
"skewness",0.47637133369299,0.211902359700567,0.238009052742289,0.210868968881692
"kurtosis",0.181204917498341,-0.169569294323483,-0.144432040223977,-0.171237264598927
