"","v_bh","v_daily","v_mon","v_con"
"mean",993907.606530269,994444.055634037,994741.93146139,994440.330426189
"sd",240293.439497277,219725.911915589,221744.910147361,219652.549747825
"skewness",1.70676636811758,0.760135136249919,0.840116728609593,0.758541874070994
"kurtosis",6.13804261331846,1.29971961643561,1.67161085413595,1.29256895549405
