"","v_bh","v_daily","v_mon","v_con"
"mean",1300177.22680534,1274214.71541756,1277405.22704918,1274359.43358658
"sd",382607.172710242,303767.111138855,311043.320343886,303486.549311949
"skewness",1.20150281209495,0.518129610391086,0.578373356225388,0.513335909550094
"kurtosis",2.0576096112814,0.222014274836336,0.306425277910519,0.210852828799789
