"","v_bh","v_daily","v_mon","v_con"
"mean",1052986.34071656,1050597.09531692,1050731.26798188,1050575.93657264
"sd",82731.9624488541,77359.2877561954,77762.5618692429,77329.834925922
"skewness",0.265857368319725,0.0620074544240148,0.0813681810409038,0.0614273607393711
"kurtosis",-0.072396565236597,-0.13949073960154,-0.134134217832872,-0.139541538623057
