"","v_bh","v_daily","v_mon","v_con"
"mean",1169215.8584588,1156600.34429927,1157256.2631855,1156543.93831353
"sd",243306.102530942,206358.497312861,209144.041750783,206141.987444474
"skewness",0.998820556043068,0.508416988242489,0.555185926024671,0.505009004100892
"kurtosis",1.31263568382729,0.119233770420485,0.187359871716105,0.111526680202786
