"","v_bh","v_daily","v_mon","v_con"
"mean",886268.499114337,860017.659965797,861767.693611011,859830.7460308
"sd",180379.288840163,219699.338601943,216961.249743937,219821.820664066
"skewness",1.69178652036903,0.777097859418694,0.838677569229933,0.777453759119284
"kurtosis",4.74460017660894,1.00259072075105,1.18126693670105,1.00011587835029
