"","v_bh","v_daily","v_mon","v_con"
"mean",1133738.16976645,1131095.30032903,1131408.13428373,1131139.4653193
"sd",253061.707296993,225978.348169622,228550.080499778,225967.353189238
"skewness",1.40956941174259,0.711153679210501,0.772475573308461,0.711726119236037
"kurtosis",3.32186030548273,0.835235935820348,1.01087238034301,0.841619560721793
