"","v_bh","v_daily","v_mon","v_con"
"mean",1026260.34995034,1022046.81357474,1022339.67250298,1022024.9831496
"sd",160958.811332578,164639.214201961,164216.288388014,164734.685420473
"skewness",1.49896737360907,0.832207537184417,0.878262907486645,0.831708283837224
"kurtosis",4.09809730167153,1.43419545017222,1.58460789041365,1.4338749145983
