"","v_bh","v_daily","v_mon","v_con"
"mean",941232.962111026,933743.996090209,934095.886239514,933717.748786502
"sd",181535.257195236,194998.291925848,193860.415193129,195070.173755147
"skewness",1.67715828560161,0.718678382586193,0.787341380060734,0.716954231980028
"kurtosis",6.4965204028582,1.39876869036869,1.64492129460295,1.39084865468506
