"","v_bh","v_daily","v_mon","v_con"
"mean",1007055.04830533,1005752.05641489,1005811.0611039,1005740.22155185
"sd",104346.995174762,97860.919849681,98414.6496305134,97855.0326202353
"skewness",0.581980501217124,0.311332424317603,0.333994162757672,0.310103816004997
"kurtosis",0.32558338528453,-0.0324900472867586,-0.0227966313414076,-0.0330573006482879
