"","v_bh","v_daily","v_mon","v_con"
"mean",1020575.89823384,1019175.53702099,1019918.13901345,1019235.17699173
"sd",246175.081013928,227261.202634109,228934.540164239,227157.253759718
"skewness",1.05351456031217,0.465237713898148,0.52888189685936,0.45998177558005
"kurtosis",1.29042491001579,0.0401799692996714,0.16197118466535,0.0259269846401615
