"","v_bh","v_daily","v_mon","v_con"
"mean",952264.15479019,952167.877371459,952199.265923026,952152.132179981
"sd",114628.190278284,117188.707312221,116899.269519239,117193.892919772
"skewness",0.664343906055453,0.304076607971122,0.329980213033699,0.303277294876199
"kurtosis",0.548009544514684,0.0665938882166865,0.0777619855144493,0.0651130262477833
