"","v_bh","v_daily","v_mon","v_con"
"mean",1008264.83023483,1003864.49010448,1004369.98589269,1003826.69097986
"sd",141682.200258806,153363.122723812,152408.038577548,153451.066129444
"skewness",0.808648995904331,0.386480867540591,0.414880835777527,0.385310878937298
"kurtosis",0.791193209207253,0.00407461031038769,0.0488464786656366,-0.000591956654972137
