"","v_bh","v_daily","v_mon","v_con"
"mean",905832.275504852,895218.522051115,895355.192616517,895120.897324971
"sd",173071.590958035,200279.758882766,198053.09604609,200332.818399897
"skewness",1.11170674427771,0.495816373324346,0.54818296792599,0.492182418849741
"kurtosis",1.6704502024515,0.123595449848982,0.245176511162424,0.112230208496982
