"","v_bh","v_daily","v_mon","v_con"
"mean",1316081.79355433,1307022.43475161,1307982.67614993,1307097.47536086
"sd",335596.431915777,290475.544143008,294706.307133143,290475.095958251
"skewness",1.27149223711037,0.50294169073437,0.579455868733573,0.502070071432245
"kurtosis",3.36906421467364,0.456715743195359,0.640006631767819,0.456395181512247
