"","v_bh","v_daily","v_mon","v_con"
"mean",1190597.58402792,1190124.1225989,1190186.55124403,1190124.31975782
"sd",89592.4081276389,86132.9901583606,86354.3990833674,86096.0904487896
"skewness",0.476941816675031,0.273639321829508,0.289162136652337,0.272820551314301
"kurtosis",0.24331026049542,-0.0528636629484556,-0.0311233399418138,-0.0551307448707283
