"","v_bh","v_daily","v_mon","v_con"
"mean",1230239.62805577,1223274.93739134,1223814.94715609,1223242.7072852
"sd",69389.9292555048,62455.970155135,62972.167398635,62434.2238803812
"skewness",0.181208165619061,0.0517697504033343,0.0667166756301811,0.0507764486345427
"kurtosis",-0.23801874866558,-0.303296283249332,-0.292088106964841,-0.303209840698415
