"","v_bh","v_daily","v_mon","v_con"
"mean",1358452.94305024,1342331.40099474,1343617.66642299,1342274.2172017
"sd",41805.4196451778,35773.7475518312,36244.1698980309,35752.5827174106
"skewness",0.242696341263834,0.162250157791514,0.169151909534087,0.161731021362571
"kurtosis",0.137826353261637,0.0361832059212071,0.0437649841580057,0.0353891296401825
