"","v_bh","v_daily","v_mon","v_con"
"mean",1075845.72737203,1076502.28478501,1076358.51356821,1076635.68612855
"sd",214666.770240837,212317.75885909,212493.040632062,212318.755454419
"skewness",1.32905474769817,0.66004709867583,0.712430707671435,0.65709967379409
"kurtosis",3.13339034648522,0.688103223870858,0.805693098557033,0.682834281880644
