"","v_bh","v_daily","v_mon","v_con"
"mean",1250015.86155811,1212756.27792438,1215737.06351756,1212643.39423565
"sd",335420.173056845,249711.517134607,256438.099902077,249415.899029657
"skewness",1.66447376076655,0.80789403794225,0.897095574591228,0.806489916290152
"kurtosis",5.10134114570612,1.40978380318094,1.71916169611112,1.41100939671391
