"","v_bh","v_daily","v_mon","v_con"
"mean",842161.551716113,832001.833711307,832910.65986609,831936.064675178
"sd",140395.671232806,162331.967610415,160808.572735758,162318.072762535
"skewness",1.20327268764326,0.510355097645163,0.574160886900636,0.507612435783154
"kurtosis",2.62377961709399,0.619538379816164,0.776794993483084,0.617821414420095
