"","v_bh","v_daily","v_mon","v_con"
"mean",1066359.47202532,1061795.91089309,1061405.71580996,1061944.53096372
"sd",234250.73950232,204506.827800521,206305.941664279,204496.139816484
"skewness",1.28390628060908,0.581048322600215,0.638251708099045,0.579150739107183
"kurtosis",3.01850325506474,0.763930702524359,0.901716179175014,0.752950173236642
