"","v_bh","v_daily","v_mon","v_con"
"mean",1002032.0571827,1002021.64273088,1002026.96016596,1002020.78355986
"sd",25513.5457598046,25456.6895248294,25460.1728552924,25457.6363243891
"skewness",0.113016109383052,0.0452069312287155,0.0501048024100039,0.0450411971009498
"kurtosis",-0.204980580397461,-0.217276533670248,-0.216191556305225,-0.217655589546358
