"","v_bh","v_daily","v_mon","v_con"
"mean",865043.896363973,856650.240482423,857217.96897529,856640.211629543
"sd",137528.661994585,155473.276851585,154201.713264128,155537.146647666
"skewness",0.927188001164905,0.382950017441039,0.416552216988259,0.384940792698391
"kurtosis",1.44575078733298,0.095825453211527,0.138832152373189,0.103892062191255
