"","v_bh","v_daily","v_mon","v_con"
"mean",1250631.28817495,1225248.28770661,1227264.41796976,1225160.79078971
"sd",77236.3718486537,62969.9029620907,64074.1321137343,62924.1710033592
"skewness",0.297680380678538,0.139956514192452,0.157144211967184,0.139185333782906
"kurtosis",0.164976106387793,0.0769846272564076,0.0852229237570636,0.0777320104015722
