"","v_bh","v_daily","v_mon","v_con"
"mean",1013457.50793103,1009809.30817032,1010095.03186428,1009801.00288497
"sd",69776.8612753599,75197.916889232,74779.0554747572,75230.6716591452
"skewness",0.656155674032015,0.38187295597583,0.397190023334486,0.380832308832901
"kurtosis",1.11011122935383,0.60024262234995,0.601855155799086,0.597873194468244
