"","v_bh","v_daily","v_mon","v_con"
"mean",845466.199375343,839012.059990063,839522.944146015,838988.88868614
"sd",18732.1381654511,21243.1814027242,21045.2400041567,21250.4908374989
"skewness",-0.0389921843777739,-0.12090989779085,-0.116101277475532,-0.121561510202177
"kurtosis",0.14473141117677,0.190907927471831,0.188905336154775,0.191903110891781
