"","v_bh","v_daily","v_mon","v_con"
"mean",1199695.86461636,1185622.27869402,1186621.00732603,1185572.01121685
"sd",181489.609421343,153637.799926848,155802.181406378,153545.637556005
"skewness",0.922585159560446,0.433324039803316,0.478941170326617,0.431897346830368
"kurtosis",2.15124018375012,0.641683990504121,0.750042096959223,0.638350389705844
