"","v_bh","v_daily","v_mon","v_con"
"mean",1338661.31112406,1281276.06168526,1286129.11034694,1280967.6507838
"sd",458541.554575888,326029.94891702,336443.931136164,325503.656054823
"skewness",1.65336487895693,0.746860911439091,0.835051470611873,0.740474431108323
"kurtosis",4.48719667779595,0.993723432454624,1.25343047016988,0.979932302553691
