"","v_bh","v_daily","v_mon","v_con"
"mean",826075.581071072,811750.299815258,812906.96735525,811689.166242901
"sd",32651.3880309883,39432.367853764,38894.7376717719,39452.4639391387
"skewness",0.187368186414806,0.0404565526044896,0.0520823469167796,0.04002142178655
"kurtosis",0.0640486484489138,0.0214316144751847,0.0330920217214454,0.0215817320018923
