"","v_bh","v_daily","v_mon","v_con"
"mean",803065.189801215,778663.482170155,780601.996983002,778576.714290926
"sd",14994.49651357,19227.6694992615,18889.2967169469,19243.61905622
"skewness",0.166507997677125,0.0952844801129709,0.0997822322708314,0.0949568296189487
"kurtosis",-0.0558279058409243,-0.0580923647569684,-0.060902872653164,-0.0583518475456186
