"","v_bh","v_daily","v_mon","v_con"
"mean",1110444.71147313,1105048.68207838,1105662.60397724,1105068.13075041
"sd",154591.659901725,137865.14873057,139238.970128338,137790.083999141
"skewness",0.827773295112123,0.437282220768172,0.467072468373516,0.435839976433489
"kurtosis",1.04619885147113,0.302164201568829,0.343294176840747,0.299775422815339
