"","v_bh","v_daily","v_mon","v_con"
"mean",1045899.69648265,1045426.54754019,1045406.95126532,1045424.2849697
"sd",82801.3226948069,80603.4155026984,80739.5890179875,80606.2362362973
"skewness",0.372497989313318,0.170074263185485,0.184939703232143,0.169846315964891
"kurtosis",-0.0398806592378911,-0.217762627058126,-0.199089672460152,-0.217178138754594
