"","v_bh","v_daily","v_mon","v_con"
"mean",868979.630920651,855537.767085228,856640.109006203,855476.686574909
"sd",74751.8753626338,88690.4342341324,87697.2588177358,88736.1137546579
"skewness",0.517479629371162,0.23004923619786,0.251999921463601,0.228875068063475
"kurtosis",0.213538299135307,-0.0809981093801282,-0.0622668378831297,-0.0807890521295174
