"","v_bh","v_daily","v_mon","v_con"
"mean",873537.460125571,861598.663645219,862387.647731423,861598.185842228
"sd",148062.546539056,172135.216163412,170485.701926483,172157.47681017
"skewness",1.07808863942178,0.511450020325131,0.56085312240239,0.508251426103783
"kurtosis",1.62392678802208,0.184863366908042,0.292501844721115,0.177103040169103
