"","v_bh","v_daily","v_mon","v_con"
"mean",891752.691487698,867354.226598235,869307.655043079,867270.143386846
"sd",67749.6647370125,85282.4870105837,83843.5759403891,85369.1807629606
"skewness",0.626126509872194,0.277047524468352,0.296551847063132,0.275523849117835
"kurtosis",1.00683002943437,0.435906727538409,0.461434479396297,0.432965490537614
