"","v_bh","v_daily","v_mon","v_con"
"mean",924880.271160687,923229.394774194,923521.546963895,923251.515981819
"sd",224208.710700653,216488.204401903,216960.277120857,216414.307395701
"skewness",1.63341682170171,0.927796211031878,0.984091518648753,0.920104873732173
"kurtosis",3.50074547645114,1.01172281327139,1.18652267758601,0.982573456265238
