"","v_bh","v_daily","v_mon","v_con"
"mean",1101079.68845817,1094451.26540815,1094984.05436567,1094428.31280558
"sd",29046.437709842,25986.042147438,26245.7399183195,25975.0569804688
"skewness",0.21489774968397,0.145267544158854,0.150378641305082,0.144769710531644
"kurtosis",0.0219729393320689,-0.0107883201936079,-0.00654424670889764,-0.0109053339729406
