"","v_bh","v_daily","v_mon","v_con"
"mean",1220942.41058254,1208137.09475497,1209182.30846976,1208035.69416185
"sd",260475.629290191,218412.912879485,222003.834042845,218232.831299568
"skewness",1.32705889455448,0.668134293491861,0.71862722648845,0.665224372200675
"kurtosis",3.1845570849731,0.872072379330717,0.976622371052614,0.860813779498021
