"","v_bh","v_daily","v_mon","v_con"
"mean",822149.474525314,798289.843072087,800298.24595227,798214.648459461
"sd",76845.482715961,98472.1297294961,97035.0012844027,98586.8549286155
"skewness",0.441223019867418,0.1395754128276,0.162414378619651,0.138567314834604
"kurtosis",-0.0756757630115601,-0.340426281309986,-0.331314623540079,-0.340817662288202
