"","v_bh","v_daily","v_mon","v_con"
"mean",1103972.79857366,1097000.33106113,1097560.55484754,1096980.28852598
"sd",61402.815575055,54931.8795270282,55425.1564013393,54913.3685570336
"skewness",0.168783298822545,0.0340140550938921,0.0476722265097601,0.0328695195453476
"kurtosis",-0.163216483198819,-0.187011772181282,-0.184324317655215,-0.187582099502639
