"","v_bh","v_daily","v_mon","v_con"
"mean",1027465.88770989,1020166.41456259,1020786.021089,1020142.23183198
"sd",45112.007274879,50887.1002089013,50435.7714182459,50902.0648865197
"skewness",0.169490350219867,0.0365548044003025,0.0452489798274035,0.0360312864776079
"kurtosis",-0.15704423521441,-0.221659156878252,-0.216515129384963,-0.222605524123286
