"","v_bh","v_daily","v_mon","v_con"
"mean",945143.903571266,938178.569451808,938590.084410366,938110.656540657
"sd",180128.27403597,195746.607961354,194252.950921321,195822.664152447
"skewness",1.29647938436534,0.565798359545317,0.615406594151589,0.567584433027729
"kurtosis",2.96223013156493,0.646892768534252,0.739511364485121,0.651916596156866
