"","v_bh","v_daily","v_mon","v_con"
"mean",881400.524233627,870484.801917529,871351.910802086,870445.250608695
"sd",18794.9202145433,21981.2836917381,21720.550082345,21991.6746481749
"skewness",0.214761569160912,0.146131976454576,0.150149157720974,0.145980129074573
"kurtosis",-0.131550062230839,-0.165017489953932,-0.166030108415406,-0.165085481795749
