"","v_bh","v_daily","v_mon","v_con"
"mean",1284436.02765247,1258767.39447997,1260772.24692783,1258662.97046024
"sd",309130.57501206,245357.73163854,250768.606484022,245156.664718521
"skewness",1.20741164094265,0.549929795258984,0.61305784318736,0.549840197638085
"kurtosis",2.81495829193484,0.493853690100462,0.660713576087379,0.499185599115701
