"","v_bh","v_daily","v_mon","v_con"
"mean",1217275.33326816,1201317.80382228,1203033.06514268,1201272.33063914
"sd",254408.092972646,211499.641035337,215640.305118094,211408.299519043
"skewness",0.983739096899508,0.536268023056087,0.579056497203017,0.535589505604413
"kurtosis",0.919390551518394,0.0420687183176476,0.102276892401218,0.0369215244405816
