"","v_bh","v_daily","v_mon","v_con"
"mean",1162524.83570347,1162438.26333835,1162497.43181228,1162439.1468757
"sd",88202.8059561347,87317.1114155123,87355.5649250456,87321.3975323158
"skewness",0.285471050591567,0.0977438485049274,0.115408815336047,0.096942354798291
"kurtosis",-0.222102364478424,-0.313264325262655,-0.308095623377328,-0.313418581872618
