"","v_bh","v_daily","v_mon","v_con"
"mean",1304632.73741502,1279627.88900347,1281445.37414339,1279498.98126037
"sd",239359.891448916,193199.455988912,197218.783945915,193201.966036478
"skewness",0.932861259399719,0.448579033928668,0.494712918698072,0.447341039076723
"kurtosis",1.39665616017163,0.36197282390474,0.43362057476128,0.356880198011964
