"","v_bh","v_daily","v_mon","v_con"
"mean",1140648.18436754,1136996.92889212,1137246.43547382,1136983.22789083
"sd",62650.3414288184,57800.5657158012,58213.55879122,57793.6582713318
"skewness",0.266641076621918,0.114771331268714,0.132198703313113,0.113313911459817
"kurtosis",0.110146699063329,0.0252276616408076,0.0418946386617103,0.0221292940947588
