"","v_bh","v_daily","v_mon","v_con"
"mean",1101097.14523059,1095103.24553149,1095341.68094621,1095109.36866255
"sd",327991.038675091,283970.632748097,286533.459904236,283856.682336517
"skewness",1.65848013039693,0.820556635055162,0.893248721599988,0.817468005264247
"kurtosis",4.26944821107502,0.873750520090622,1.09594869883441,0.874030843431935
