"","v_bh","v_daily","v_mon","v_con"
"mean",1293714.55673866,1286350.59608892,1286796.87116901,1286291.86562878
"sd",375127.312993945,324198.24718418,330054.648360446,324077.518543738
"skewness",1.40652463641979,0.694301679062038,0.792494879537249,0.690713934828352
"kurtosis",2.64844699012682,0.434331942363789,0.701770731524845,0.427379043641952
