"","v_bh","v_daily","v_mon","v_con"
"mean",1350879.52920429,1317062.1054706,1319747.48841461,1316943.17721528
"sd",40125.4903638688,32045.7215016119,32690.9397531403,32016.7539168434
"skewness",0.0421094000809438,-0.0274128544063859,-0.0192841280888925,-0.0279278686655848
"kurtosis",-0.0681137593099526,-0.085701557558207,-0.0845478761353884,-0.0864779527339468
