"","v_bh","v_daily","v_mon","v_con"
"mean",1082456.68762671,1077418.50974751,1077726.39667684,1077394.66240817
"sd",122609.702461017,110047.144897862,111006.087318225,109994.256175061
"skewness",0.788936598176226,0.412324684093067,0.442674094167114,0.411118109311659
"kurtosis",1.59479044533531,0.584132500847075,0.64506397986186,0.581943319675958
