"","v_bh","v_daily","v_mon","v_con"
"mean",1013852.78598567,1014161.82406411,1014137.68917936,1014164.10259139
"sd",71507.3343665745,71716.593941823,71688.3523484134,71700.4922559303
"skewness",0.440894393867948,0.202541488946062,0.221862802749443,0.201498241024017
"kurtosis",0.55167737836881,0.297695327305296,0.310986236879904,0.295052416219189
