"","v_bh","v_daily","v_mon","v_con"
"mean",1283072.18493313,1251539.05090418,1254051.35057506,1251425.53942584
"sd",39720.5738246289,31848.773931827,32473.228769678,31819.5112162192
"skewness",-0.0930206462040162,-0.165776931851449,-0.159570615519463,-0.165739224105247
"kurtosis",-0.104153343259294,-0.0681430515435659,-0.0720494887157646,-0.0680696355788335
