"","v_bh","v_daily","v_mon","v_con"
"mean",949797.883321964,928569.574973931,930300.462789883,928487.147108811
"sd",56326.0982129291,69474.9985887049,68530.2832600406,69520.3060215203
"skewness",0.435958398256566,0.204048391961958,0.219450094890428,0.202999979018643
"kurtosis",0.385576064984511,0.110401346906777,0.130213579422534,0.107655970168446
