"","v_bh","v_daily","v_mon","v_con"
"mean",1030844.73345463,1029780.23781438,1029789.96625864,1029732.27156886
"sd",254739.200109013,239748.630094999,241253.852038259,239774.671728766
"skewness",1.60523822963757,0.802614784853659,0.856696047968734,0.800278730222929
"kurtosis",4.35100669645213,0.945728763227747,1.09854077655446,0.933861382648273
