"","v_bh","v_daily","v_mon","v_con"
"mean",870835.55318663,840306.33546439,842730.152372072,840200.107032818
"sd",31674.200992198,41343.6377182148,40613.3281386043,41376.939566886
"skewness",0.288979360230582,0.166237795944107,0.173776732481924,0.165918874862706
"kurtosis",-0.227192438237061,-0.303967577252932,-0.302152942775179,-0.304003440590713
