"","v_bh","v_daily","v_mon","v_con"
"mean",1134751.87311415,1130522.5965025,1131022.68717198,1130410.28213901
"sd",195935.849239239,178640.690129998,180099.963359722,178523.908214745
"skewness",0.9107239682061,0.469769587987187,0.505527194057873,0.466818880063922
"kurtosis",1.0201747828947,0.115221403307608,0.152919316356892,0.109084531487898
