"","v_bh","v_daily","v_mon","v_con"
"mean",958661.687370011,954772.077564028,955327.387873766,954708.546652681
"sd",205881.604833478,215713.006540764,214517.142323154,215814.061778572
"skewness",1.56726327446889,0.793657187009191,0.846336327178127,0.79559323439287
"kurtosis",3.90732187463456,0.920541443998341,1.10099163242686,0.929011728300401
