"","v_bh","v_daily","v_mon","v_con"
"mean",1014005.94830892,1013202.73966039,1013385.04361713,1013190.5030227
"sd",126067.593925947,128640.07414737,128547.54290258,128646.204791326
"skewness",0.873957151549641,0.426903836120686,0.458159175531292,0.425871769300184
"kurtosis",1.66806862978295,0.494174948001294,0.559304906794664,0.491150721143846
