"","v_bh","v_daily","v_mon","v_con"
"mean",1143405.65481999,1134597.8000226,1135259.56568202,1134576.81551178
"sd",59562.1557779292,52462.856647861,52982.97461384,52439.9462647836
"skewness",0.265303678117941,0.131683411488011,0.139413634684857,0.131229611842396
"kurtosis",-0.00189627775981238,-0.036173863393715,-0.0365134422068278,-0.0363898167854342
