"","v_bh","v_daily","v_mon","v_con"
"mean",984446.859896837,982895.509943619,983094.974517879,982885.495840567
"sd",111799.479332344,118319.100100036,117799.003814461,118326.300746441
"skewness",0.673978122337261,0.36964682295693,0.389165396113964,0.368661422882167
"kurtosis",0.287979027739067,-0.15142189301364,-0.133918324381265,-0.150346413869266
