"","v_bh","v_daily","v_mon","v_con"
"mean",877116.046634106,871920.924838458,871881.86437217,871825.677935935
"sd",156952.371694975,172428.109063803,170835.870088061,172309.207851656
"skewness",1.1504963496959,0.571382888902848,0.612066380470504,0.567516960381642
"kurtosis",1.66988076493086,0.369880990598333,0.420860887357828,0.362182677027365
