"","v_bh","v_daily","v_mon","v_con"
"mean",947300.117363297,935099.6852981,936100.954581029,935039.175513768
"sd",58290.6335206179,68551.2609151071,67746.6804188008,68575.9207516424
"skewness",0.319855378109493,0.116070906625747,0.133543954157997,0.115307435300014
"kurtosis",0.0127046337194874,-0.130931023754856,-0.117041553622329,-0.13204317561358
