"","v_bh","v_daily","v_mon","v_con"
"mean",899943.074850632,893312.371011861,893707.43063159,893428.606449572
"sd",219427.67583427,230837.683599474,229337.667885025,231114.08517549
"skewness",1.7132675340027,0.88526236507306,0.943680403774226,0.881907233155678
"kurtosis",4.0373936755188,1.07234076664221,1.21363657322661,1.05570558477956
