"","v_bh","v_daily","v_mon","v_con"
"mean",838474.677212745,824043.212353093,825841.976207617,824080.082768282
"sd",175278.112134001,203712.268766976,203208.393646633,203894.948762586
"skewness",1.51689874629812,0.777128464881554,0.849773951162022,0.774824580813628
"kurtosis",3.13188301782981,0.701851286456613,0.893579085992552,0.691673478388667
