"","v_bh","v_daily","v_mon","v_con"
"mean",839848.570579535,828431.250227179,829460.206189739,828358.583353107
"sd",162366.855189341,187353.63669724,185789.204577532,187581.853054871
"skewness",1.15601675963664,0.591576196698867,0.629303885201834,0.592217370673466
"kurtosis",1.45620727735868,0.0793039643243185,0.145993418202742,0.0812718659946583
