"","v_bh","v_daily","v_mon","v_con"
"mean",1184247.85901622,1160936.6829405,1162794.0681494,1160854.99693259
"sd",34710.6427955023,28417.9426384565,28912.5331111232,28394.6340152046
"skewness",0.139812054910081,0.0666472199046488,0.0748514623629922,0.0662008694365128
"kurtosis",0.0201902370465334,0.0130670808898725,0.0150901292987493,0.0138565997743108
