"","v_bh","v_daily","v_mon","v_con"
"mean",945590.289150388,945607.984602976,945436.000292792,945626.925015844
"sd",143539.317467066,142420.001960122,142566.60081339,142417.412418481
"skewness",0.801794091302782,0.402426882585534,0.437971313812929,0.400061026442737
"kurtosis",0.629204797889815,-0.0326582522817662,-0.000562047487133732,-0.037044810741039
