"","v_bh","v_daily","v_mon","v_con"
"mean",1007403.75084916,1006184.56976539,1006486.99852918,1006202.62248072
"sd",193505.032811667,182459.426294606,183816.051090197,182307.776147406
"skewness",1.25904067611907,0.630707463903564,0.682188361650527,0.626406635012574
"kurtosis",2.68019084406171,0.730206856773609,0.845770441045762,0.726044001028946
