"","v_bh","v_daily","v_mon","v_con"
"mean",863825.874255677,843506.494349274,845108.328799954,843434.302445475
"sd",35677.5184988432,44375.3849849169,43673.557004225,44411.7817463261
"skewness",0.229574441840148,0.067147938250092,0.0783263507766039,0.067120441614435
"kurtosis",0.145883331088539,0.0603088374967293,0.0573426067417753,0.0607663782888292
