"","v_bh","v_daily","v_mon","v_con"
"mean",1302258.28008338,1286402.11305862,1287684.23506738,1286338.33737126
"sd",77459.3979936001,66174.4497722937,67096.3400072939,66139.0768124989
"skewness",0.265760585606997,0.129875132964726,0.140826881606524,0.129435099392962
"kurtosis",-0.13703819048206,-0.217588681766532,-0.207384928894953,-0.217269396916751
