"","v_bh","v_daily","v_mon","v_con"
"mean",1239745.55387917,1204589.84094972,1207143.82955935,1204510.22318169
"sd",278135.149981612,217951.812834467,222922.551595317,217798.128501525
"skewness",0.843858922418857,0.343287310462695,0.384163983619247,0.342623999214646
"kurtosis",0.81053657075591,0.00248959474260069,0.0442294971600878,0.00377993824530209
