"","v_bh","v_daily","v_mon","v_con"
"mean",871833.052831915,862355.462007192,863103.984996735,862322.891274563
"sd",38209.1822948578,44214.4471406218,43768.6057537369,44237.570439445
"skewness",0.304959055781325,0.125367397592274,0.135847117316492,0.124781079865843
"kurtosis",0.45939344006815,0.358193266701133,0.351245746849639,0.357855568676262
