"","v_bh","v_daily","v_mon","v_con"
"mean",836656.341735294,820645.54989889,821921.083916863,820583.372993128
"sd",33758.0739076418,40918.1172272515,40351.3016893661,40941.3019785303
"skewness",0.412412890902078,0.263012508737884,0.271132964546487,0.262846447809724
"kurtosis",0.198616508828061,0.0737823566975417,0.072386117621889,0.0744197513009102
