"","v_bh","v_daily","v_mon","v_con"
"mean",1330215.31469524,1302086.45463547,1304651.85085798,1301991.42904296
"sd",317029.194130283,254809.427131854,258989.147535093,254616.065154198
"skewness",0.88387903063414,0.378652563797213,0.417798909555187,0.376336017329778
"kurtosis",0.794972194435561,-0.089359382059123,-0.0465727556017925,-0.0913198322933146
