"","v_bh","v_daily","v_mon","v_con"
"mean",1085784.17903238,1082375.25331769,1082618.41766681,1082367.75619041
"sd",58974.8535229665,54516.617690433,54888.8756600267,54494.0211292742
"skewness",0.202150667768157,0.0689523527785191,0.0792063352817812,0.0681420457875105
"kurtosis",-0.205166215937971,-0.212004931198068,-0.216537798656618,-0.211997457001385
