"","v_bh","v_daily","v_mon","v_con"
"mean",1373988.28069417,1346465.46779708,1348654.5455784,1346367.27883105
"sd",40978.3596029703,33487.5186907913,34079.7257521346,33459.3582573073
"skewness",0.152920822677835,0.0774245942402646,0.0839254124214168,0.076949943744932
"kurtosis",0.0509053762132479,0.0468024880149223,0.0464110588239897,0.0460743596405706
