"","v_bh","v_daily","v_mon","v_con"
"mean",1323877.20501214,1283782.30002477,1286955.57601154,1283640.89759557
"sd",40575.8333519538,31641.1662154842,32352.8944347394,31608.8341213666
"skewness",0.108434663083111,0.036699569121235,0.0443456557092118,0.0362064013228598
"kurtosis",-0.0363174448119175,-0.0441162438733462,-0.0452096608553738,-0.0442883532129326
