"","v_bh","v_daily","v_mon","v_con"
"mean",819353.223485369,799468.726115273,801022.273097676,799316.635483301
"sd",133906.886427691,160882.619662773,158931.75326927,160978.488493411
"skewness",1.36428968515705,0.724364167856397,0.764928170916129,0.723104179407493
"kurtosis",2.78884136571449,0.670565644017343,0.793750369893141,0.668739827887427
