"","v_bh","v_daily","v_mon","v_con"
"mean",1037806.65368597,1037204.6298361,1037398.03298865,1037215.57969143
"sd",136157.778069054,129346.743476032,129833.453097984,129312.821678576
"skewness",0.865746533173613,0.427996900477956,0.462093727903197,0.42578849081111
"kurtosis",1.58830759077081,0.493645588824991,0.563842800596456,0.492115893079428
