"","v_bh","v_daily","v_mon","v_con"
"mean",1093332.23161315,1093527.36365398,1093757.40120918,1093491.74027664
"sd",209214.092545518,212670.315619819,212804.673088307,212652.141525313
"skewness",1.78302546306433,0.637106907989658,0.692374802232103,0.634165015585032
"kurtosis",9.97884829454403,1.80593393648195,2.04435357113898,1.78202137374282
