"","v_bh","v_daily","v_mon","v_con"
"mean",1246663.41367278,1243545.28116647,1244729.36151541,1243568.9333409
"sd",274231.805081451,247916.974227213,250562.120275469,247880.743214636
"skewness",1.1626239364048,0.551845032044982,0.610776474120947,0.550461441430563
"kurtosis",1.92563661387404,0.388528239576941,0.500107359699217,0.385990204709809
