"","v_bh","v_daily","v_mon","v_con"
"mean",877369.500564629,858678.18878242,861202.462397522,858657.440561061
"sd",174183.16542654,202869.53080436,201076.608996815,202995.861326939
"skewness",1.55559956516529,0.758350418261768,0.79248802963081,0.755596447173126
"kurtosis",3.9719155880957,0.852940837655131,0.914473534737714,0.842131934842761
