"","v_bh","v_daily","v_mon","v_con"
"mean",1295739.63852345,1256479.38989723,1259613.60797477,1256323.66303878
"sd",207556.581221053,160779.363325715,164484.625918292,160619.710333665
"skewness",0.644118970701879,0.322666733579523,0.356101368884526,0.320716890984436
"kurtosis",0.304795254724613,-0.21024043032776,-0.162839983803231,-0.214284457305888
