"","v_bh","v_daily","v_mon","v_con"
"mean",1058010.21594956,1053763.65361555,1054077.44071397,1053757.61401484
"sd",100241.079486041,108073.693644247,107493.095127112,108125.210472655
"skewness",0.672287192786728,0.376656820970611,0.402504313563372,0.374962625720036
"kurtosis",0.505671959856466,0.0978782527194326,0.134181254521153,0.0949349864873823
