"","v_bh","v_daily","v_mon","v_con"
"mean",974544.876219141,974315.006095037,974050.761049816,974342.671653017
"sd",118979.422750051,121218.034992932,120822.51598527,121269.782919274
"skewness",0.702758057658659,0.300624714298867,0.33076977931152,0.299524647629949
"kurtosis",0.991434560230818,0.227335051674103,0.269152710813074,0.225270652773022
