"","v_bh","v_daily","v_mon","v_con"
"mean",909437.942821313,898960.515640039,900236.301596312,898851.435360793
"sd",137537.751614906,156795.522183381,155335.994239509,156796.801567167
"skewness",1.11439967386553,0.566929436720298,0.599054392585498,0.56233712582528
"kurtosis",2.11820250846575,0.415789980216793,0.473569839241486,0.408238742937699
