"","v_bh","v_daily","v_mon","v_con"
"mean",819090.038385309,803861.475733845,804452.213456496,803725.683191169
"sd",157161.630076923,180956.427994123,178783.162064798,180902.508549698
"skewness",1.82600136545348,0.881716074750975,0.952565658885166,0.877839008373814
"kurtosis",6.23893283174373,1.53655182419948,1.87773299499938,1.52050934907624
