"","v_bh","v_daily","v_mon","v_con"
"mean",885814.946412646,859645.287068865,861719.619327618,859552.711247489
"sd",16735.634624828,21455.7808877969,21079.4934347983,21472.3363827426
"skewness",-0.113455440599297,-0.176698869047507,-0.172426023274079,-0.176577036934928
"kurtosis",-0.313045312416885,-0.289818678467512,-0.29262760674633,-0.289812685619662
