"","v_bh","v_daily","v_mon","v_con"
"mean",1362878.42490736,1346158.72517115,1347499.1474988,1346098.8125836
"sd",79420.0489938182,67724.9095740273,68609.5653550355,67683.6567807992
"skewness",0.309024057890718,0.170939340228494,0.182756266732254,0.170857786612996
"kurtosis",-0.0461610125300966,-0.138257374767792,-0.134184522181936,-0.137265498240787
