"","v_bh","v_daily","v_mon","v_con"
"mean",1260174.39554951,1250090.09999506,1250873.94373066,1250062.04440563
"sd",68233.7985688242,59910.2107773465,60572.4103015003,59874.2132997861
"skewness",0.356191466886819,0.188938961818974,0.205726816902002,0.187615851495612
"kurtosis",0.700962476728154,0.331923495050047,0.38097561724966,0.329945266273871
