"","v_bh","v_daily","v_mon","v_con"
"mean",1224138.94004075,1203383.24887533,1204933.1701809,1203357.69940124
"sd",226191.212102859,182222.191022322,185298.538450646,182141.69420932
"skewness",1.32111118052041,0.628998280304564,0.691303116858286,0.626754010271824
"kurtosis",4.41809624615899,1.31352933392407,1.53552629226492,1.30400259279578
