"","v_bh","v_daily","v_mon","v_con"
"mean",800304.39793619,787015.086932962,788132.028419254,787003.213127573
"sd",130133.163886914,154589.413910016,152317.569233054,154619.427368431
"skewness",1.03386900264854,0.495435205616781,0.521775558810188,0.49303930504246
"kurtosis",1.35464294296634,0.114327140835512,0.164260988111826,0.10680745518476
