"","v_bh","v_daily","v_mon","v_con"
"mean",904527.517755788,871739.921041626,873708.13098315,871512.282063991
"sd",133094.19327533,171576.26233997,168423.996077736,171614.808897689
"skewness",1.21996653930737,0.561162613793166,0.608923451468034,0.556845211529721
"kurtosis",2.53634722650528,0.550239540859569,0.662598074634703,0.538388733805419
