"","v_bh","v_daily","v_mon","v_con"
"mean",1340837.60923879,1304692.38724014,1307441.33415564,1304700.23081625
"sd",320236.028938793,249167.350535725,254040.407124916,248884.055544441
"skewness",0.933745691737351,0.40514912562893,0.451909937152235,0.402883668761581
"kurtosis",1.09435037370653,0.0420747391830454,0.0889611817133593,0.04321210419694
