"","v_bh","v_daily","v_mon","v_con"
"mean",1228217.28239788,1206222.1097245,1207957.78582271,1206028.2954942
"sd",368337.513189859,292571.269869184,298880.003750857,292389.545403995
"skewness",1.3989185602122,0.612575760474619,0.693012464993665,0.612552615205563
"kurtosis",3.096633810489,0.564690189456234,0.743965162675007,0.567993545873939
