"","v_bh","v_daily","v_mon","v_con"
"mean",810955.843113649,793348.497833099,794780.052269987,793282.15511445
"sd",47022.850860604,57945.8446827501,57099.2310122074,57978.6450947519
"skewness",0.362412454724327,0.171168663205079,0.183878876891717,0.170284014375149
"kurtosis",-0.105838904087602,-0.207838041406663,-0.201684409186402,-0.207371435630581
