"","v_bh","v_daily","v_mon","v_con"
"mean",829405.61309919,815511.55086164,816913.408407983,815490.194283911
"sd",106956.544977721,124073.013743768,122645.231544099,124121.767460399
"skewness",1.27680384010339,0.681735829798306,0.706717849654829,0.678333758507644
"kurtosis",3.03310285207716,1.0974372836294,1.13392845464424,1.08357080232189
