"","v_bh","v_daily","v_mon","v_con"
"mean",1457495.85915174,1398859.27228974,1403103.52466131,1398725.5845348
"sd",490736.803526769,358359.107213021,368281.847582754,357906.744217922
"skewness",1.35743778813758,0.628183103453967,0.696608645388666,0.625405953280518
"kurtosis",2.37272916390676,0.383735579375677,0.504977898520813,0.380723538452749
