"","v_bh","v_daily","v_mon","v_con"
"mean",1208710.53471262,1198219.69374232,1198929.94448262,1198181.01799419
"sd",103043.484936769,90708.5135426324,91631.3653331439,90629.3557556185
"skewness",0.217403490526189,0.0175251449730866,0.0351209089432744,0.0170780741753225
"kurtosis",-0.19025139520708,-0.230414877262475,-0.233930827529858,-0.230913127278976
