"","v_bh","v_daily","v_mon","v_con"
"mean",1138535.95281285,1135193.92725613,1135340.50286431,1135187.00976661
"sd",156590.493552226,141545.319891762,142686.663369071,141544.114682554
"skewness",0.962728221145658,0.565998590807282,0.594691765819457,0.564785852871445
"kurtosis",1.36053430937849,0.476796686406917,0.525958508773489,0.473168292650238
