"","v_bh","v_daily","v_mon","v_con"
"mean",808117.411000326,796533.55653771,797428.738268677,796438.018641413
"sd",152666.850739852,177708.334107858,175830.337465592,177748.690894928
"skewness",1.29544211241299,0.588451761627525,0.621420919317511,0.583303152146941
"kurtosis",2.65468205374394,0.520827207187719,0.577267272512632,0.507830968131761
