"","v_bh","v_daily","v_mon","v_con"
"mean",847956.238494216,830355.44199005,831752.089456665,830296.86265066
"sd",51643.9389138604,62898.5772948414,61999.9833221019,62959.5896252286
"skewness",0.53704090583983,0.311364083244302,0.322097409291879,0.311134276553502
"kurtosis",0.280370769186548,0.114958986698458,0.131596094243419,0.116866095578173
