"","v_bh","v_daily","v_mon","v_con"
"mean",940142.653360604,926285.00995515,927560.80894758,926216.53993365
"sd",189870.565879301,212578.599693297,210427.468278253,212487.094798364
"skewness",1.91638321970824,0.86832863134701,0.911748810622832,0.862935390082311
"kurtosis",7.47684485443909,1.67886000553816,1.82980701167518,1.65787965866731
