"","v_bh","v_daily","v_mon","v_con"
"mean",1261549.52009114,1251474.73278847,1252298.32106272,1251427.87414404
"sd",103517.309085643,90119.9781903713,91148.7001804132,90081.4651796832
"skewness",0.663074309912198,0.394683403901465,0.419211054153313,0.395089471078399
"kurtosis",1.22384060656449,0.601046977126301,0.646168848669087,0.601276410995069
