"","v_bh","v_daily","v_mon","v_con"
"mean",976211.731565697,959446.099837479,960943.618912066,959395.359836914
"sd",197983.633104515,224572.303572772,222778.998470212,224471.810168137
"skewness",1.73286994433825,0.821792116771975,0.869888661580068,0.817908509344718
"kurtosis",5.04540819315829,1.30368748191417,1.4536759488929,1.28911130419357
