"","v_bh","v_daily","v_mon","v_con"
"mean",1092229.60991832,1091607.233091,1091868.74470433,1091587.64827371
"sd",230803.711415911,211629.736286004,213142.626866221,211514.103814764
"skewness",1.05386817246304,0.553664234581193,0.589481741172211,0.552163229386342
"kurtosis",1.2098950399439,0.0796582379414188,0.135340136573241,0.0803992604500197
