"","v_bh","v_daily","v_mon","v_con"
"mean",1323946.50175783,1312342.51278495,1313319.27366186,1312320.88518042
"sd",114200.514282438,100212.696676637,101368.946550068,100173.452719027
"skewness",0.315727491445151,0.081070953018503,0.107722230390247,0.0808005474084602
"kurtosis",0.184423442506504,0.0641149575904709,0.0704114433398884,0.0649823190876284
