"","v_bh","v_daily","v_mon","v_con"
"mean",1168489.27429599,1157981.18974122,1158538.04396769,1157957.42380734
"sd",177783.854158628,153569.464878752,155460.147212847,153505.101354484
"skewness",0.851458796962815,0.485922159025294,0.509152124465321,0.484012905854823
"kurtosis",0.773433052307924,0.127715630976263,0.150057787142098,0.123803455347811
