"","v_bh","v_daily","v_mon","v_con"
"mean",1269992.31924858,1240856.2534313,1243013.82501656,1240747.11407925
"sd",197653.393742893,157613.22557045,160755.378107587,157461.020402916
"skewness",0.73419495938669,0.377478359363341,0.41212222074809,0.375382662097687
"kurtosis",0.648224135023155,0.0397063923123318,0.0804974456999501,0.034835201329908
