"","v_bh","v_daily","v_mon","v_con"
"mean",1061999.9170961,1056131.79687127,1056588.52337983,1056122.89248878
"sd",88044.0331888351,78790.3443336677,79506.3014687434,78757.1576368409
"skewness",0.527648116202406,0.256583357913446,0.280020606971024,0.255024930606156
"kurtosis",0.914283909817323,0.48851620562177,0.503323942616767,0.483681676809918
