"","v_bh","v_daily","v_mon","v_con"
"mean",1166113.77151877,1160294.29092059,1160765.08674877,1160274.64791893
"sd",33353.9612033629,30171.0766896445,30424.4676436083,30161.2470936519
"skewness",0.1658060653123,0.0859771705274612,0.0928525134127845,0.0856371021460421
"kurtosis",0.112877264062561,0.0512401164523926,0.0554007001861718,0.0512199622506864
