"","v_bh","v_daily","v_mon","v_con"
"mean",984533.318445427,983755.407797874,983877.082637705,983726.402215521
"sd",132184.214363363,125240.192317035,125781.954708403,125176.89087203
"skewness",0.860872991404604,0.504844049804485,0.545984696759761,0.504322125905386
"kurtosis",0.922615904044093,0.117905169804539,0.217409019427371,0.118778106154555
