"","v_bh","v_daily","v_mon","v_con"
"mean",929669.810202431,919779.883975207,921915.464158635,919686.278207869
"sd",223695.943386119,242464.246556202,242578.083595852,242661.121310727
"skewness",1.56722535458126,0.789207804634103,0.860605821799375,0.78901167145197
"kurtosis",3.33517479768944,0.677737325127119,0.844313083608009,0.676418609766831
