"","v_bh","v_daily","v_mon","v_con"
"mean",1102418.71606709,1098907.84064416,1099234.10229766,1098900.177814
"sd",95288.0017818018,88128.3259576087,88728.1312528927,88105.304123061
"skewness",0.41811506796688,0.202239644099088,0.220053304247226,0.201262749700955
"kurtosis",0.0887684550422758,-0.166279974332153,-0.152430551518125,-0.168756523079859
