"","v_bh","v_daily","v_mon","v_con"
"mean",1027776.78776319,1025577.98777208,1025654.37457851,1025578.47801904
"sd",93010.2500913803,99424.5676411974,98817.1008303011,99464.2937616715
"skewness",0.553508608033389,0.20968444655505,0.233558620091292,0.209350942664472
"kurtosis",1.07108318431661,0.341125479507934,0.381055157081311,0.340578675010596
