"","v_bh","v_daily","v_mon","v_con"
"mean",833527.233677379,824794.07844281,825547.412212348,824808.820471281
"sd",131897.498071377,148824.082488689,147831.500828204,148993.610605569
"skewness",1.10451367068079,0.467972526050172,0.523292278359822,0.469016536478771
"kurtosis",2.40705423706849,0.530130039386915,0.673224107414255,0.531126335525961
