"","v_bh","v_daily","v_mon","v_con"
"mean",969788.666772143,972648.223259627,972058.777870371,972726.258288084
"sd",235694.192374714,232525.14354589,232759.491024913,232655.49454681
"skewness",1.5786505260746,0.779649162630872,0.842887618869385,0.781483612833571
"kurtosis",3.78618728361789,0.873712292257446,1.04401785389147,0.87921511105293
