"","v_bh","v_daily","v_mon","v_con"
"mean",1263564.57643186,1234597.89997781,1237052.07901593,1234507.37698968
"sd",288237.959496478,225182.541452496,229818.088554404,224941.000664527
"skewness",1.29205855398491,0.672281199507057,0.730553673006657,0.6692732663854
"kurtosis",2.79487239750109,0.735533004903004,0.872111167712318,0.729872283038871
