"","v_bh","v_daily","v_mon","v_con"
"mean",829767.995805405,815951.792914052,817052.706225234,815912.509805198
"sd",53146.4270420415,63424.4233488977,62605.9917341957,63466.6016448637
"skewness",0.505400079290749,0.25120422513538,0.266716801050132,0.250108740127938
"kurtosis",0.472474659201585,0.285979225157248,0.286086680762482,0.285693936165226
