"","v_bh","v_daily","v_mon","v_con"
"mean",1113622.3838497,1111759.4453096,1111629.79956631,1111710.211536
"sd",210333.728216892,196690.381642427,197734.93412663,196670.163564661
"skewness",0.960511836138357,0.37991388967021,0.423902151903621,0.37650374599188
"kurtosis",1.7145036695485,0.326963358559363,0.387892511133505,0.321220676462753
