"","v_bh","v_daily","v_mon","v_con"
"mean",1214075.58332332,1195116.61732885,1196606.99917766,1195052.59520762
"sd",70833.2192702943,59593.4070308422,60466.4786644716,59553.1743499914
"skewness",0.012197330835759,-0.113503106791646,-0.101182472656025,-0.113432246718836
"kurtosis",-0.321065906514362,-0.312962923898843,-0.317718611364233,-0.312859972900215
