"","v_bh","v_daily","v_mon","v_con"
"mean",1113085.08601947,1112779.32859872,1112349.955266,1112756.14393692
"sd",220975.508724995,223276.587241953,222746.641561303,223232.32259485
"skewness",1.15118449506343,0.552922414149094,0.600999748641948,0.547233614601487
"kurtosis",2.00780237590494,0.336694590962886,0.428557429946818,0.317490060056217
