"","v_bh","v_daily","v_mon","v_con"
"mean",1373520.06681275,1346817.28835244,1349107.37005078,1346708.24633727
"sd",245930.625075193,198353.850462016,202357.996896386,198274.657399531
"skewness",0.938923219434524,0.406639825956232,0.462491190032116,0.405238851271021
"kurtosis",2.006105930291,0.537147577593315,0.620520853237895,0.538006484712094
