"","v_bh","v_daily","v_mon","v_con"
"mean",817256.311383868,800615.927481187,801873.153939661,800555.093062229
"sd",69896.4285943315,83698.0241343987,82562.2703222611,83758.6097464487
"skewness",0.937394010124237,0.540980136670771,0.559705549915563,0.541102689877044
"kurtosis",2.0748089869576,0.742914164214807,0.790324104398774,0.743268423739544
