"","v_bh","v_daily","v_mon","v_con"
"mean",1255963.42874901,1234263.56293571,1235848.85414441,1234161.45134113
"sd",227209.210918047,182632.726247639,186440.467541977,182429.31348247
"skewness",1.1344362021441,0.635082850000095,0.686127931350161,0.631651611831811
"kurtosis",2.03272562524382,0.709584327481014,0.809726123721766,0.697762993204658
