"","v_bh","v_daily","v_mon","v_con"
"mean",892215.186165251,890451.071348102,890754.546774987,890426.082181766
"sd",105634.978390603,111181.777214492,110928.607057154,111211.513666951
"skewness",0.770419044722493,0.409239340100298,0.431985647345108,0.408590640795823
"kurtosis",0.828089719839684,0.0978882284802189,0.13456053816122,0.0941797804442674
