"","v_bh","v_daily","v_mon","v_con"
"mean",1497094.87825117,1441022.91349991,1446717.015266,1440798.15053476
"sd",477980.995641904,340577.820457784,352764.90064403,340213.469200923
"skewness",2.10222647630165,0.904784891174656,1.03377735779768,0.904262617526623
"kurtosis",8.89744911259851,2.07450179729114,2.63047835274473,2.0771435270092
