"","v_bh","v_daily","v_mon","v_con"
"mean",1212288.65847491,1194128.35365991,1195640.70157202,1194086.09075821
"sd",253893.447156192,207674.089324684,211136.515725812,207494.785527776
"skewness",1.0722652958523,0.572825817103709,0.620019721382311,0.568653668697213
"kurtosis",1.59924598940395,0.282953972040507,0.375063385291724,0.267499930445838
