"","v_bh","v_daily","v_mon","v_con"
"mean",958955.798946659,939751.629723892,941225.686208221,939703.652578056
"sd",77492.040682654,94635.0962513598,93361.6271716239,94700.019238183
"skewness",0.461792328321176,0.179814807594945,0.197147690107545,0.178696114260991
"kurtosis",0.19694820808152,-0.0956970235974937,-0.0725892491788827,-0.0987940036027366
