"","v_bh","v_daily","v_mon","v_con"
"mean",1238435.29214622,1210362.72654327,1212561.07919657,1210210.54537503
"sd",238283.813420093,189014.406952641,192970.324223698,188870.977285004
"skewness",1.00585733820296,0.491855076768847,0.541964501959301,0.490424486544694
"kurtosis",1.75323959947539,0.446966382101001,0.555837126777562,0.446182174823177
