"","v_bh","v_daily","v_mon","v_con"
"mean",867076.413895785,847875.75500644,849307.2727973,847821.863028746
"sd",67534.9879630353,82549.9467531087,81336.1447056548,82615.0843511938
"skewness",0.734798672742235,0.403819514917532,0.424408277796746,0.402878618998913
"kurtosis",0.983455392323689,0.454697407751929,0.483085929623639,0.45030904214875
