"","v_bh","v_daily","v_mon","v_con"
"mean",1097988.89657208,1098396.35358035,1098228.68454149,1098344.04163382
"sd",164203.687424343,163290.657380926,163220.610184227,163256.0044633
"skewness",0.751343460280041,0.335496155109218,0.372832597992923,0.333829999019819
"kurtosis",0.630033665621438,0.00551946818257676,0.0482900881550963,0.00461077463201054
