"","v_bh","v_daily","v_mon","v_con"
"mean",1223745.1842547,1192878.25690897,1195402.57281619,1192771.06945123
"sd",73799.2489656372,58812.9839987643,60033.6836573128,58759.0823390204
"skewness",0.230414650742064,0.0912747757000059,0.104216208955989,0.090400178098663
"kurtosis",-0.0290056234784455,-0.0950551572673715,-0.0920841338656708,-0.0943988423863895
