"","v_bh","v_daily","v_mon","v_con"
"mean",951270.633770447,950847.719874851,950485.903852686,950750.268790687
"sd",213512.459196828,217313.005182349,216780.394589897,217188.869985267
"skewness",1.05796655139347,0.487712873187375,0.5242272487846,0.482867498714228
"kurtosis",1.2171147719517,-0.0429957220117849,0.00367435139389505,-0.0525123079354097
