"","v_bh","v_daily","v_mon","v_con"
"mean",1103660.25847719,1102610.24496926,1102671.59583073,1102596.72118763
"sd",80850.9303388474,83876.5428564003,83616.244882791,83879.0170567467
"skewness",0.45909034108772,0.251933617509554,0.269744456715301,0.251406342191678
"kurtosis",0.118644948233571,-0.113385562790025,-0.0974546202375248,-0.112193782803754
