"","v_bh","v_daily","v_mon","v_con"
"mean",1271019.86943155,1258998.44600013,1260179.55514921,1258942.86749066
"sd",227964.630462177,193350.171715468,195764.058801618,193242.823941965
"skewness",1.08909864986191,0.629555967691459,0.661863106003424,0.628648468641822
"kurtosis",1.57681945547449,0.435976698699847,0.495198507619278,0.43075231330671
