"","v_bh","v_daily","v_mon","v_con"
"mean",1313998.62245824,1276225.23802052,1279221.23169157,1276037.99820658
"sd",206317.215047393,159388.025461788,163144.679731018,159208.575084782
"skewness",0.81557499884384,0.445459772728041,0.47575495811917,0.442946830348185
"kurtosis",0.889001302447225,0.212980082871595,0.244338637369588,0.208372662212111
