"","v_bh","v_daily","v_mon","v_con"
"mean",1259474.33281868,1249343.17711869,1250155.14123304,1249305.42048333
"sd",35834.1382885365,31540.3602946378,31887.5168544063,31524.6044233724
"skewness",0.166398743785801,0.0960290479700133,0.102975382578674,0.095908101546377
"kurtosis",-0.096754295398966,-0.129738491534336,-0.127624504512108,-0.130088813544641
