"","v_bh","v_daily","v_mon","v_con"
"mean",904602.383937677,897838.466279094,898332.881061743,897817.551798725
"sd",156861.167181871,178235.57905227,175949.35672909,178189.458020123
"skewness",0.838904931866239,0.329494269276474,0.356146702145162,0.325210499608297
"kurtosis",0.720611498024575,-0.13413909524357,-0.105287977987155,-0.146647816543114
