"","v_bh","v_daily","v_mon","v_con"
"mean",1416346.17391251,1382030.56316038,1384580.69794149,1381877.90777188
"sd",256208.728245528,199641.876566262,204370.279808216,199299.640488354
"skewness",1.07294152507842,0.565556335754127,0.620705751039466,0.561893514262988
"kurtosis",2.15253019059406,0.653912700867663,0.789379421605537,0.651652965713644
