"","v_bh","v_daily","v_mon","v_con"
"mean",1120392.7202058,1116680.32599409,1117280.58541819,1116671.80601838
"sd",305724.969420464,297660.98384057,297800.418977886,297510.813776871
"skewness",1.6234162094566,0.829780110922144,0.875569579141241,0.822396952937435
"kurtosis",3.5928160208064,0.817675430476406,0.936320970919231,0.795995569054035
