"","v_bh","v_daily","v_mon","v_con"
"mean",1056384.75795078,1056739.55985217,1056902.76563163,1056845.80385958
"sd",250368.417331987,231677.668854111,233515.968032484,231679.369476392
"skewness",1.30057576723016,0.581417440704047,0.626789650021942,0.578671203277836
"kurtosis",3.0809195787566,0.494610713510728,0.583309534275214,0.489884591668271
