"","v_bh","v_daily","v_mon","v_con"
"mean",1190166.2183049,1175090.36487175,1176309.72498212,1175050.3697067
"sd",137161.793089422,116081.449305217,117940.559639909,116001.731236323
"skewness",0.538356149114158,0.290324939582254,0.313162186453496,0.289306457157089
"kurtosis",0.0830458147351303,-0.225514559350368,-0.208534179727642,-0.226342320912873
