"","v_bh","v_daily","v_mon","v_con"
"mean",1262503.19792153,1238401.48434545,1240252.69081829,1238293.94069859
"sd",197255.182841776,161125.850045806,163853.609104786,160997.634331125
"skewness",0.741110682683679,0.312837283901137,0.352876721853482,0.313261933342436
"kurtosis",1.02683941528759,0.294417437238143,0.334099813542439,0.296880050102722
