"","v_bh","v_daily","v_mon","v_con"
"mean",1093066.81543665,1090768.0425754,1090929.08191132,1090758.90799352
"sd",55237.0868007106,51601.5815190439,51920.1603331808,51588.7293904665
"skewness",0.273261470529453,0.133936218653872,0.144620979487426,0.133217486363649
"kurtosis",0.028303393488962,0.00820192579266532,0.00373396126328229,0.00746336932624603
