"","v_bh","v_daily","v_mon","v_con"
"mean",946495.636317694,945896.981867712,945962.831676618,945890.681621489
"sd",46132.8621987448,47718.3815064494,47563.1434202848,47712.2067377847
"skewness",0.27824060621301,0.141761549263587,0.152563126471363,0.141473419475302
"kurtosis",-0.116173208558045,-0.163429322512702,-0.162715064923018,-0.162814078291298
