"","v_bh","v_daily","v_mon","v_con"
"mean",914820.352764885,904887.273311709,905707.610457182,904852.049246326
"sd",37921.2032014575,44025.3887121241,43538.6700621967,44049.5643162524
"skewness",0.163425803682829,0.0327812606744451,0.0436141357108414,0.032631767304738
"kurtosis",-0.175303727993264,-0.210912926435038,-0.211751340115438,-0.210490149870817
