"","v_bh","v_daily","v_mon","v_con"
"mean",1223677.30707661,1206857.78295089,1208235.54913264,1206794.33727816
"sd",104383.089948035,87913.9046174583,89206.6036824604,87853.107363558
"skewness",0.443632154758863,0.233406917176467,0.248494431689053,0.233123513983332
"kurtosis",0.185763587934981,-0.0143244625094194,0.0035333545357763,-0.0150307312290194
