"","v_bh","v_daily","v_mon","v_con"
"mean",882172.589964709,840673.713446823,843987.294321699,840524.910818159
"sd",46846.3198319957,63577.7128221277,62231.1587615764,63629.6660818126
"skewness",0.529906757191078,0.300320542139232,0.311322430495467,0.299919871333512
"kurtosis",0.390632392266075,0.122399173935676,0.1263511343216,0.121258730978189
