"","v_bh","v_daily","v_mon","v_con"
"mean",1223856.53006746,1192916.68719583,1195369.35611696,1192804.54484089
"sd",37919.9296145621,30135.7144143639,30753.4737801615,30106.8999066999
"skewness",0.355896733327615,0.27866361815035,0.286429636321615,0.27834819306528
"kurtosis",0.199832721194833,0.124515773307837,0.130446861669104,0.124714916568155
