"","v_bh","v_daily","v_mon","v_con"
"mean",962427.29756019,961771.837697185,961984.784950608,961639.06704378
"sd",247244.448516356,244924.694770647,245091.126465961,244615.318622504
"skewness",1.62281577196508,0.807067105454267,0.866150014808329,0.805949234857728
"kurtosis",3.95109569668215,0.840473658366442,1.04356998026608,0.851475066258815
