"","v_bh","v_daily","v_mon","v_con"
"mean",908166.651642186,887663.760549659,889312.123690476,887591.283577862
"sd",55100.9286917347,67926.4893577042,66867.2950182166,67977.9899390455
"skewness",0.436604573760377,0.228690912450607,0.241154522322347,0.227980054493036
"kurtosis",0.0545885468431688,-0.122294095612877,-0.120119738421352,-0.122691350189937
