"","v_bh","v_daily","v_mon","v_con"
"mean",1246728.10949024,1222130.16689193,1224084.65974315,1222041.78080847
"sd",37924.7481663839,31061.8874471703,31612.2695746715,31037.8756153767
"skewness",0.111736158562454,0.0179191697724229,0.0257832072178879,0.0174887033654682
"kurtosis",0.471618786804938,0.480376402017557,0.477081683693308,0.479980875404024
