"","v_bh","v_daily","v_mon","v_con"
"mean",1365686.28387453,1327104.90410825,1330057.83157092,1326899.53520128
"sd",463392.984756249,345111.598322048,354810.173788333,344828.513100095
"skewness",1.81781563269385,0.883897890066934,0.959443032437355,0.88044915952879
"kurtosis",5.63089724652154,1.18870522915863,1.42730841410686,1.17136033502057
