"","v_bh","v_daily","v_mon","v_con"
"mean",877510.833170684,866108.811438786,867039.167218387,866082.215542786
"sd",92511.5849635388,107002.789203511,105973.831301646,107071.62251054
"skewness",0.873941697964888,0.477134414812653,0.505319833051244,0.477393141462429
"kurtosis",1.2771587278456,0.358565156773773,0.413743574038399,0.362141934696142
