"","v_bh","v_daily","v_mon","v_con"
"mean",1059468.75180492,1058063.97030308,1058209.38883932,1057974.75463156
"sd",264691.892344638,240892.441026364,242277.714666413,240648.42278751
"skewness",1.49120427806901,0.7124138463651,0.777735714241935,0.703649899630451
"kurtosis",3.62931386821806,0.871604049500287,1.0569547975079,0.837048749907524
