"","v_bh","v_daily","v_mon","v_con"
"mean",978257.271029341,964724.826210554,966333.634685431,964712.423438489
"sd",159207.45485784,186580.605224698,185166.393642967,186674.842101472
"skewness",1.01442492956638,0.523782807336424,0.579912195270465,0.521966676595997
"kurtosis",1.01750505593463,0.028738268106399,0.135061646339401,0.0219640889456545
