"","v_bh","v_daily","v_mon","v_con"
"mean",1253486.97171116,1249264.64025079,1249610.62350369,1249242.83309537
"sd",66507.8215428105,61356.1346175019,61785.0878963624,61335.5977061797
"skewness",0.135453073727311,0.000395738888086036,0.0129930908346272,-0.00027082727475008
"kurtosis",-0.144277482504335,-0.154423352943987,-0.155039897567065,-0.154555793328099
