"","v_bh","v_daily","v_mon","v_con"
"mean",1106148.33620282,1095234.57816157,1096155.4671265,1095226.25328852
"sd",159893.380503427,136217.048242342,138040.37083183,136167.805129471
"skewness",0.871421935105542,0.49298931562164,0.535206565445719,0.491097551423635
"kurtosis",1.14395639555711,0.285286379812416,0.352254331582928,0.280101048991019
