"","v_bh","v_daily","v_mon","v_con"
"mean",976559.170531792,973804.483258145,974036.702040991,973795.394922631
"sd",22707.2494657231,24455.0093027214,24314.9510296604,24460.5446351125
"skewness",0.172604479293685,0.105910048259385,0.110162782617172,0.105732035060726
"kurtosis",-0.188834528122667,-0.217799519926409,-0.215075360489021,-0.217606850763393
