"","v_bh","v_daily","v_mon","v_con"
"mean",1442813.67122792,1375755.222521,1380742.8318256,1375409.84545983
"sd",507322.003944157,340420.732085492,352032.863620178,339798.430767788
"skewness",2.82444093165263,1.03311667658753,1.18095111025844,1.02607897878206
"kurtosis",19.7618560056398,3.30652643728261,4.27308045705637,3.25238383501343
