"","v_bh","v_daily","v_mon","v_con"
"mean",1160828.12269984,1151869.83980144,1152588.0013722,1151845.77814032
"sd",104575.039924468,91774.3403036334,92751.5262283434,91733.1021796124
"skewness",0.556770815224814,0.344664198649628,0.360975716257172,0.343125701307656
"kurtosis",0.157674492919178,-0.0776288747785396,-0.0656552423632943,-0.0782139234755141
