"","v_bh","v_daily","v_mon","v_con"
"mean",1218414.17187318,1194016.90106946,1196381.45925844,1193905.47413099
"sd",315692.050161406,246621.870789952,252245.548763679,246312.472329151
"skewness",1.7554075267171,0.77963958414784,0.870817633341415,0.773096501466857
"kurtosis",6.1844507961175,1.74631245872517,2.07794482428481,1.71795530816
