"","v_bh","v_daily","v_mon","v_con"
"mean",848825.874255677,831360.412906027,832736.168246696,831298.032871751
"sd",35677.5184988432,43738.7727490021,43086.9560969177,43772.7170186999
"skewness",0.229574441840148,0.0671595747358919,0.0784925820954318,0.0671214926698767
"kurtosis",0.145883331088539,0.0603226429099495,0.0573788364943755,0.0608222721252809
