"","v_bh","v_daily","v_mon","v_con"
"mean",1163157.7422578,1161519.67475873,1161606.26055521,1161513.90854272
"sd",59616.8711599966,56304.4628159575,56561.7361786818,56301.8549329071
"skewness",0.334212003504208,0.190144546021387,0.198829861676827,0.18954225612995
"kurtosis",0.138694677556675,0.021378987622362,0.0302254032696667,0.0218799215140875
