"","v_bh","v_daily","v_mon","v_con"
"mean",1084669.21565042,1082113.64196212,1082338.72164329,1082134.34595621
"sd",134051.304006196,140188.213005974,139760.484603375,140137.982535441
"skewness",0.869253480647568,0.426763733473779,0.463079459687166,0.427151580351092
"kurtosis",1.59902096921993,0.401583123926658,0.472221388420555,0.406051188753496
