"","v_bh","v_daily","v_mon","v_con"
"mean",1148736.4709507,1142185.70965229,1142545.72020808,1142084.25047386
"sd",262367.605244781,227970.777161194,229996.793496717,227820.806439805
"skewness",1.27256593447848,0.599993849442142,0.647036700045312,0.597634797879531
"kurtosis",2.56178487286609,0.675366202948304,0.777504588382655,0.661996949983068
