"","v_bh","v_daily","v_mon","v_con"
"mean",959389.903546948,940636.0866255,942447.616194423,940663.74798469
"sd",203270.091960854,237196.20571126,234769.434482443,237461.97659505
"skewness",1.66575942431115,0.759999513738099,0.808277485813953,0.758829635060059
"kurtosis",4.33018116796914,1.04095281149976,1.13090733515179,1.04664430165569
