"","v_bh","v_daily","v_mon","v_con"
"mean",901941.870175443,867899.028336715,870463.050459073,867766.154923282
"sd",96796.2865074303,126797.149310429,124593.036334084,126897.250826915
"skewness",0.792296543555769,0.396126620140519,0.41565585562656,0.395539418248354
"kurtosis",0.643647429308301,-0.00358916757949412,0.0113437714130313,-0.00875956951772228
