"","v_bh","v_daily","v_mon","v_con"
"mean",1383587.21889583,1354827.54562495,1356979.17600219,1354775.60801536
"sd",292856.818511301,235626.394273923,239948.427872255,235536.631611938
"skewness",0.87765620634347,0.392849616255692,0.442433163525966,0.39176886736912
"kurtosis",1.05014805740772,0.0153991221929175,0.0699127093356244,0.00831584869638746
