"","v_bh","v_daily","v_mon","v_con"
"mean",884020.57106789,873417.925307593,874257.862572122,873386.093494913
"sd",39714.4892462709,46203.8697983797,45680.7454606163,46230.4995028807
"skewness",0.329214367808384,0.189356334776828,0.199377044603159,0.189395489717372
"kurtosis",-0.0777091296503083,-0.208620896253394,-0.196932174503052,-0.209295080727633
