"","v_bh","v_daily","v_mon","v_con"
"mean",896400.524233627,883200.102156143,884248.532164802,883152.521548464
"sd",18794.9202145433,22301.0657797877,22015.2179952992,22312.4694432734
"skewness",0.214761569160912,0.146104466671237,0.150055754566738,0.145993563152513
"kurtosis",-0.13155006223084,-0.165018061764451,-0.166121636851223,-0.165058887265972
