"","v_bh","v_daily","v_mon","v_con"
"mean",860559.995182554,845763.719555032,846903.924829372,845740.457976952
"sd",108192.008745893,127171.47931631,125497.395691425,127251.756968291
"skewness",1.09768129617829,0.561841798692794,0.59493550670917,0.560641454865943
"kurtosis",2.04460108600359,0.718603893626536,0.776588862923981,0.720113468567022
