"","v_bh","v_daily","v_mon","v_con"
"mean",1110310.81648064,1104357.03328536,1104877.91525476,1104306.64031815
"sd",299441.128291656,254418.676275775,257335.295822597,254420.249786423
"skewness",1.92865061249523,0.906852624842708,0.970925647209934,0.901315182192149
"kurtosis",7.26775412746366,1.71076189718186,1.92825678722623,1.69180552679856
