"","v_bh","v_daily","v_mon","v_con"
"mean",968214.002894582,952261.757864496,952781.843111212,952166.647511571
"sd",200087.551662343,236792.385711279,233015.709399602,236891.385758263
"skewness",1.21813026626744,0.585051313523731,0.628468143495258,0.584267216482517
"kurtosis",1.79538715799766,0.081259204657874,0.195242296167665,0.0807473854660565
