"","v_bh","v_daily","v_mon","v_con"
"mean",937709.737843516,935518.068354024,935650.566221009,935504.212245851
"sd",67774.7861767293,72087.6591629698,71760.1419435051,72098.4746610628
"skewness",0.443316618822231,0.236275234257667,0.254043901763339,0.235328333111667
"kurtosis",0.138064471158063,-0.160560264141051,-0.128684826604265,-0.162118881940649
