"","v_bh","v_daily","v_mon","v_con"
"mean",1113620.63551498,1113263.02626939,1113202.30663302,1113256.94013906
"sd",106021.089388833,109218.109399348,108876.152954851,109233.411117636
"skewness",0.491988481850233,0.211873996687453,0.232877469476647,0.21054478261719
"kurtosis",0.276996888532662,-0.0391668381786214,-0.0243272421818084,-0.0407935156393764
