"","v_bh","v_daily","v_mon","v_con"
"mean",973978.369115852,972688.342528424,972464.011158685,972740.92086194
"sd",193969.016504627,197748.761794382,197141.80769934,197641.434452606
"skewness",1.26390422688486,0.59773991437114,0.647544608236609,0.594060515353809
"kurtosis",2.70060750545293,0.549478864492612,0.659796154066734,0.535839353005098
