"","v_bh","v_daily","v_mon","v_con"
"mean",1107228.24817869,1105575.40823374,1105722.81754745,1105573.40009184
"sd",89930.7438492937,85264.0430165624,85571.0426771658,85248.4055258723
"skewness",0.362893299370869,0.161148428930975,0.177335079150118,0.160606270394728
"kurtosis",-0.0509762026557987,-0.229003044468332,-0.221001552554383,-0.228301459160567
