"","v_bh","v_daily","v_mon","v_con"
"mean",1259201.63342719,1242719.094155,1244060.18912936,1242681.26167455
"sd",177025.079833324,147873.621982282,150246.385149596,147740.608800665
"skewness",0.819315229874297,0.411617970757387,0.451705763251732,0.409064902023212
"kurtosis",1.35059770347444,0.467206518016064,0.5092415390064,0.463135207912093
