"","v_bh","v_daily","v_mon","v_con"
"mean",1441649.55719884,1412531.28282182,1414384.48175795,1412424.83793401
"sd",304698.602542331,245929.563171938,250309.86228515,245744.03363022
"skewness",0.887459067296704,0.388850275392802,0.438723485084368,0.388375909658035
"kurtosis",0.942677383937763,0.108905902566844,0.167141260904986,0.110310053888929
