"","v_bh","v_daily","v_mon","v_con"
"mean",911713.734865382,891747.892489926,892885.990935514,891655.702727852
"sd",171779.148689904,205242.247218906,202448.218905739,205239.705842714
"skewness",1.30868153388218,0.645392271561957,0.690456958910801,0.641423509442402
"kurtosis",2.48562770757816,0.375010869164268,0.448339826715172,0.364270336603942
