"","v_bh","v_daily","v_mon","v_con"
"mean",894266.175900208,890755.479641473,890228.663643228,890971.178138538
"sd",229875.862855567,232722.157127341,231500.821531936,232951.723313909
"skewness",1.65294184737403,0.78070965914323,0.82605057921009,0.779314429229268
"kurtosis",4.03882332335329,0.910396802767782,1.01801083201323,0.902172493557913
