"","v_bh","v_daily","v_mon","v_con"
"mean",951785.707105516,950704.837692566,950592.456211488,950684.062574429
"sd",139552.289360457,142711.291568412,142136.66639948,142712.324559134
"skewness",1.1627085300801,0.604309822432505,0.635371456205215,0.603312827539415
"kurtosis",2.90952885547844,0.763557600692511,0.838032450224778,0.763011668399361
