"","v_bh","v_daily","v_mon","v_con"
"mean",1139725.77459876,1124556.86354513,1125923.7585147,1124479.92743715
"sd",273883.270983191,224184.441672662,228102.31660571,223921.876594025
"skewness",1.31442259453148,0.656394855464484,0.715934943312817,0.65375128260628
"kurtosis",2.89618504288245,0.638643596719001,0.775453237775871,0.631411619303889
