"","v_bh","v_daily","v_mon","v_con"
"mean",803024.861465812,789679.047261775,790962.628785966,789633.936833743
"sd",117300.730561485,138542.610872765,136984.737066426,138581.108704601
"skewness",0.990347892738913,0.489442476370177,0.517004938886892,0.489422796065599
"kurtosis",1.30625945204749,0.160442302169935,0.195129252881268,0.160464096216251
