"","v_bh","v_daily","v_mon","v_con"
"mean",830556.884922105,808051.459264292,809963.606671658,808013.96673319
"sd",118910.822638426,146331.177063441,144134.438493063,146508.269163652
"skewness",1.16480894596975,0.518102802774519,0.543851188705663,0.517884797516897
"kurtosis",2.47683534852303,0.64098002992565,0.703327684437829,0.636402322160681
