"","v_bh","v_daily","v_mon","v_con"
"mean",901004.307781474,878658.258100211,880311.763097898,878495.50645734
"sd",110038.593952841,134385.036305165,132502.905815267,134441.971750775
"skewness",1.03080963187236,0.549415684765764,0.581171184614698,0.547952803799091
"kurtosis",1.63752377650264,0.415359293293182,0.456398991113207,0.414330021610767
