"","v_bh","v_daily","v_mon","v_con"
"mean",1153935.2360172,1158080.39672819,1156874.34397042,1157902.3212045
"sd",289472.218484861,276939.495053716,277859.452573485,276770.524218342
"skewness",1.55700571343947,0.758105680536508,0.818162177359296,0.754921734357131
"kurtosis",3.48504597869825,0.925029601655687,1.07785258958962,0.918839241482395
