"","v_bh","v_daily","v_mon","v_con"
"mean",1268646.52105508,1263351.96514243,1263795.46656669,1263331.46448408
"sd",137853.765797588,124039.156820033,125378.650669952,123964.984309079
"skewness",0.720800727463909,0.4049240139369,0.436335218869363,0.403986783463401
"kurtosis",0.897592695121924,0.322071412283166,0.367038223143604,0.3204792238519
