"","v_bh","v_daily","v_mon","v_con"
"mean",1187672.02728967,1184532.04035621,1184394.11895679,1184482.52341957
"sd",193769.748462371,178351.823744753,179045.401388493,178322.651738614
"skewness",0.812350448863633,0.349436779434953,0.388717889095188,0.349946798528964
"kurtosis",1.14320055119304,0.143557427461867,0.202456538428195,0.144336326005341
