"","v_bh","v_daily","v_mon","v_con"
"mean",927093.072785481,928390.563911741,929062.554683412,928444.865518033
"sd",220450.240772653,223536.883331488,223562.783695679,223728.379313656
"skewness",1.60403707132522,0.755622608593939,0.81218637428261,0.757427082624601
"kurtosis",4.42392094717605,0.880435316896445,1.05498597788243,0.895773519271295
