"","v_bh","v_daily","v_mon","v_con"
"mean",1060725.97093522,1058062.77876701,1058054.39357977,1057970.56489706
"sd",223575.691416419,236583.490809185,235715.317172545,236594.254915424
"skewness",1.29576254176558,0.61452452983191,0.649116996986737,0.612075584422776
"kurtosis",2.49563624295512,0.433277628300075,0.47586883332267,0.426878141236061
