"","v_bh","v_daily","v_mon","v_con"
"mean",1089704.45722846,1080799.43567815,1081565.20447786,1080774.57358763
"sd",91645.0670204484,80357.2373938236,81317.566131245,80327.6140794621
"skewness",0.441307541070638,0.183445606792539,0.206408342476758,0.18395742620282
"kurtosis",0.551985436784779,0.358127436804315,0.382000645759602,0.356529139805564
