"","v_bh","v_daily","v_mon","v_con"
"mean",923748.785226871,918753.206733951,919111.354243889,918740.98771571
"sd",41283.0935358083,45748.0175168076,45399.9828734371,45776.2602217583
"skewness",0.247156902286481,0.123553978299545,0.131008575108807,0.123236973186782
"kurtosis",-0.229461142918805,-0.334729024407714,-0.328357206475955,-0.334313559932907
