"","v_bh","v_daily","v_mon","v_con"
"mean",1077472.9064213,1072848.75976177,1073459.51156694,1072732.74029022
"sd",298426.625728967,260382.292517012,263031.954320203,260246.179248627
"skewness",1.21247669482808,0.556387352379466,0.622914973624051,0.554283135946886
"kurtosis",1.71030605695729,0.208661344974623,0.366063125892247,0.213694284974779
