"","v_bh","v_daily","v_mon","v_con"
"mean",904315.853127729,892789.82677263,893657.365993916,892740.686803558
"sd",75405.6285900558,87297.5246168797,86441.7314018239,87327.136458735
"skewness",0.794684128729869,0.473569497595552,0.498764810136394,0.471974898038883
"kurtosis",1.04586515912491,0.440195873738138,0.473472181516577,0.434937677898318
