"","v_bh","v_daily","v_mon","v_con"
"mean",849974.87104093,826231.099603318,828119.934031293,826138.447961102
"sd",65404.4464697472,82730.6720522435,81336.4021177616,82778.7267372675
"skewness",0.548246912990637,0.229008307873972,0.24493669123663,0.229734126255717
"kurtosis",0.540037914562021,0.171817571257944,0.172955652566312,0.174653370230464
