"","v_bh","v_daily","v_mon","v_con"
"mean",906031.561790243,872631.575701277,875287.710977263,872512.717650171
"sd",67919.3750716378,88241.8281740955,86557.6770936211,88315.287980015
"skewness",0.749589511566919,0.409978796480649,0.42945320314048,0.409609601377382
"kurtosis",1.13278375712001,0.380320210674878,0.410429356166362,0.380627066068947
