"","v_bh","v_daily","v_mon","v_con"
"mean",960557.45374927,950421.404493211,951221.721140326,950386.426899365
"sd",20671.8380259812,23924.4853660237,23669.9735404636,23934.6940476883
"skewness",0.0682289806247825,0.000396148666105515,0.00451030249661726,2.85570608619312e-05
"kurtosis",-0.212190867959678,-0.192796495719918,-0.196061804970762,-0.192625362718462
