"","v_bh","v_daily","v_mon","v_con"
"mean",869835.409948621,839071.772840738,841524.426301636,838954.943006543
"sd",97659.3142008843,125798.947267793,123502.543431962,125891.334594923
"skewness",1.01680398936763,0.44703877208413,0.491787661013944,0.444987746032577
"kurtosis",2.28228597241685,0.702765319985817,0.813197973579001,0.701045718653645
