"","v_bh","v_daily","v_mon","v_con"
"mean",1025568.4132098,1017405.0235053,1018280.69120813,1017400.81364487
"sd",118088.739109463,132391.460989405,131262.731381246,132391.278592337
"skewness",0.651052960844038,0.30941062632404,0.333980106382965,0.309266928035336
"kurtosis",0.272496003745064,-0.12296845947112,-0.109586491070836,-0.120759430345518
