"","v_bh","v_daily","v_mon","v_con"
"mean",898458.266036248,892840.012050127,893077.62844043,892860.834273184
"sd",99953.3825760881,110877.850233085,109839.54530046,110904.424498348
"skewness",0.707892668290285,0.347837221639248,0.371724721090425,0.346423559621892
"kurtosis",0.637819321072211,0.0651493645749555,0.0845875906886544,0.0636624605246339
