"","v_bh","v_daily","v_mon","v_con"
"mean",1054910.77828533,1053514.68972947,1053608.25111036,1053509.15522157
"sd",55303.1370175848,52115.3426704137,52352.666359344,52099.4349748568
"skewness",0.53672351410659,0.37705250135149,0.390013262535974,0.376503629650078
"kurtosis",0.493790246518434,0.309792718991404,0.329030004226412,0.309487925804855
