"","v_bh","v_daily","v_mon","v_con"
"mean",1078627.04935028,1078794.99716348,1077941.0326876,1078882.8497253
"sd",216305.204447396,215427.988465535,214795.853175056,215558.834960074
"skewness",1.24221890480463,0.539972383306844,0.59122713824312,0.538045384347733
"kurtosis",2.78813669624194,0.624012149839517,0.74078875421749,0.619568690889105
