"","v_bh","v_daily","v_mon","v_con"
"mean",1104112.60094436,1104142.6108071,1104147.48786808,1104143.08130072
"sd",25617.0566242103,25535.1491876732,25544.0536553636,25535.3455834998
"skewness",0.0519686211128024,-0.0198469886232121,-0.0147598852239015,-0.0201962274697013
"kurtosis",0.0963015375489316,0.0745222414044653,0.0743258955353983,0.0746492642042744
