"","v_bh","v_daily","v_mon","v_con"
"mean",957004.416047072,937004.110151151,938617.800753551,936862.151464257
"sd",99958.5796278366,121556.193058466,119603.418273902,121584.04847285
"skewness",0.702041358486495,0.32676572327,0.351321166202026,0.324236568131092
"kurtosis",0.831802006414285,0.00837570197629622,0.0491898688720576,0.00248013541289938
