"","v_bh","v_daily","v_mon","v_con"
"mean",817406.370287706,807235.556923868,808207.135230833,807170.32329611
"sd",140586.169358402,160040.857493583,158328.548452119,160178.037597326
"skewness",1.36530894731866,0.647839739689124,0.680409479808795,0.6481057037356
"kurtosis",3.7524404882245,0.729044312591702,0.833432563129554,0.739240943248872
