"","v_bh","v_daily","v_mon","v_con"
"mean",968041.779070823,950920.651896714,952432.589169891,950724.271101389
"sd",144293.149580607,168035.746722978,166129.620283147,168106.930694437
"skewness",1.31341500558365,0.701765186426764,0.733999905007648,0.699144930588273
"kurtosis",2.90648268702436,0.811682858107218,0.898075548288047,0.802956259091269
