"","v_bh","v_daily","v_mon","v_con"
"mean",818657.356486618,797688.284461462,799704.874433331,797635.866868122
"sd",103402.085935063,125177.137370523,123725.436667625,125265.742531551
"skewness",1.24600332031488,0.652898358639386,0.691506461253904,0.650666057792144
"kurtosis",3.04402372514231,0.912072299352646,1.00306199548735,0.897582723583706
