"","v_bh","v_daily","v_mon","v_con"
"mean",1387706.81027685,1358867.63279272,1361034.69431578,1358786.07945564
"sd",200389.232868744,160305.355628541,163458.920853996,160191.941668665
"skewness",0.782733905726946,0.425108301393492,0.459688036247353,0.425355447017581
"kurtosis",0.883344864501733,0.200835802244676,0.252957242536801,0.202868669088905
