"","v_bh","v_daily","v_mon","v_con"
"mean",1043644.10807465,1041731.13024421,1041884.91487692,1041724.78076959
"sd",26510.4338803999,24971.2135713539,25095.8579322656,24966.7503820008
"skewness",0.00410531521880413,-0.0576208074090601,-0.0520037401294889,-0.0577240686798751
"kurtosis",-0.285740907476376,-0.277390152357323,-0.282419999907087,-0.277245561384714
