"","v_bh","v_daily","v_mon","v_con"
"mean",1184103.30836629,1183946.69306186,1183689.08143661,1183993.56491633
"sd",181965.626826182,175952.320177605,176173.678748163,175976.824957746
"skewness",0.719329227651178,0.29736642102887,0.328531243904444,0.294060464643679
"kurtosis",0.643456607754703,0.0133073763272531,0.0390355807363245,0.00648399972203251
