"","v_bh","v_daily","v_mon","v_con"
"mean",1364845.8559346,1346617.93459284,1347835.94840408,1346486.12173726
"sd",299851.145419385,245202.202608234,249577.99569634,245120.97130705
"skewness",1.47656702987061,0.735489365300153,0.794249638347495,0.734427052793242
"kurtosis",4.65085810470751,1.12336067042032,1.33341878945998,1.11754122049443
