"","v_bh","v_daily","v_mon","v_con"
"mean",856339.785610009,821115.569273527,823785.535555964,820993.334872278
"sd",61777.5759691222,82048.8478147928,80463.5457763244,82126.5372436325
"skewness",0.610846773616233,0.305271411777118,0.320795918104081,0.304898994356212
"kurtosis",0.525944961537172,0.145949682677284,0.164006285017572,0.146596811709935
