"","v_bh","v_daily","v_mon","v_con"
"mean",895143.215688301,888432.652320765,889003.86423911,888348.64892431
"sd",184405.24587602,205548.324788373,204388.341061711,205628.537396326
"skewness",1.02943249963227,0.438935481302784,0.506141553741185,0.437052648695522
"kurtosis",1.14901080109349,-0.046442577138615,0.0850089326644237,-0.0536098620199548
