"","v_bh","v_daily","v_mon","v_con"
"mean",1035040.87495159,1034884.69516154,1034886.68000673,1034887.37669384
"sd",51966.355642738,52621.7659547948,52581.4465807926,52627.0201027013
"skewness",0.289660153189812,0.144092967364191,0.158774420096244,0.143682921521209
"kurtosis",0.0439600067574752,-0.070834546649913,-0.0614241075569271,-0.0712808158099776
