"","v_bh","v_daily","v_mon","v_con"
"mean",875308.906092525,870889.418395428,871274.057726606,871002.000667537
"sd",195446.149550819,203923.177539977,203682.01568832,204024.124868081
"skewness",1.59880462333653,0.709074772778155,0.785673105194218,0.709947740404162
"kurtosis",4.49281190574627,1.02258725170989,1.24516677016035,1.02692919198317
