"","v_bh","v_daily","v_mon","v_con"
"mean",854698.034126369,849148.556626134,849567.123759093,849141.677374713
"sd",78741.262963695,87546.1635922574,86842.1185083464,87583.395848152
"skewness",0.604380857658302,0.249364439937918,0.275563388382964,0.249199887670403
"kurtosis",0.939979567946887,0.329796101381677,0.352222598914617,0.331043539401219
