"","v_bh","v_daily","v_mon","v_con"
"mean",926561.829793985,922466.121815207,922690.505839659,922497.841152911
"sd",145735.307149347,158973.106847826,158206.88272207,159024.596530808
"skewness",0.962480860968979,0.434494164618865,0.473640732872647,0.431452357512224
"kurtosis",1.5889123952947,0.223584246271531,0.270880326222303,0.209205867141227
