"","v_bh","v_daily","v_mon","v_con"
"mean",1105054.91950271,1098286.76991035,1099012.0924293,1098328.41528572
"sd",252015.70802137,220135.762884398,222303.320640725,220137.158432255
"skewness",1.2135604436909,0.522769903799834,0.568239528644729,0.520181401755319
"kurtosis",2.5418747690831,0.58182486087067,0.668769274887639,0.577929239265575
