"","v_bh","v_daily","v_mon","v_con"
"mean",931812.982585147,932488.295658016,932253.668464117,932511.781728399
"sd",158962.138574667,159351.429822062,158947.221738182,159370.674498791
"skewness",0.958463361682764,0.480554801078894,0.513398833582455,0.480427708378153
"kurtosis",1.1092455453655,0.124569884170193,0.179022008240499,0.129894628913631
