"","v_bh","v_daily","v_mon","v_con"
"mean",828043.388318382,819082.984639023,819791.517925326,819050.218944552
"sd",17050.9562756214,19757.2168021648,19540.9007467438,19765.8879081093
"skewness",0.144340380320869,0.0826735260635656,0.0865967552796135,0.0822149005449334
"kurtosis",-0.24878726264796,-0.280145558287755,-0.280578309222041,-0.279654414224098
