"","v_bh","v_daily","v_mon","v_con"
"mean",888844.7715545,875209.108137125,876905.597725126,875326.568789166
"sd",187885.883948648,217214.891894662,215152.010709282,217404.180914316
"skewness",1.4678020170002,0.709277035510361,0.761521060989599,0.707486057930984
"kurtosis",2.94865021415031,0.624817417898402,0.763980312567661,0.626572768397185
