"","v_bh","v_daily","v_mon","v_con"
"mean",1042046.83763949,1037553.55633096,1038079.02884448,1037506.14469377
"sd",149317.649720129,133957.293554492,135160.478952074,133918.028635837
"skewness",0.941913073861863,0.501356612318455,0.534424875712646,0.499198015569024
"kurtosis",1.73333170235048,0.507052953384657,0.578589767690355,0.49777762713604
