"","v_bh","v_daily","v_mon","v_con"
"mean",1077235.93708693,1077247.32384892,1077155.42238608,1077226.44853988
"sd",103939.325771972,105704.850198531,105548.425541789,105706.70964406
"skewness",0.521666794756192,0.242464078790396,0.261752696361808,0.242693429286147
"kurtosis",0.271234719670037,-0.034232282685807,-0.0196084734982813,-0.0365992004978852
