"","v_bh","v_daily","v_mon","v_con"
"mean",1082811.55912784,1080380.28643654,1080762.0907715,1080337.76737562
"sd",158787.457709563,165490.868874812,165258.961061928,165478.019755022
"skewness",0.914068194342366,0.512138092038779,0.543469410619515,0.510113046648969
"kurtosis",0.697758840809092,0.0987711836462939,0.12704923171355,0.0930467310789891
