"","v_bh","v_daily","v_mon","v_con"
"mean",1113515.44644891,1102351.04636444,1103086.31006112,1102306.17015079
"sd",190340.169943371,160494.877178487,162936.104117106,160380.586514906
"skewness",1.10041888557527,0.546243946205948,0.578497589304032,0.543104611544496
"kurtosis",2.63085166150259,0.79736814303486,0.877504769252209,0.79230331332848
