"","v_bh","v_daily","v_mon","v_con"
"mean",1484318.75377805,1438877.89008035,1443363.40092395,1438694.32463114
"sd",465749.503256989,345009.05999291,353825.508291456,344403.303565472
"skewness",1.54926505220383,0.719870038316207,0.797072150361281,0.710221799013419
"kurtosis",4.12548675891484,0.86304433420459,1.10874204862027,0.824774218353218
