"","v_bh","v_daily","v_mon","v_con"
"mean",1470428.6189957,1435614.27156806,1437069.73314607,1435577.6687047
"sd",364152.969930928,288064.407156199,293251.417991674,287818.601117167
"skewness",1.06569259089598,0.458156545624348,0.5147304530615,0.453449644907611
"kurtosis",1.97272862010153,0.239994268212665,0.36097379347328,0.221016170505403
