"","v_bh","v_daily","v_mon","v_con"
"mean",1294775.14750914,1265641.18618813,1267969.25357579,1265547.80990514
"sd",112849.564097123,91381.4941690528,93151.0989919701,91281.2333198646
"skewness",0.238403282004531,0.0196333532094963,0.0405477194182658,0.0187088888026434
"kurtosis",0.0139363228069813,0.0697006098036939,0.0628535532478249,0.0716462252220942
