"","v_bh","v_daily","v_mon","v_con"
"mean",1253975.05439787,1232518.0874274,1233505.40317422,1232356.23475305
"sd",394726.112928914,311771.861621023,318568.307924561,311446.541684387
"skewness",1.62825827442518,0.799416986430063,0.875781362185143,0.79282834560251
"kurtosis",4.21739811066301,0.890510205181356,1.11783851029498,0.864906912626555
