"","v_bh","v_daily","v_mon","v_con"
"mean",1112885.29642083,1112871.20401763,1112854.42401411,1112880.39547748
"sd",83850.1650788931,82563.2159502558,82597.8047670987,82558.7599145896
"skewness",0.42926530990148,0.22299723197142,0.239070117156982,0.222034889166145
"kurtosis",0.127093644372543,-0.089092853489658,-0.0841283719894022,-0.090176742135498
