"","v_bh","v_daily","v_mon","v_con"
"mean",963501.77103529,961849.506300337,962007.840776425,961844.939237021
"sd",45850.2494334675,48246.8388339007,48020.4095774943,48256.3415341057
"skewness",0.546940233137963,0.369623097229277,0.379801843477123,0.36853435623854
"kurtosis",0.871353991307432,0.476092941491334,0.498359158001167,0.472728317923534
