"","v_bh","v_daily","v_mon","v_con"
"mean",1002635.90476124,1005694.39359851,1004869.34737486,1005647.20185939
"sd",247103.757977162,241910.770848613,243223.25991699,241822.0537341
"skewness",1.56170645714045,0.729740782329128,0.823348381659006,0.723910476923699
"kurtosis",3.77495957592487,0.939015741839914,1.2831480884821,0.91774927784572
