"","v_bh","v_daily","v_mon","v_con"
"mean",918242.788902765,917057.134392976,917316.498640765,916970.854799994
"sd",171650.748818356,181207.795330711,180600.07266788,181171.827244685
"skewness",0.968527384904177,0.462509740258992,0.483160532236203,0.460957326686921
"kurtosis",1.00272406157801,-0.033268748673088,-0.0276928348240153,-0.0346870951760678
