"","v_bh","v_daily","v_mon","v_con"
"mean",968782.375294862,965933.904716605,966163.17861356,965924.038484576
"sd",84541.4941269995,91210.9348027486,90666.2680821854,91247.2329951595
"skewness",0.626565261456442,0.314198161275141,0.33064214015042,0.314406211355172
"kurtosis",0.753817701405942,0.308760901127711,0.323328513448842,0.308825299353168
