"","v_bh","v_daily","v_mon","v_con"
"mean",1155362.03782123,1150030.46030665,1150718.96576153,1149827.49948222
"sd",288111.634636602,251111.184336003,255247.467502515,250737.611698337
"skewness",1.30431739098992,0.552468076125238,0.61598453893575,0.547171290150237
"kurtosis",3.12990350656759,0.59833781187526,0.725619505099314,0.590314244636561
