"","v_bh","v_daily","v_mon","v_con"
"mean",1319565.21265155,1274049.04115053,1278223.45218149,1273917.4079601
"sd",447071.881161477,328970.81563289,338210.336598918,328589.361291921
"skewness",1.62044691796812,0.754869405621333,0.843959707991593,0.749356451704208
"kurtosis",4.14091994797393,0.871364076400503,1.15691747287711,0.850632389458792
