"","v_bh","v_daily","v_mon","v_con"
"mean",1305086.99267025,1288927.23426113,1290244.10829004,1288881.61607172
"sd",151714.697323393,129046.837809067,130676.790612499,128913.275601156
"skewness",0.522973165186247,0.244718073726242,0.270702170163729,0.242907274421309
"kurtosis",0.256983782835063,-0.0669363698022463,-0.0440413626404128,-0.0698899477613253
