"","v_bh","v_daily","v_mon","v_con"
"mean",987081.596757125,987254.334008288,987256.457299451,987278.274114128
"sd",94945.5209373435,96131.9674272334,96061.1031960101,96141.8513820529
"skewness",0.400135172013465,0.170979366754598,0.187777145272771,0.168972224509061
"kurtosis",-0.24094922454821,-0.372943048958003,-0.37140767329975,-0.37425051480216
