"","v_bh","v_daily","v_mon","v_con"
"mean",908108.028370884,907254.679191483,907332.417301846,907249.112602512
"sd",41368.1900954309,43393.9222575681,43250.9666282436,43399.6278646306
"skewness",0.143590989497504,-0.00249590058220732,0.0107253712574366,-0.00320338258327786
"kurtosis",0.0873794339931453,0.0359223851852217,0.0380233490175272,0.0364044020593006
