"","v_bh","v_daily","v_mon","v_con"
"mean",1338777.62946759,1317255.01970884,1318953.11520722,1317195.38811871
"sd",120032.33739646,100229.528326512,101758.424227576,100153.735188625
"skewness",0.351035018847236,0.13141480944489,0.14762759116017,0.130215864696182
"kurtosis",0.0846941372817445,-0.0326743023837155,-0.0374620473408966,-0.0339143704459786
