"","v_bh","v_daily","v_mon","v_con"
"mean",921332.985403355,919333.13773769,919573.647155778,919328.730660896
"sd",111870.622529276,116557.480916781,116029.283274463,116592.164671934
"skewness",1.07494724433204,0.52410450099415,0.566423499812813,0.523805515908963
"kurtosis",2.89016905745629,1.10568955387725,1.19495273555465,1.1095465657348
