"","v_bh","v_daily","v_mon","v_con"
"mean",1296347.38078387,1271698.72227153,1273968.6875416,1271599.82046891
"sd",213371.642209977,168437.941024539,171810.52996557,168259.783953635
"skewness",1.73673131739031,0.833707326956653,0.905058346699643,0.82767350965629
"kurtosis",8.95120968733347,2.92085676609024,3.27089051793334,2.87778237517844
