"","v_bh","v_daily","v_mon","v_con"
"mean",1359303.63058221,1337282.51704662,1338830.14725121,1337135.8809816
"sd",411931.853851991,328383.73482461,334221.90470884,327997.254332645
"skewness",1.50780189724445,0.684484492976058,0.729718586098765,0.68432836339127
"kurtosis",3.63320191850481,0.737350237938747,0.813058065178471,0.731547670748651
