"","v_bh","v_daily","v_mon","v_con"
"mean",1409366.26523476,1364155.79515169,1367537.46804708,1363888.60888574
"sd",405907.401635666,306628.254699078,314057.225388225,305996.330983226
"skewness",1.19513443456703,0.565471056467876,0.633864383722475,0.560248616428496
"kurtosis",1.87561765857404,0.269330483498244,0.409009479840319,0.259409990780478
