"","v_bh","v_daily","v_mon","v_con"
"mean",1221537.77489668,1219235.07426779,1219373.5444884,1219218.4235891
"sd",69150.594276017,64947.777848609,65317.9734602863,64941.7568514874
"skewness",0.376663378790976,0.231019895350365,0.243658072435272,0.230792007337984
"kurtosis",0.0120043621389958,-0.122568919585837,-0.109305648392861,-0.122624011450365
