"","v_bh","v_daily","v_mon","v_con"
"mean",1104827.79329694,1104735.88566829,1104782.55923192,1104731.92864603
"sd",56806.4124108891,56782.8788084117,56771.2159441203,56776.8088548078
"skewness",0.0603915929213536,-0.0761231036246184,-0.0648948146590968,-0.0764131053632402
"kurtosis",-0.237771934717678,-0.22195581752633,-0.220516154405057,-0.221902241559565
