"","v_bh","v_daily","v_mon","v_con"
"mean",827840.718278209,805460.105667378,807256.518149009,805380.36797445
"sd",95231.2671623762,120519.118978902,118364.796553577,120619.040230236
"skewness",0.634800414787128,0.234606456494013,0.249941510772663,0.234421730055203
"kurtosis",0.361738404208679,-0.157915147842888,-0.145861559406396,-0.159228738675649
