"","v_bh","v_daily","v_mon","v_con"
"mean",842456.725609982,831203.809458689,832099.431913511,831162.302048938
"sd",17990.4932564906,21160.1046064446,20907.3548301551,21172.4835616291
"skewness",0.253397659110377,0.174765150970287,0.180701780109931,0.174449852040957
"kurtosis",0.142513721679945,0.0989590448463646,0.102199531742425,0.0991762159111627
