"","v_bh","v_daily","v_mon","v_con"
"mean",1293109.35995071,1264040.95250946,1266351.19232794,1263938.0276538
"sd",38180.7923748399,30854.1188830369,31434.4290479906,30829.2749439215
"skewness",0.0554594571735634,-0.0100230559554992,-0.00434233991635095,-0.0106428472037804
"kurtosis",-0.188201165065281,-0.192894426770565,-0.192777446041977,-0.192852083033777
