"","v_bh","v_daily","v_mon","v_con"
"mean",1044952.07241078,1041804.58971278,1041805.77554303,1041756.99189729
"sd",270223.988070134,242848.577477616,244944.652659761,242753.214091001
"skewness",1.56802729963194,0.743301930499602,0.804514990839397,0.737744684278805
"kurtosis",3.83061359448722,1.00700986604824,1.13221128903349,0.994016941821279
