"","v_bh","v_daily","v_mon","v_con"
"mean",1230344.1192976,1198295.03759161,1200842.11896019,1198168.11439997
"sd",110823.185218401,87395.1399948914,89335.5765524428,87321.5404646622
"skewness",0.498468109284174,0.294497195888652,0.313705048767425,0.293398881209748
"kurtosis",0.210645911228928,-0.0321378896009943,-0.0129248483965712,-0.0334668829242264
