"","v_bh","v_daily","v_mon","v_con"
"mean",1046191.22980694,1045814.60989898,1045833.96071403,1045816.49185738
"sd",54630.7276712076,53185.7407336285,53312.7888923269,53183.2924847293
"skewness",0.289660153189814,0.144106377783372,0.159200864088953,0.143696950114704
"kurtosis",0.0439600067574735,-0.0707821593403835,-0.0611687626320361,-0.0712742259451282
