"","v_bh","v_daily","v_mon","v_con"
"mean",1081495.25776543,1080048.32744294,1079530.60447188,1079995.19583765
"sd",262797.642162114,252640.483581275,253516.691147772,252524.715235875
"skewness",1.90732174700935,0.82937892718899,0.901640723144093,0.826785417507127
"kurtosis",7.40967082091175,1.65033706790433,1.90924680916413,1.63713407600677
