"","v_bh","v_daily","v_mon","v_con"
"mean",870671.749466107,860933.959029371,861641.056505421,861114.683732159
"sd",152072.080006459,173287.568108598,171140.781683721,173499.61440853
"skewness",0.995960594777475,0.508251740546622,0.543382223043141,0.505433071048002
"kurtosis",0.830633211459785,-0.0373566197231407,0.0228202250941765,-0.0434372427060215
