"","v_bh","v_daily","v_mon","v_con"
"mean",965472.90045749,956077.622714587,956834.506974013,956054.167538702
"sd",63169.8177434241,71909.7207591472,71135.4106037569,71947.7415142146
"skewness",0.595817106404716,0.38406908053361,0.397585888443703,0.384021688958814
"kurtosis",0.30135607316976,0.0393484973380436,0.0495092995900022,0.0415627831858592
