"","v_bh","v_daily","v_mon","v_con"
"mean",806403.989364896,782984.613435219,784889.281514707,782907.102125203
"sd",45526.6829008593,57965.3956460884,56963.6522217685,58001.6337455447
"skewness",0.373032484533423,0.18684492834835,0.201142268147348,0.185989665157973
"kurtosis",-0.137651263859871,-0.285345663111188,-0.275140647187179,-0.283547016658875
