"","v_bh","v_daily","v_mon","v_con"
"mean",1332237.90615712,1284841.46074338,1288609.74059113,1284674.3574384
"sd",173201.550691056,130336.663816499,133600.33114454,130192.273986346
"skewness",0.744308690895551,0.448565842328021,0.475783244264202,0.446554398160248
"kurtosis",0.730611744316852,0.169692735918424,0.211898164430123,0.166203287573095
