"","v_bh","v_daily","v_mon","v_con"
"mean",903186.310976564,881653.659487318,883375.4608935,881575.056618744
"sd",34170.0457027184,42546.4714950196,41875.4720532854,42579.0967016943
"skewness",0.27028148827983,0.13004814766983,0.141873061230908,0.130111656392892
"kurtosis",0.0362563489354431,-0.049634578887642,-0.0371383612843124,-0.0502103633439193
