"","v_bh","v_daily","v_mon","v_con"
"mean",844702.444090687,819493.365459553,821495.325717917,819403.536228305
"sd",15860.0191774996,20287.0560692137,19942.0044085646,20303.6122451224
"skewness",0.176323728312625,0.107294148698472,0.111464772802466,0.107089733427208
"kurtosis",-0.098207325580713,-0.125578828790981,-0.121375083012123,-0.125225743853742
