"","v_bh","v_daily","v_mon","v_con"
"mean",851523.848519711,827235.975389652,829331.825236746,827208.537168278
"sd",139819.338330209,171536.499640058,168963.635436479,171761.912122368
"skewness",1.36740353047019,0.605880329786892,0.636064876642439,0.605548604357829
"kurtosis",3.31817705339783,0.813450082536178,0.895766508579439,0.807179689267491
