"","v_bh","v_daily","v_mon","v_con"
"mean",1344383.01550294,1322047.27938536,1323818.63122338,1321959.42481392
"sd",79435.4521259512,66149.5881413562,67224.6000585277,66100.6219992608
"skewness",0.21292623327896,0.0703856127595353,0.0833189847972082,0.0699741430419343
"kurtosis",-0.0193374221479345,-0.0941870137664615,-0.0913245965355594,-0.0941995086715917
