"","v_bh","v_daily","v_mon","v_con"
"mean",825068.037534509,806146.611816371,807568.114187614,806074.221011007
"sd",85025.4084491027,103302.525539714,101802.129391059,103362.889596348
"skewness",0.880337914981426,0.506676170640364,0.532827002350856,0.506934349785653
"kurtosis",0.835678465639696,0.277137670649877,0.316400955223334,0.277018491329661
