"","v_bh","v_daily","v_mon","v_con"
"mean",1157576.02792208,1143414.68188889,1144473.94724035,1143376.35901189
"sd",207613.732160218,176007.231886832,178576.433054733,175920.847816417
"skewness",0.849663150957977,0.373689141587338,0.416493386801685,0.372649877818531
"kurtosis",1.34148346137729,0.158463776382037,0.249667525423898,0.159869712654553
