"","v_bh","v_daily","v_mon","v_con"
"mean",1021858.3677915,1022186.21537157,1022206.77441005,1022207.17067956
"sd",100306.643646588,98937.4336424991,99048.1508450311,98940.0654766927
"skewness",0.705761362667188,0.402466227467148,0.42696189804483,0.39979006323954
"kurtosis",0.832586784258262,0.272180726321144,0.300277177313859,0.267921139012197
