"","v_bh","v_daily","v_mon","v_con"
"mean",889533.442741061,882665.934095468,883210.964429881,882642.27227708
"sd",20132.4326368914,22810.9156962293,22597.2808775485,22818.7488791407
"skewness",0.0680795507419961,-0.00174948107661652,0.00359781365917421,-0.00211400700785864
"kurtosis",-0.197131729225586,-0.188307047494222,-0.190303016745816,-0.188496098874374
