"","v_bh","v_daily","v_mon","v_con"
"mean",1401891.3662899,1379121.52980414,1380883.31885006,1379027.83790992
"sd",82862.9540160294,69280.9245966838,70399.2356411146,69231.5899636584
"skewness",0.145476971813209,-0.00578575537384452,0.00915335545315804,-0.00709292358599954
"kurtosis",0.0674429184464937,0.0238101681842511,0.0320742929696682,0.022324758726608
