"","v_bh","v_daily","v_mon","v_con"
"mean",1128164.24851339,1122915.9412922,1123347.23542375,1122892.6911936
"sd",63573.4535084487,57478.0037632137,57972.0784776918,57450.0416897091
"skewness",0.430868260719161,0.269595737897016,0.284132926009795,0.268804085397307
"kurtosis",0.355334085745419,0.185341052448981,0.201162481890683,0.183917733648423
