"","v_bh","v_daily","v_mon","v_con"
"mean",885119.567783035,878475.008556928,878864.348560908,878523.386765438
"sd",171408.419181506,185247.463086848,184003.455639497,185310.885494129
"skewness",1.255214812937,0.597959684440601,0.638961926884452,0.595063465954649
"kurtosis",2.42454418242791,0.460351307127073,0.558337930068331,0.453837384845876
