"","v_bh","v_daily","v_mon","v_con"
"mean",960060.172473948,959686.980032642,959680.010087794,959742.042844673
"sd",147334.444669902,145684.966808352,145910.416045533,145750.662631472
"skewness",1.29985265677757,0.632739355229058,0.673964741291285,0.63323434484742
"kurtosis",4.25641255771887,1.16506588547543,1.27127084777214,1.16946947646874
