"","v_bh","v_daily","v_mon","v_con"
"mean",914151.615983365,910179.870279627,910482.477788788,910170.657371428
"sd",61680.7674299191,67695.0805338773,67182.3763316488,67727.8289436905
"skewness",0.325486092186236,0.132878103147692,0.150150890905591,0.132881455634079
"kurtosis",-0.0822807249495128,-0.267899596974177,-0.263071725036814,-0.269938312576664
