"","v_bh","v_daily","v_mon","v_con"
"mean",993283.322086959,980954.250320907,982016.39948565,980895.921438146
"sd",83845.0910836124,97869.6940116883,96777.7621440403,97948.9096995586
"skewness",0.506214939175762,0.226729012916613,0.25215760834804,0.22511965649817
"kurtosis",0.302492182487238,-0.0820313366755694,-0.0438185196328025,-0.0853811054611162
