"","v_bh","v_daily","v_mon","v_con"
"mean",918675.776764575,918641.534117487,918623.000481627,918613.137052548
"sd",84914.9148644053,87407.7303507097,87052.7262765765,87406.0576379368
"skewness",0.544798796235198,0.263260447611432,0.279367607359046,0.261170150686789
"kurtosis",0.470370596768549,0.0496793590108697,0.0511215399123945,0.0470599371537097
