"","v_bh","v_daily","v_mon","v_con"
"mean",1243247.04067664,1228063.90988178,1229256.26615925,1228016.8277559
"sd",109400.999745793,93625.4755882201,94771.9194367483,93563.7413806097
"skewness",0.329251335270376,0.102121590103937,0.122983077660226,0.101376796234324
"kurtosis",0.183107754374664,-0.00513670598493876,0.00791281648911468,-0.00560903822372749
