"","v_bh","v_daily","v_mon","v_con"
"mean",1401516.94733588,1378898.06304479,1380729.06944958,1378761.61133921
"sd",257064.882343723,208274.873372904,211886.675683278,208065.000209397
"skewness",1.25568632233971,0.615735818060071,0.661649320997824,0.615271714726662
"kurtosis",3.70269091499075,1.09088910513723,1.21764385092099,1.09453446523748
