"","v_bh","v_daily","v_mon","v_con"
"mean",1141925.98333823,1138295.76584128,1138662.05474788,1138281.64871585
"sd",91717.1824642462,84582.2252259078,85191.7446723668,84558.5448998348
"skewness",0.368305631533719,0.124175869787581,0.142318929162377,0.122676366652068
"kurtosis",0.413251910490361,0.215949718705588,0.224951856572646,0.215130141716167
