"","v_bh","v_daily","v_mon","v_con"
"mean",904909.652229114,898592.320992986,899240.148944333,898605.85542104
"sd",113314.650631277,128367.145272354,127200.960464892,128457.063745582
"skewness",0.672349842389633,0.265265451913427,0.296915273832785,0.264866909422814
"kurtosis",0.435856661046954,0.0222512243409949,0.032160941729761,0.0230530481539977
