"","v_bh","v_daily","v_mon","v_con"
"mean",907521.425575878,904854.485172984,905132.140115182,904859.274381888
"sd",81982.9936780184,88376.041747646,87885.9977119095,88429.2423827774
"skewness",0.539207691553804,0.237690698325804,0.263258855059739,0.237941607221481
"kurtosis",0.433860659508462,0.127941481639803,0.144424869599963,0.129817691252209
