"","v_bh","v_daily","v_mon","v_con"
"mean",923885.776652489,898657.365335454,900681.447569926,898565.52311616
"sd",175989.006855897,216692.033223269,212834.265058456,216678.770553346
"skewness",1.75503715390069,0.741719040462157,0.788172073740315,0.738649979194952
"kurtosis",5.91774664502267,1.28540297187541,1.39910000732155,1.26895522493756
