"","v_bh","v_daily","v_mon","v_con"
"mean",856281.354247297,820990.676300842,823830.508991572,820868.319447221
"sd",30959.4308466193,41499.8586412594,40686.7164182248,41537.747988594
"skewness",0.149662215360522,0.0235303127498007,0.0304662170932852,0.0236779536126492
"kurtosis",-0.277738704585469,-0.353071560950446,-0.353687628293348,-0.352212508523096
