"","v_bh","v_daily","v_mon","v_con"
"mean",842140.396467669,823260.8990548,824877.698526414,823166.533692565
"sd",84424.2747239774,103302.999349195,101686.597263438,103376.284064518
"skewness",0.740432013372409,0.384706219298922,0.401889935815321,0.383179858427493
"kurtosis",0.731809245807756,0.0337005638428969,0.0586835471874707,0.0328177167997303
