"","v_bh","v_daily","v_mon","v_con"
"mean",1229421.17731834,1226542.42729956,1226873.65945751,1226499.96487669
"sd",135715.522342509,126272.243766879,127016.744588012,126235.637816501
"skewness",0.595395237619254,0.30279898830953,0.325962956978322,0.301598241756611
"kurtosis",0.436969968772138,-0.0127823481671889,0.014249832591366,-0.0128603074586793
