"","v_bh","v_daily","v_mon","v_con"
"mean",1008346.89071593,998438.708292011,999247.897754719,998410.832130699
"sd",64787.1394197888,74199.4303202204,73441.308182766,74243.0934519217
"skewness",0.467342178956145,0.246874235819696,0.260097622021397,0.247184219376122
"kurtosis",0.223503023098222,0.0507057116154219,0.0511982668837589,0.0509371624447481
