"","v_bh","v_daily","v_mon","v_con"
"mean",1138378.65005181,1122607.65881443,1124018.85263445,1122553.48590878
"sd",313613.884726905,257328.9252137,261848.518080381,256915.630764132
"skewness",1.27600142847215,0.665280631882222,0.730380397801173,0.659191280360348
"kurtosis",1.93966409895264,0.319195617501672,0.447349656480984,0.308256270602211
