"","v_bh","v_daily","v_mon","v_con"
"mean",1293099.06741231,1258147.46587854,1261022.73143221,1257987.32476922
"sd",300435.287385489,230493.780619521,236068.95861559,230259.45619228
"skewness",1.17046552452224,0.676772965676534,0.713810187700405,0.677527323484308
"kurtosis",1.51823645206136,0.32085251205854,0.372997637275422,0.323860840980685
