"","v_bh","v_daily","v_mon","v_con"
"mean",1004291.80255901,999861.289739517,1000236.40569097,999844.238996293
"sd",43238.4000746294,47559.3199969263,47201.8094479594,47574.655737427
"skewness",0.199237154482539,0.0781739931457954,0.0856915572132138,0.0771709244017388
"kurtosis",-0.225997365907025,-0.284627606665361,-0.286680480853141,-0.285565586736861
