"","v_bh","v_daily","v_mon","v_con"
"mean",899251.000803967,877238.187477334,879058.266974539,877184.925169038
"sd",163169.988414605,197062.145224565,194192.302725567,197151.454448912
"skewness",1.39073878442369,0.712571453799556,0.756897595113557,0.70717947531432
"kurtosis",2.85887488498442,0.576384359700584,0.684086776210761,0.552910448235268
