"","v_bh","v_daily","v_mon","v_con"
"mean",970813.584317863,969701.204453235,969908.847247506,969696.054933946
"sd",91550.2913995984,96007.0764379809,95715.3810171533,96024.8958341673
"skewness",0.534117175157027,0.206048211859468,0.227213870770366,0.204239036161465
"kurtosis",0.665963806388566,0.259124199187249,0.275503353637123,0.257630533535942
