"","v_bh","v_daily","v_mon","v_con"
"mean",1052825.32893025,1051568.56526058,1051576.14308959,1051568.14626672
"sd",78130.3794496047,81551.4302533816,81244.368441906,81565.7929668371
"skewness",0.384020183476935,0.158385417213289,0.17468091200998,0.15801460024714
"kurtosis",0.148800701633411,-0.0247078518207875,-0.0221128418314533,-0.024887259351015
