"","v_bh","v_daily","v_mon","v_con"
"mean",1065445.38970594,1064230.44345969,1063950.55991615,1064252.33405435
"sd",288440.724554159,275163.068262675,275345.075584952,274982.883593535
"skewness",1.40263212919341,0.667652624094607,0.723176434616066,0.665006200213443
"kurtosis",2.53086218193316,0.430222521077588,0.537064757402189,0.427222230587196
