"","v_bh","v_daily","v_mon","v_con"
"mean",927160.461128185,922540.176050018,922889.494790294,922527.720276906
"sd",62843.6085920056,69184.3510315537,68703.3201193722,69203.1407701295
"skewness",0.448967023991011,0.219636810607199,0.231656472298859,0.219602272615103
"kurtosis",0.388358709127707,0.0662315218148932,0.0795107216200139,0.067075196143946
