"","v_bh","v_daily","v_mon","v_con"
"mean",1354809.15936831,1307617.20559952,1311872.74656659,1307319.52467084
"sd",399553.29455168,299436.692639645,307922.835527155,299082.357751776
"skewness",1.28205199499744,0.544381232815718,0.612699713078011,0.541100804477487
"kurtosis",2.89688304313564,0.451184729250378,0.581104606484359,0.442844178265142
