"","v_bh","v_daily","v_mon","v_con"
"mean",1000248.35474381,1000449.64792328,1000548.0213519,1000451.70510243
"sd",119894.961445111,122361.403830173,121954.62250774,122379.201449069
"skewness",0.504470528934636,0.184180157601639,0.204155637033882,0.182971037850096
"kurtosis",0.0508644397318831,-0.189005805647583,-0.18467840440144,-0.1894486558846
