"","v_bh","v_daily","v_mon","v_con"
"mean",995006.373892283,994685.645639478,995019.347960026,994584.278308373
"sd",213233.584368516,221844.329645013,221545.723503648,221663.043195964
"skewness",1.11732754775918,0.519242304820236,0.556470403943721,0.516799340611838
"kurtosis",1.66106522554511,0.0665508531438492,0.125222885440106,0.0648191291572684
