"","v_bh","v_daily","v_mon","v_con"
"mean",892632.52658323,886186.086060883,886679.621684366,886157.075066782
"sd",39529.1994039659,44466.1709328783,44076.0077915798,44483.8879101736
"skewness",0.326811557688738,0.181437307292066,0.190800830558407,0.180427835350537
"kurtosis",0.0549789390904731,-0.0120190060193619,-0.00751104963578708,-0.0126039698319711
