"","v_bh","v_daily","v_mon","v_con"
"mean",1066004.50798998,1060947.82192388,1061265.33210239,1060893.85217323
"sd",215524.044952626,223673.98564875,223134.472629806,223579.286156337
"skewness",1.37727694675212,0.726206049467786,0.771297455183291,0.72353354670783
"kurtosis",2.5782094848778,0.669139109564947,0.761051907679126,0.665775765828377
