"","v_bh","v_daily","v_mon","v_con"
"mean",948344.819372577,947813.042355563,947941.299621229,947811.644937842
"sd",69206.8284662283,71404.1431913454,71231.1838889127,71410.0277845926
"skewness",0.380397100212358,0.16714838981715,0.185000043312232,0.166084232391144
"kurtosis",0.0758410951669135,-0.0681841995837749,-0.0552845657109335,-0.0695482554652798
