"","v_bh","v_daily","v_mon","v_con"
"mean",1195229.6708798,1179253.20063908,1180043.11714825,1179243.2282912
"sd",348881.644643906,284531.058819771,288728.205300142,284363.852315994
"skewness",1.30805420532173,0.594662001649547,0.646732395373906,0.593580395927527
"kurtosis",2.5365089075855,0.340412642226482,0.486757911280704,0.339663797852456
