"","v_bh","v_daily","v_mon","v_con"
"mean",1083775.43299338,1079275.85123855,1079818.69424751,1079267.50543135
"sd",278065.248979304,243986.752507128,247240.715587532,244084.664593351
"skewness",1.58954292293908,0.635793685051436,0.714634263837938,0.637208773695388
"kurtosis",5.49701457527935,1.02620739474392,1.26054159314591,1.03956116958193
