"","v_bh","v_daily","v_mon","v_con"
"mean",1132127.42446739,1132517.36175551,1132418.05765919,1132487.47926225
"sd",174619.45136331,165206.597533664,165700.739255466,165156.512654313
"skewness",1.29052510765452,0.581546656776442,0.632531832261762,0.579280300271581
"kurtosis",4.81921959802091,1.37987782549062,1.58234895540194,1.36943915921457
