"","v_bh","v_daily","v_mon","v_con"
"mean",965128.355174046,961898.872566995,962358.930445501,962193.661621418
"sd",275112.292278484,256199.956165207,257853.134846985,256115.309154917
"skewness",1.97262002671354,0.813212592010718,0.906546735556565,0.805461216892881
"kurtosis",8.37006261126613,1.39874385981034,1.80943184130668,1.3755709077233
