"","v_bh","v_daily","v_mon","v_con"
"mean",1285080.31479838,1253243.02078356,1255747.24834098,1253124.94171762
"sd",76416.5381570548,61122.5345676118,62305.1642834723,61067.2090533095
"skewness",0.159539621420054,0.0191795904107938,0.0317036153300541,0.0189928783501425
"kurtosis",-0.054857119920261,-0.0738132866607182,-0.0718191445083249,-0.0746789857798547
