"","v_bh","v_daily","v_mon","v_con"
"mean",1342574.12119584,1303535.61383014,1306645.46227788,1303404.65014306
"sd",121939.768726316,95555.8850253518,97589.7271474378,95488.6557317399
"skewness",0.286120289792459,0.102501230679281,0.121132665490157,0.101267472841072
"kurtosis",-0.21309963919745,-0.301993483558589,-0.294510769788187,-0.303836183100119
