"","v_bh","v_daily","v_mon","v_con"
"mean",861294.809794251,853129.336623568,853776.504047242,853100.771894212
"sd",18297.8602920912,20980.1684044082,20765.4706645172,20989.3615963997
"skewness",0.222713460435798,0.147742608160838,0.152467542849337,0.147958479450684
"kurtosis",0.104218433566244,0.0431937123974269,0.0449096343397901,0.0433692444056835
