"","v_bh","v_daily","v_mon","v_con"
"mean",964258.130104946,946271.726221879,947698.594113517,946206.175260395
"sd",19633.077145443,23821.2534445859,23487.4363549413,23836.0648553909
"skewness",0.181154379202313,0.111068724677565,0.116251711085176,0.11081184998551
"kurtosis",-0.106300961326166,-0.127317051186277,-0.124411201460906,-0.127095615405161
