"","v_bh","v_daily","v_mon","v_con"
"mean",1034926.83007812,1035275.70697213,1035358.76653537,1035253.42797906
"sd",98044.5468810262,99231.1029246178,99214.8701469279,99212.6777441961
"skewness",0.492207775344702,0.207844042792697,0.230694652414104,0.207507897120828
"kurtosis",0.311529111181845,0.0290445643478612,0.0359339108129637,0.0316501782820064
