"","v_bh","v_daily","v_mon","v_con"
"mean",1165889.28457441,1156585.97035952,1157297.31968131,1156564.89051104
"sd",133372.143692074,117501.204566604,118584.080862142,117435.166483871
"skewness",0.484316610247254,0.17789890347921,0.20524434137638,0.176928982298075
"kurtosis",0.401459298204052,0.0401853737061479,0.0646713473821618,0.0393055710889239
