"","v_bh","v_daily","v_mon","v_con"
"mean",993570.034496188,987610.190827654,988030.848878893,987570.455116844
"sd",92150.3361173655,101960.860180839,101117.230183945,101979.387936271
"skewness",0.582179313101863,0.265929496208872,0.287429097530671,0.264675114049513
"kurtosis",0.467613473860395,0.141199828753613,0.154051749289867,0.140900264859278
