"","v_bh","v_daily","v_mon","v_con"
"mean",1079630.31129327,1079361.37657766,1079360.58986797,1079359.52491274
"sd",52543.1422885359,51053.8482881267,51201.0708570201,51048.9718945598
"skewness",0.27326147052945,0.133918781669201,0.1441841660334,0.13319182410739
"kurtosis",0.0283033934889598,0.00823494937607805,0.00379205839679875,0.00743906107484626
