"","v_bh","v_daily","v_mon","v_con"
"mean",1269601.03460307,1240698.04926327,1242026.50530459,1240688.68531563
"sd",437634.712552221,315127.673585958,322923.90984646,315008.841357033
"skewness",2.95239633827391,1.28039001054096,1.40982747670174,1.28046639630016
"kurtosis",16.5533649281816,3.86311909057097,4.51266665934269,3.88476086880507
