"","v_bh","v_daily","v_mon","v_con"
"mean",1110644.83637286,1105019.2557191,1105402.68625476,1105005.03656591
"sd",63466.9601201673,57409.5071463653,57897.8704557024,57392.9823326542
"skewness",0.249151393226977,0.0984710760023453,0.112075008074091,0.0977964963814892
"kurtosis",0.0305289975615066,-0.0475340366813195,-0.0427119929233997,-0.0479914584058934
