"","v_bh","v_daily","v_mon","v_con"
"mean",1179352.4990798,1171612.18749598,1172441.5516821,1171628.18464858
"sd",207692.028183176,180933.219320833,182974.287149521,180943.525631531
"skewness",1.19981717946642,0.58102964038187,0.633424307790426,0.580588294177566
"kurtosis",3.59708799340098,0.850476584887507,1.02356751484164,0.853226352165133
