"","v_bh","v_daily","v_mon","v_con"
"mean",1054408.43934091,1050080.09203579,1050404.22472531,1050065.45832456
"sd",47996.1107581633,52496.5399505966,52133.2426335542,52496.8172382201
"skewness",0.264381464226669,0.124472206767387,0.133711699882646,0.124081896265398
"kurtosis",-0.000351600275850572,-0.127768510230764,-0.124961624283112,-0.127584415455885
