"","v_bh","v_daily","v_mon","v_con"
"mean",985659.326582459,971911.984358544,973011.985737919,971863.168391922
"sd",20772.1032230166,24546.8503820743,24246.7847034667,24560.6108050732
"skewness",0.166875184960029,0.0865798388707014,0.092069131373403,0.0863127260347674
"kurtosis",0.209853772282882,0.117334000044515,0.124384380582616,0.116556549595761
