"","v_bh","v_daily","v_mon","v_con"
"mean",1370915.65815181,1332073.26463768,1335597.91156548,1332021.42273525
"sd",355514.862385446,273250.816650716,280241.371419907,273192.405438463
"skewness",1.1197289333677,0.569035818636654,0.633909994578045,0.567260876733252
"kurtosis",1.50309698571066,0.162695118702062,0.280985483752819,0.157948602359152
