"","v_bh","v_daily","v_mon","v_con"
"mean",1320070.18482007,1269525.66071702,1273727.8503982,1269421.98926444
"sd",324215.649994842,244643.840090845,251105.177398522,244414.37927493
"skewness",0.775149545742501,0.263067851906341,0.322741091063304,0.260991155260758
"kurtosis",0.498851415357786,-0.0808287683181139,-0.00408964813248724,-0.0772282630394914
