"","v_bh","v_daily","v_mon","v_con"
"mean",1335928.00080746,1298979.04533905,1302149.28090424,1298774.60967728
"sd",288676.00436816,225078.407599454,230395.791108493,224695.078233686
"skewness",0.839597865512105,0.396177348850212,0.433670144238866,0.393807351486136
"kurtosis",0.797921720630085,-0.13579193837121,-0.0851945320457377,-0.13683319497588
