"","v_bh","v_daily","v_mon","v_con"
"mean",830233.3238808,812316.162789018,813759.347281897,812251.630983525
"sd",104735.735011353,125670.269778782,124122.239055226,125694.002167136
"skewness",1.13376664590791,0.543633627449587,0.590989847575354,0.540302615442165
"kurtosis",2.58806082686134,0.845083948401692,0.937216246470496,0.833116820861033
