"","v_bh","v_daily","v_mon","v_con"
"mean",903200.675528593,868198.201713884,871001.404571988,868055.815638378
"sd",88060.8279643592,115093.382004837,113018.939469557,115211.637613981
"skewness",0.736512725729898,0.366736842051907,0.389963742000341,0.367212834890134
"kurtosis",0.625002500264414,-0.00408262383218805,0.0231068787472832,-0.00230844874566083
