"","v_bh","v_daily","v_mon","v_con"
"mean",856936.121644256,845094.803484089,846064.256712832,845046.142814334
"sd",52183.8223871608,61899.524745448,61073.2774479606,61940.3726059575
"skewness",0.249126744430576,0.0331451209748473,0.0468037225673003,0.0325767846840042
"kurtosis",0.0572773193470257,-0.0263464035845979,-0.0234224302217214,-0.0277639889015657
