"","v_bh","v_daily","v_mon","v_con"
"mean",1416732.97094365,1354734.27360272,1359530.305947,1354438.8849584
"sd",431308.062077144,307498.912026737,316136.88550088,306947.045405357
"skewness",1.50905357269021,0.676936706742759,0.745874582317421,0.672448917835697
"kurtosis",3.65969860318562,0.990907203604098,1.14697913314862,0.988181087042349
