"","v_bh","v_daily","v_mon","v_con"
"mean",1075455.4336378,1072926.06024077,1072877.57063797,1072901.68779399
"sd",154193.776913791,161777.716375689,161272.195073185,161800.701497109
"skewness",1.02398544647715,0.505440957226373,0.546515736449341,0.506199096080103
"kurtosis",1.93167041272256,0.520919067634601,0.602239623846178,0.522209673919192
