"","v_bh","v_daily","v_mon","v_con"
"mean",1074103.95459855,1073718.98898333,1073753.2472873,1073726.39658698
"sd",53702.2846927215,54887.1580850244,54801.5178185207,54895.5102866602
"skewness",0.309174182687428,0.152950202346172,0.167282371931631,0.152795366026734
"kurtosis",0.187924914372706,0.0572022423378225,0.0672610433011172,0.055886955616284
