"","v_bh","v_daily","v_mon","v_con"
"mean",1001308.01160181,996020.570769703,996690.135610393,996092.337221232
"sd",163873.986173786,177700.778537436,176167.411468141,177733.266399071
"skewness",1.03735897592859,0.469381107263983,0.503559631537689,0.469324743899037
"kurtosis",2.1569595039828,0.275230110507402,0.35423394426109,0.27486049722268
