"","v_bh","v_daily","v_mon","v_con"
"mean",974086.508850361,972945.700899989,972971.948688344,973001.768270782
"sd",152595.461819928,151696.674339139,151655.945224241,151696.840177101
"skewness",1.27764608308381,0.633574392332365,0.676787730462274,0.632862032691387
"kurtosis",3.45195112957731,1.08173182902747,1.21206268005388,1.08271198802567
