"","v_bh","v_daily","v_mon","v_con"
"mean",1056720.15340177,1051659.92729117,1052456.7828329,1051647.4315188
"sd",145530.152784716,129473.689095111,130900.419530404,129375.138213934
"skewness",0.902426451335093,0.457325485322139,0.497735075763668,0.454264416048685
"kurtosis",2.00041686936248,0.572429259086504,0.700508448279218,0.562039377570711
