"","v_bh","v_daily","v_mon","v_con"
"mean",1151113.77151877,1143607.02551427,1144212.10682865,1143581.23689849
"sd",33353.9612033629,29738.8625825443,30026.2108927598,29727.3299888352
"skewness",0.1658060653123,0.0859630627562087,0.092944091054857,0.0856507367636097
"kurtosis",0.112877264062561,0.0512041752087562,0.0554176863135054,0.0512443146378012
