"","v_bh","v_daily","v_mon","v_con"
"mean",885545.082054713,875765.024780721,876280.549823055,875750.896863422
"sd",135579.082279711,151706.716903231,150471.36642593,151756.514839074
"skewness",1.37762696977718,0.739646277405625,0.800169326660721,0.735694372356051
"kurtosis",3.14605550004993,1.06173811592511,1.25348999339694,1.0495162213257
