"","v_bh","v_daily","v_mon","v_con"
"mean",796528.917925125,774939.413779952,776653.045220871,774875.205525378
"sd",49247.8479556334,61529.0987783626,60558.32565572,61575.1745581861
"skewness",0.655686841257644,0.383441892754436,0.403077800346617,0.382567574773099
"kurtosis",0.850388874331161,0.450805894281553,0.480740661410595,0.451114159798602
