"","v_bh","v_daily","v_mon","v_con"
"mean",1157213.14176197,1149022.05305405,1149631.94114571,1148991.52623114
"sd",65862.4931222062,58420.5799750303,59039.3331448961,58404.4861128598
"skewness",0.266641076621929,0.114786946372543,0.132623175034577,0.113305606283355
"kurtosis",0.110146699063333,0.0252228193271948,0.0419691663477755,0.0221437000505373
