"","v_bh","v_daily","v_mon","v_con"
"mean",962974.989082767,962425.926334225,962612.520850038,962414.32200117
"sd",203087.824015722,196608.709902382,197623.563917017,196647.787521438
"skewness",1.57655341776105,0.808783645809583,0.87270739590163,0.806562395580956
"kurtosis",4.1353142850458,1.20610873468303,1.39572445899933,1.19411075569028
