"","v_bh","v_daily","v_mon","v_con"
"mean",884819.20123664,869366.89287669,870672.520854917,869311.829809024
"sd",54011.1779935025,64862.2551199079,64017.5254257695,64915.3928800211
"skewness",0.482167840498704,0.241958484741575,0.253019216156234,0.24177803484057
"kurtosis",0.491641442866937,0.204737861667462,0.221526799929473,0.205122299721688
