"","v_bh","v_daily","v_mon","v_con"
"mean",1000692.67122365,995785.576302005,996106.744267454,995736.60631283
"sd",115488.772070562,125142.226173837,124263.233507556,125209.845325672
"skewness",0.937682021024068,0.481774764620482,0.511869021783467,0.481212884047
"kurtosis",1.84142072752698,0.614910048411715,0.677530940333487,0.616197247603267
