"","v_bh","v_daily","v_mon","v_con"
"mean",938415.377463319,924531.55023774,925456.101189492,924489.139206824
"sd",117746.054437492,138849.969196278,137159.079605545,138904.333593932
"skewness",0.802540543231445,0.342981459071746,0.374642228803069,0.34378168343484
"kurtosis",1.12476332831657,0.12497983216182,0.195141807418416,0.125170494551746
