"","v_bh","v_daily","v_mon","v_con"
"mean",960176.468567914,960170.973797186,960112.00377285,960169.735638049
"sd",97356.8300086912,95927.8523650306,95918.6647036235,95899.0012636186
"skewness",0.5288525461842,0.242919196261377,0.264609049124306,0.240869296321828
"kurtosis",0.33973967034183,-0.0187710479273946,0.00137113338724326,-0.0220875979828605
