"","v_bh","v_daily","v_mon","v_con"
"mean",902833.093645176,868495.194994719,871489.547602028,868325.702999904
"sd",117611.504461341,153480.648368983,151452.414424191,153576.993730029
"skewness",0.932437584589239,0.439242251037975,0.483594677790608,0.43778003182255
"kurtosis",1.0667761898872,0.0855143343206861,0.163579995039458,0.0850999408946387
