"","v_bh","v_daily","v_mon","v_con"
"mean",1047963.13274016,1047581.87526576,1047630.6326955,1047563.93945346
"sd",137360.240645353,131913.837220448,132559.026687498,131929.972939937
"skewness",0.744004528762549,0.41721926980075,0.457248242372914,0.416138781884441
"kurtosis",0.456895517855288,-0.0616251489136004,-0.00114806774445686,-0.0656065572862525
