"","v_bh","v_daily","v_mon","v_con"
"mean",845311.467865191,827134.639899086,828579.571341035,827068.162883247
"sd",17300.7831396642,21344.5368861779,21023.2618492794,21359.136714568
"skewness",0.0179465982970662,-0.0538797860360232,-0.048835037854892,-0.0540919413512508
"kurtosis",-0.141589913534825,-0.143080783664926,-0.142697716408806,-0.143315000051533
