"","v_bh","v_daily","v_mon","v_con"
"mean",910271.862645207,878276.531779444,880810.344384682,878161.628674919
"sd",16691.5468530465,21853.1169935321,21445.9721910296,21870.7640767373
"skewness",0.0541250844668628,-0.0194319419692621,-0.014471780525137,-0.0194911661308566
"kurtosis",-0.0264971845980733,-0.0357915596372256,-0.0345525133105355,-0.0356552061369499
