"","v_bh","v_daily","v_mon","v_con"
"mean",965895.256705385,959866.295035437,959761.984054228,959875.234325882
"sd",196185.130064525,205574.856950855,204617.754476092,205650.921851632
"skewness",1.31267634223724,0.707138153129733,0.734123336657022,0.70418295177486
"kurtosis",2.2745879324999,0.46765638594914,0.509178428956336,0.457815128841457
