"","v_bh","v_daily","v_mon","v_con"
"mean",834324.654824691,806046.438959576,808370.204111552,805932.629082249
"sd",94209.6845691994,121974.587152074,119797.925104332,122038.095874085
"skewness",0.691661133447303,0.314803487548005,0.340259993397814,0.312620468454634
"kurtosis",0.307405501529049,-0.209366286052611,-0.183296551667504,-0.215029216766114
