"","v_bh","v_daily","v_mon","v_con"
"mean",957304.771807438,956471.587908994,956559.807218828,956455.564199867
"sd",67980.4895713905,70589.404031919,70300.2310633408,70593.3317661966
"skewness",0.532337022605809,0.296921042141512,0.306774925153688,0.29711708336375
"kurtosis",0.506326557098004,0.218128709616227,0.227363971456367,0.218072691092271
