"","v_bh","v_daily","v_mon","v_con"
"mean",901007.364700358,898380.455833032,898389.278076508,898330.384892255
"sd",119880.054059178,130345.362920735,129597.472524021,130374.073516868
"skewness",0.66616605849665,0.295607998478634,0.325481510300148,0.295229236532636
"kurtosis",0.270367515959818,-0.183312946917832,-0.151317065136942,-0.18308590463141
