"","v_bh","v_daily","v_mon","v_con"
"mean",1058165.07637498,1052671.57799975,1053105.70570419,1052652.7584695
"sd",27620.2077843913,24935.9637846701,25147.6652384447,24925.2591631402
"skewness",0.10122343101114,0.0412923672704763,0.0458016122718233,0.0409005475097947
"kurtosis",-0.291295688302314,-0.304098643657236,-0.303789421954674,-0.304300193477604
