"","v_bh","v_daily","v_mon","v_con"
"mean",1059698.65617979,1059532.89242202,1059606.85875919,1059525.44848024
"sd",108854.441222207,107594.336390284,107568.88505018,107570.835077288
"skewness",0.490709893572965,0.206460578820909,0.226881061334966,0.2056221509686
"kurtosis",0.247973187772559,-0.0904570717139146,-0.0619947303404871,-0.09104409329453
