"","v_bh","v_daily","v_mon","v_con"
"mean",960601.953623189,941841.54928679,943286.917305676,941819.992907267
"sd",119456.577913253,141705.616475734,139894.056869187,141835.774587773
"skewness",1.0642487946943,0.614142767286495,0.636037326738033,0.612696285860387
"kurtosis",1.4629659382357,0.427775279286231,0.460578070128997,0.423309626599852
