"","v_bh","v_daily","v_mon","v_con"
"mean",1388962.34323851,1370970.83470775,1371930.3388279,1370855.27064957
"sd",365545.282273696,300254.116926188,304397.626171138,300172.203005631
"skewness",1.1790747527487,0.590018496384958,0.632098678411693,0.586083288504526
"kurtosis",1.94716363901042,0.172123394674432,0.277732136118638,0.15729972296604
