"","v_bh","v_daily","v_mon","v_con"
"mean",1160329.05634393,1160703.53064416,1160554.89819506,1160732.10430164
"sd",205501.849178676,202142.652000284,202866.465008476,202122.301775826
"skewness",0.84029508098852,0.364377650049796,0.404126734218219,0.362766212599364
"kurtosis",0.79707761327917,-0.0148699392481224,0.0244057984213408,-0.0180066787323261
