"","v_bh","v_daily","v_mon","v_con"
"mean",842008.632182929,838741.362773656,839234.675511657,838654.444390964
"sd",154516.66237393,173805.318885585,172985.775882449,173918.053258103
"skewness",1.2155855196374,0.445709396427016,0.520228711819366,0.446027902229542
"kurtosis",3.13213178335155,0.600648862329807,0.784078916614773,0.600864390969745
