"","v_bh","v_daily","v_mon","v_con"
"mean",1343630.70016656,1311619.97540618,1314213.94491466,1311515.3257367
"sd",248921.499150698,195561.059720344,200249.040717332,195351.108721569
"skewness",0.96591459812947,0.507046871705087,0.559259096563565,0.506097131367177
"kurtosis",1.26090036598354,0.357914662890334,0.437568530698802,0.360306721633271
