"","v_bh","v_daily","v_mon","v_con"
"mean",991624.111441146,991542.768000644,991554.185778544,991540.145014677
"sd",25771.1943592181,25450.8452537011,25477.9231145592,25450.2176847719
"skewness",0.172646558729876,0.0909621394436165,0.0960764518303893,0.0904304592217382
"kurtosis",0.148442290408013,0.146091125786488,0.142253667727816,0.14616338530729
