"","v_bh","v_daily","v_mon","v_con"
"mean",814632.479037422,788475.2464052,790547.473517315,788382.501702991
"sd",30078.8081043304,38759.0259196751,38085.9424882447,38791.3231501745
"skewness",0.37831182461302,0.199326867668563,0.212621745632026,0.198054358875992
"kurtosis",0.775246778710601,0.440854022090169,0.471811797947086,0.439939590821134
