"","v_bh","v_daily","v_mon","v_con"
"mean",875575.661513111,868538.864569079,869377.622305418,868478.07037184
"sd",144550.612586627,166264.912081481,164395.994060478,166253.375853366
"skewness",0.847188896426709,0.360180817406662,0.393322202955775,0.355644381181746
"kurtosis",0.613042055236026,-0.108792402758704,-0.0871832575939817,-0.114368343540713
