"","v_bh","v_daily","v_mon","v_con"
"mean",1287248.73851677,1273240.85702418,1274084.93017798,1273193.14842012
"sd",233624.524943516,194586.513934646,197502.978041401,194422.358860329
"skewness",1.38812986122946,0.706817276547527,0.763851648704968,0.702976653361471
"kurtosis",4.15306915693185,1.42671187998336,1.60933408831214,1.41441240514019
