"","v_bh","v_daily","v_mon","v_con"
"mean",1144327.69970074,1140381.14140655,1140769.95864244,1140419.49233445
"sd",125230.732174022,114618.202227753,115579.838114923,114577.158838039
"skewness",0.602404766766764,0.272458103383158,0.308758748657386,0.271616185318928
"kurtosis",0.818596492440149,0.243698435890131,0.304784255178674,0.243689614462456
