"","v_bh","v_daily","v_mon","v_con"
"mean",1378582.53560089,1339330.09779129,1342620.05515454,1339248.40896695
"sd",212728.128132628,164851.982992291,168675.735173301,164773.367515057
"skewness",0.758998398227977,0.397336188811577,0.432279472777617,0.398107978232817
"kurtosis",0.86891792382815,0.0867063850012841,0.147809534335159,0.091134795022108
