"","v_bh","v_daily","v_mon","v_con"
"mean",1290652.08654814,1267369.63986629,1269367.97640867,1267218.17078075
"sd",330867.590377074,263749.860034404,268646.051590756,263399.511255217
"skewness",1.18034574773994,0.502862136728045,0.560403214271319,0.503224200583574
"kurtosis",2.33198237284626,0.413209523972256,0.508993884612039,0.425439199342514
