"","v_bh","v_daily","v_mon","v_con"
"mean",1078338.34476704,1077283.12388647,1077348.57421517,1077142.23317213
"sd",261911.119748098,268092.248887355,266803.165651997,268094.302250712
"skewness",1.74376946322622,0.728783128471922,0.78568265582038,0.724419985040063
"kurtosis",5.64398403638043,1.23024268830348,1.36197286548891,1.20889490017082
