"","v_bh","v_daily","v_mon","v_con"
"mean",1323095.40925402,1311732.07004157,1312638.65982979,1311690.4174492
"sd",37479.2273831105,32907.4121355399,33268.8432776813,32889.6660654873
"skewness",0.0309653829147958,-0.0453073860552072,-0.0380146626041246,-0.0454501334774129
"kurtosis",0.0237436240572797,0.0357330447579858,0.031193567048994,0.0356707306576087
