"","v_bh","v_daily","v_mon","v_con"
"mean",1346424.63310452,1299609.34325021,1303093.66267411,1299515.38493571
"sd",323775.162582015,238560.990604297,245255.910305238,238316.81359012
"skewness",1.43311337308092,0.738743859286879,0.792821325593317,0.740020581231248
"kurtosis",3.58126015333345,1.05847831581974,1.16872812977168,1.06722601033596
