"","v_bh","v_daily","v_mon","v_con"
"mean",891806.086709483,887391.865170701,887826.577155523,887353.683386889
"sd",102999.252713835,112222.082254992,111303.192905063,112234.82760365
"skewness",0.814064531400323,0.397491128423746,0.422370326160759,0.394719658268689
"kurtosis",1.07456117262766,0.409610295453935,0.439897119943988,0.405625879349398
