"","v_bh","v_daily","v_mon","v_con"
"mean",1276632.29380139,1256293.13046885,1257904.99111019,1256214.70649368
"sd",78189.6483694435,65221.5640482753,66255.040109244,65170.8913249256
"skewness",0.33376543502388,0.177960763783252,0.19167544573194,0.1771267934362
"kurtosis",0.185771028458927,0.0372800097210066,0.0427528068002512,0.0361881210669961
