"","v_bh","v_daily","v_mon","v_con"
"mean",1049230.7479201,1047998.29690703,1048089.52951026,1047994.2305854
"sd",25105.4854516633,26318.866860663,26213.6993467883,26321.5318598185
"skewness",0.185562450589616,0.119918357796407,0.125179296475612,0.119491637223706
"kurtosis",-0.197980213041414,-0.235918019924119,-0.231315796199287,-0.23593581952988
