"","v_bh","v_daily","v_mon","v_con"
"mean",867049.201482306,863198.371179672,863535.043600687,863180.655247342
"sd",57875.0152440415,63643.8447715165,63271.2640977224,63667.017631362
"skewness",0.324406425788474,0.128916202966747,0.142783964652213,0.128731616994885
"kurtosis",-0.107573978175656,-0.210109726021505,-0.20430825487895,-0.209508027501201
