"","v_bh","v_daily","v_mon","v_con"
"mean",1344334.62493086,1311297.64762827,1314179.08968693,1311311.60202166
"sd",388174.373409548,300867.32206601,307591.079964377,300872.214145386
"skewness",1.39813615140063,0.640389857582729,0.705171350488132,0.638714038738195
"kurtosis",3.27908385564749,0.605498233014615,0.75706629233212,0.601723443919579
