"","v_bh","v_daily","v_mon","v_con"
"mean",1000441.27547594,999166.693043152,999277.040374044,999161.969559848
"sd",26583.9154360561,25271.2526657851,25373.4986112289,25264.3791379407
"skewness",0.14131339657127,0.0652969788133552,0.0707911944726096,0.0650547311427629
"kurtosis",0.0245950035161391,0.0188319014051621,0.019310179560212,0.0191444800692175
