"","v_bh","v_daily","v_mon","v_con"
"mean",1079378.33855524,1079178.99250075,1079153.4708649,1079179.93029246
"sd",79792.4241303298,81066.8172431087,80894.320690888,81072.9825314282
"skewness",0.403702769591627,0.19948697056063,0.214929078461869,0.198874681662679
"kurtosis",-0.0130706457676699,-0.122333700455816,-0.124250976125182,-0.120500555904365
