"","v_bh","v_daily","v_mon","v_con"
"mean",1231099.07083518,1209159.34463846,1211164.29947229,1209101.38041081
"sd",147733.599684086,122288.98142734,124414.376430111,122206.20565996
"skewness",0.411958720591531,0.149662473865534,0.172473286329278,0.149624258442018
"kurtosis",0.0963544552930755,-0.278728475891627,-0.2634652527913,-0.27718642495401
