"","v_bh","v_daily","v_mon","v_con"
"mean",1024763.3146585,1025044.25702437,1025085.83194928,1025089.50678829
"sd",254051.593250391,232596.103844776,234382.373091214,232237.443949198
"skewness",2.36670484764604,1.09790850368807,1.18997148474507,1.09408834705695
"kurtosis",10.1476065409029,2.95589393780171,3.39585041895425,2.943036444503
