"","v_bh","v_daily","v_mon","v_con"
"mean",1015449.23845854,1014923.54076663,1014942.223379,1014921.48809205
"sd",50697.2793146179,48897.1869608003,48975.7888699049,48890.2815923244
"skewness",0.253178585131025,0.133770348534618,0.144583726747328,0.132945488166278
"kurtosis",-0.263733397866605,-0.317739679019716,-0.311937424272915,-0.318166750060127
