"","v_bh","v_daily","v_mon","v_con"
"mean",905816.327210078,904040.447868667,904623.93524686,903998.688100738
"sd",140656.027411782,152231.515385938,151084.825747975,152314.74752865
"skewness",0.714113324949014,0.316848867217524,0.337281636175185,0.315229758203943
"kurtosis",0.182450836457699,-0.27424022729861,-0.239157059096164,-0.272294425187072
