"","v_bh","v_daily","v_mon","v_con"
"mean",1441008.10726987,1398892.18257466,1402515.79183099,1398814.57623216
"sd",383947.544413542,289340.498457861,296819.884029765,289074.935887625
"skewness",1.49344635036919,0.734314103341472,0.795665957887967,0.729670512308618
"kurtosis",4.34986751046393,0.925066064632027,1.13032123552595,0.904142721899625
