"","v_bh","v_daily","v_mon","v_con"
"mean",1119774.4679199,1116100.03976597,1116529.19842344,1116231.81847943
"sd",297366.236016795,260894.217652378,263287.367480637,260700.072402088
"skewness",2.27714671782509,0.922002551270386,1.00986093519497,0.915306253774454
"kurtosis",12.1599324541868,2.40298358573479,2.82458104620393,2.36795393239425
