"","v_bh","v_daily","v_mon","v_con"
"mean",798919.995468272,778474.929769137,780120.817494713,778398.126730427
"sd",59747.6666841746,75585.7681060656,74292.8028215244,75621.7994898527
"skewness",0.338888617705663,0.0477864305785067,0.0621199344085806,0.0479680758221831
"kurtosis",0.212623094987496,-0.0174221443690441,-0.0116331690419509,-0.0161736345827252
