"","v_bh","v_daily","v_mon","v_con"
"mean",928874.047111358,924717.596495218,925133.792975466,924723.15086305
"sd",81440.1237071517,89467.1260798056,88868.6856942734,89492.4317652765
"skewness",0.551251339123363,0.234852372829345,0.260795186436512,0.234147026135499
"kurtosis",0.668274650829751,0.231196380956336,0.251712823641378,0.231419621667096
