"","v_bh","v_daily","v_mon","v_con"
"mean",1187346.76886771,1175547.00801767,1176494.67897037,1175503.78580461
"sd",32719.6042407537,28424.6034718563,28768.4069140851,28409.3627941694
"skewness",0.0465819285637214,-0.0189837121736113,-0.0131019083248547,-0.0190724334641499
"kurtosis",-0.191850089324075,-0.196757508490162,-0.195423333049821,-0.196208726828363
