"","v_bh","v_daily","v_mon","v_con"
"mean",980207.413734158,972275.201299575,973149.271055499,972253.349585344
"sd",162233.262615513,175238.75914685,174258.932305932,175299.663645575
"skewness",1.60956848917782,0.75500962897927,0.81714105473566,0.751685888626475
"kurtosis",5.55408190476809,1.66386003841316,1.87905079961781,1.65097624595326
