"","v_bh","v_daily","v_mon","v_con"
"mean",915998.028982663,911806.429799949,912007.601237014,911831.255250868
"sd",150350.246945142,162592.274397178,161694.511964721,162749.89326806
"skewness",0.961496632545044,0.408485417823619,0.447915114568658,0.408771903475555
"kurtosis",1.61813654546828,0.203547953199898,0.264152933527997,0.20719821239423
