"","v_bh","v_daily","v_mon","v_con"
"mean",1090381.73401872,1079360.018665,1080237.22049885,1079285.04563248
"sd",203988.382811454,176176.744849301,178558.511912937,176047.177444627
"skewness",0.959326285985397,0.445256693867672,0.491623952663035,0.443566188714071
"kurtosis",1.48138985168189,0.308843817664245,0.369746383006971,0.308505642288233
