"","v_bh","v_daily","v_mon","v_con"
"mean",854198.296861756,818229.934691171,821122.50716308,818100.810095435
"sd",45891.8048501717,61380.6320082467,60069.0707290226,61430.9861079172
"skewness",0.44820048206087,0.229575452746785,0.239662576498827,0.22898058964059
"kurtosis",0.237637722869012,-0.00738660973355243,-0.00142899119283957,-0.00690799953362697
