"","v_bh","v_daily","v_mon","v_con"
"mean",932294.597670203,932442.868502016,932438.584434813,932442.125468707
"sd",64518.0263766695,65808.0246565747,65773.8570080251,65802.94365116
"skewness",0.294414426634823,0.097198295279197,0.111133627612761,0.0956755763892404
"kurtosis",-0.0286491852073247,-0.0993832814143074,-0.0997908380820256,-0.101576791413893
