"","v_bh","v_daily","v_mon","v_con"
"mean",1197495.5340617,1192607.13523875,1192319.4968365,1192664.73938122
"sd",312470.288322273,275996.91046685,278420.350613353,275874.471821974
"skewness",1.56094523673381,0.731082507862461,0.795424427907901,0.728253851897669
"kurtosis",4.28850052866472,0.902100944276454,1.1005222907952,0.895614696074793
