"","v_bh","v_daily","v_mon","v_con"
"mean",966635.127646682,966550.565662199,966564.855965067,966550.036793765
"sd",23705.4565405415,24021.7218484678,23994.8362015627,24022.885601671
"skewness",0.138857713143289,0.0716389572701587,0.0767150549674534,0.0715978030781542
"kurtosis",-0.170842207199311,-0.195362331864006,-0.193655535264548,-0.19561676242116
