"","v_bh","v_daily","v_mon","v_con"
"mean",1036949.49564229,1030389.44440587,1031008.13877853,1030346.01823274
"sd",97562.7371423464,107568.610317872,106855.211187283,107596.596488496
"skewness",0.670075572434105,0.374381031922313,0.393680337663538,0.37331635535645
"kurtosis",0.581366214796594,0.0282364493654064,0.0646779797843839,0.0243789749641556
