"","v_bh","v_daily","v_mon","v_con"
"mean",955729.05978807,949688.075487227,950002.120881192,949672.236648195
"sd",164357.649982891,175649.854855531,174838.270376289,175759.73503551
"skewness",1.21177100777367,0.621174984273092,0.660238504622861,0.62141790970422
"kurtosis",2.42997274810698,0.48755457729143,0.595222678997803,0.492197546775355
