"","v_bh","v_daily","v_mon","v_con"
"mean",1311022.19276415,1284848.43986385,1286938.56761332,1284748.22282736
"sd",78530.2363621605,64389.8724642833,65502.8453051952,64331.7442667382
"skewness",0.129628979493203,-0.0230295687615995,-0.0111211128530769,-0.0237274039633301
"kurtosis",0.119067644508624,0.0208547372053194,0.0285688424918238,0.0192225309096798
