"","v_bh","v_daily","v_mon","v_con"
"mean",1196545.49922824,1185961.92693347,1187798.34361533,1186049.80256915
"sd",352446.498722295,290535.624736946,296126.414028155,290174.74800299
"skewness",1.65759570957956,0.789024098696851,0.870266722553091,0.778983904018059
"kurtosis",4.41281609597694,1.0833664651497,1.32809407357214,1.04164020101387
