"","v_bh","v_daily","v_mon","v_con"
"mean",1219776.38564526,1216817.47216481,1216957.73379425,1216668.55936998
"sd",241022.565899459,220909.792554355,221836.616199112,220763.666808969
"skewness",1.29013232709536,0.598250832055606,0.649162849327557,0.59512309948467
"kurtosis",3.45493583378452,0.852788282134805,0.999872450064486,0.83424382199075
