"","v_bh","v_daily","v_mon","v_con"
"mean",978151.419687353,975451.315842327,975690.542622506,975445.244375417
"sd",46848.8266254568,50172.7776378606,49912.6407437176,50173.6950886402
"skewness",0.427216092560379,0.266299872948468,0.281174117124539,0.265128020305131
"kurtosis",0.364199899062499,0.166964390159579,0.187520821532211,0.164262648188441
