"","v_bh","v_daily","v_mon","v_con"
"mean",1178722.96586179,1165087.89409441,1166074.88647247,1165028.90055991
"sd",102926.630272191,88340.4175900058,89404.0012697841,88269.52067462
"skewness",0.395241118514324,0.125303731368964,0.149897247453399,0.123687559548128
"kurtosis",0.612799535570218,0.414412609112355,0.421350169046869,0.411022749709883
