"","v_bh","v_daily","v_mon","v_con"
"mean",941802.026049815,917499.931630985,919581.954138494,917465.381411783
"sd",158384.01935357,190643.184647894,188457.907113849,190814.136065235
"skewness",1.43079175086547,0.681016818990746,0.731625872585677,0.678418800869526
"kurtosis",3.55902619007497,0.877054994942564,1.06045013321601,0.86513114117037
