"","v_bh","v_daily","v_mon","v_con"
"mean",1256632.58003617,1217582.27366104,1219943.46056961,1217273.56596184
"sd",382553.118772822,284285.188791972,291882.683692997,283794.266309849
"skewness",1.63613505511015,0.792155114416594,0.860302421747715,0.786127509525334
"kurtosis",4.49282961349014,1.09157094016243,1.23499265475899,1.06655568840255
