"","v_bh","v_daily","v_mon","v_con"
"mean",1295357.27819467,1246369.70608875,1250489.50156322,1246147.94883803
"sd",364296.199285644,263757.604775559,271035.472256945,263325.73200782
"skewness",1.79624522273099,0.774943654209692,0.858445029662244,0.770275514724829
"kurtosis",6.73574675003515,1.71274509001045,1.97587752451029,1.70632772482904
