"","v_bh","v_daily","v_mon","v_con"
"mean",1006133.48452672,1006913.47563502,1006937.53024602,1006920.54500779
"sd",177555.599974603,171050.197259585,171815.286406944,171019.352187889
"skewness",0.87463512786347,0.419949004457392,0.454912749761436,0.417767779389153
"kurtosis",0.864327200824242,-0.00693775904729499,0.0147318721227605,-0.00784358097024374
