"","v_bh","v_daily","v_mon","v_con"
"mean",1020614.72212945,1013208.69901426,1013602.10569698,1013182.05739497
"sd",131310.485315707,147324.905872119,145977.334629574,147388.887495931
"skewness",0.835201849692885,0.402441467656953,0.4344262949341,0.399513989901323
"kurtosis",1.0440100361411,0.163127086754771,0.208620615923937,0.158183542984794
