"","v_bh","v_daily","v_mon","v_con"
"mean",921448.845396473,919589.583694626,919742.435577018,919582.457200627
"sd",22084.4561603209,23491.7197742534,23376.6457239125,23497.6928535281
"skewness",0.214175418592611,0.154767375436292,0.158121897363483,0.15452723520302
"kurtosis",-0.381483584862599,-0.421335535372541,-0.420549094094584,-0.421424292013867
