"","v_bh","v_daily","v_mon","v_con"
"mean",941038.945482218,937736.743229374,937998.824800113,937725.533886195
"sd",21626.2821831071,23519.5835657535,23367.0774489028,23526.7407870017
"skewness",0.0970749499331885,0.0209246201900623,0.0255995798675412,0.020792033766349
"kurtosis",0.037681115704058,0.0257079098112678,0.0251612545617612,0.0259106133320435
