"","v_bh","v_daily","v_mon","v_con"
"mean",939946.651435285,933110.158513358,933669.073489757,933130.780282835
"sd",225251.820421512,238686.41301016,237919.463588728,238796.803795583
"skewness",1.81987968157861,0.866105540418296,0.926925360164687,0.869143163634728
"kurtosis",5.27811044223147,1.27238351427305,1.48432801405601,1.28929901045595
