"","v_bh","v_daily","v_mon","v_con"
"mean",809582.699203708,791542.603284359,792967.751817799,791477.447762067
"sd",15656.0099595109,19376.759747683,19082.390676376,19389.8596039012
"skewness",0.0893227303447603,0.010652934561955,0.0174884402450002,0.0104808352653244
"kurtosis",0.117409320751018,0.155176393478705,0.153352922683609,0.155035512334409
