"","v_bh","v_daily","v_mon","v_con"
"mean",938306.068907239,914764.815332244,916402.196966966,914655.847925308
"sd",89162.4597769559,110363.645998768,108651.04485861,110481.80359578
"skewness",0.792827437122944,0.446935451416859,0.465776394133186,0.447795161424842
"kurtosis",0.711269894179329,0.124468983072538,0.148430562372124,0.126615238237676
