"","v_bh","v_daily","v_mon","v_con"
"mean",1003379.93807316,1003349.46887991,1003764.72690714,1003208.63456861
"sd",267567.041481436,255495.245379042,256604.96879857,255473.621145143
"skewness",1.66577752147554,0.730380175020904,0.817603840670798,0.72848630352417
"kurtosis",4.9128761582592,0.975807850018181,1.28007426043598,0.970735707259113
