"","v_bh","v_daily","v_mon","v_con"
"mean",907521.680811584,904847.019610187,904785.33527837,904741.506234721
"sd",200039.566217322,221803.083639337,219904.067897513,221867.576415465
"skewness",1.05473387831112,0.392402741265734,0.444380413438229,0.3891161405626
"kurtosis",1.32059605868793,0.0112847347650722,0.0919775720631311,0.0134081049664703
