"","v_bh","v_daily","v_mon","v_con"
"mean",1241644.84733999,1216228.88435175,1218381.31499191,1215975.94715955
"sd",402589.947539784,317481.315667874,325064.376815529,317086.012287468
"skewness",1.5653926579579,0.732176185721504,0.812178788758009,0.728862507397234
"kurtosis",3.71702689282699,0.729602663068868,0.948083556588046,0.719033859545382
