"","v_bh","v_daily","v_mon","v_con"
"mean",869569.923168314,857846.289070187,858863.814425,857582.474512829
"sd",208086.76139968,226990.466506863,225430.148813266,226877.26797322
"skewness",2.13416326901989,0.874546844350184,0.956333932736968,0.867973866790571
"kurtosis",9.62840620288611,1.75451984010122,2.15913543153139,1.72220104674151
