"","v_bh","v_daily","v_mon","v_con"
"mean",1196113.27729146,1179644.13352901,1181299.60064835,1179665.47856598
"sd",374566.909015376,301216.011200596,309062.903507187,300979.680567504
"skewness",1.80920362750849,0.815000090338289,0.935018975628226,0.814151866700331
"kurtosis",5.74325003889899,1.26075042933568,1.7252933903569,1.26312802123806
