"","v_bh","v_daily","v_mon","v_con"
"mean",1172567.39606039,1158123.10412734,1159159.33965053,1158145.23898562
"sd",364981.194208578,300907.061501635,306343.142180796,300894.452028196
"skewness",1.56614437035183,0.753831474215029,0.830440231088771,0.754188019151973
"kurtosis",3.49387067816092,0.729364321345199,0.883987939116099,0.740180640768455
