"","v_bh","v_daily","v_mon","v_con"
"mean",1345940.8074998,1300784.33694355,1304963.50277888,1300625.60801786
"sd",452284.827557963,330443.306616322,340879.373355112,330469.188458577
"skewness",1.88453593558603,0.774248482791478,0.877840977111423,0.779274380275062
"kurtosis",6.95349949962046,1.3664531779643,1.7605161873139,1.3867695989086
