"","v_bh","v_daily","v_mon","v_con"
"mean",1238070.97569042,1210726.67899047,1212930.03070932,1210632.81041218
"sd",153213.4586785,123827.668710285,126238.081130279,123730.105114904
"skewness",0.442060953168089,0.202261006038593,0.225044225786476,0.200577109417001
"kurtosis",-0.155682332239475,-0.38694095122514,-0.369539875928498,-0.386946396953696
