"","v_bh","v_daily","v_mon","v_con"
"mean",1291062.87722525,1252891.9451219,1256059.48328644,1252747.96394106
"sd",166292.488780902,128511.760876111,131589.615666449,128365.12167413
"skewness",0.765987875926457,0.404065414620262,0.442852049076736,0.402693148723549
"kurtosis",1.3842603772634,0.482279031879256,0.566706734298418,0.480382797194868
