"","v_bh","v_daily","v_mon","v_con"
"mean",852051.1936318,842669.543877712,843401.9768711,842629.805306925
"sd",70364.683359624,82210.9910384683,81183.8537968093,82245.079418216
"skewness",0.341995655851071,0.0549721891228321,0.0740827068244166,0.0537737092327438
"kurtosis",0.188542597929199,-0.0415660787718708,-0.0245045771106143,-0.0423129897371175
