"","v_bh","v_daily","v_mon","v_con"
"mean",869200.406083717,862833.730539622,863363.78628056,862815.141962197
"sd",70125.8864169131,79297.8651223212,78460.571642657,79322.8621890289
"skewness",0.520653178789825,0.264018822575924,0.284042505889887,0.263444276241935
"kurtosis",0.236768464454219,-0.0600565478657238,-0.0404358433985874,-0.0634726850018139
