"","v_bh","v_daily","v_mon","v_con"
"mean",977265.802250084,976602.783055367,976667.835631489,976605.087981618
"sd",105082.676251048,104392.135371165,104588.931807798,104406.334690145
"skewness",0.605630851297297,0.329700039114328,0.354853817926312,0.328806665701137
"kurtosis",0.188550477334709,-0.143296559035046,-0.121299863019334,-0.144540095293046
