"","v_bh","v_daily","v_mon","v_con"
"mean",1211599.77945958,1189972.02879048,1191775.24009275,1189915.56983537
"sd",136662.275034201,112540.682478605,114643.047286577,112470.660500733
"skewness",0.456200716003354,0.182629872409653,0.209685197556949,0.18128675604338
"kurtosis",0.256904714814414,-0.0265188030110193,-0.0166800725806122,-0.0275568837005857
