"","v_bh","v_daily","v_mon","v_con"
"mean",950338.546277504,949900.698180265,949913.201200792,949897.518273722
"sd",92970.8548985249,95043.4498290945,94928.4169082773,95045.6577335443
"skewness",0.640052436725564,0.332586627813289,0.359416250551376,0.331953061766698
"kurtosis",0.61543023475256,0.17131465489336,0.204417907145101,0.171407166578731
