"","v_bh","v_daily","v_mon","v_con"
"mean",936994.206124316,935829.529433432,935998.850981994,935845.900443927
"sd",91845.1586550919,95446.7001846896,95232.3622188615,95491.1248709576
"skewness",0.579990427141381,0.289052033458861,0.307732969419652,0.287855829183202
"kurtosis",0.385188664207695,0.00361732422542893,0.0108375588778995,-0.00105823834263497
