"","v_bh","v_daily","v_mon","v_con"
"mean",1022497.76040738,1022072.85725543,1021779.4184596,1022053.7301997
"sd",159577.583391212,157282.093875938,157367.306272801,157250.086976876
"skewness",0.842577179410735,0.38953801178454,0.421605245033095,0.387732429176461
"kurtosis",0.975346458165782,0.131584562295246,0.169008952048447,0.134015422911234
