"","v_bh","v_daily","v_mon","v_con"
"mean",1057580.61757522,1056712.06755913,1056903.32476405,1056692.36900222
"sd",168343.720641466,161114.200151393,161400.372073149,161046.045340614
"skewness",0.787595879342527,0.348663193651248,0.38186408049791,0.347328289618637
"kurtosis",0.856459226297438,0.0496339945338415,0.114800880827329,0.0476149016951615
