"","v_bh","v_daily","v_mon","v_con"
"mean",1176955.58648654,1167592.99491599,1168345.00700564,1167502.24616246
"sd",192824.949200653,168851.816535094,170765.663988804,168748.71325555
"skewness",0.638958473096614,0.221053362582209,0.258520973986122,0.220297242973629
"kurtosis",0.513991958766952,0.00845504011121312,0.0274224947489601,0.0108248137968636
