"","v_bh","v_daily","v_mon","v_con"
"mean",1371102.89416854,1325652.0379233,1329267.06240826,1325457.11663789
"sd",262450.294290216,199774.177932305,204568.0523883,199515.353794475
"skewness",0.873689915405124,0.38753845208154,0.428034815832104,0.388024743132063
"kurtosis",1.22418776443098,0.313304055182434,0.348838518438385,0.318312546150174
