"","v_bh","v_daily","v_mon","v_con"
"mean",897080.251900828,889287.476885553,889955.8853944,889193.094894982
"sd",115372.857656006,130212.835806692,129096.886636915,130256.457495987
"skewness",0.916905659067647,0.45951547585305,0.495712877083832,0.45811595847566
"kurtosis",1.36984767264007,0.292082409285537,0.380427612113242,0.290446408558193
