"","v_bh","v_daily","v_mon","v_con"
"mean",954223.624654383,952430.318376988,952840.32865711,952405.641580844
"sd",132614.723494546,140620.092098228,140044.862211235,140657.901556936
"skewness",0.790990682733571,0.373310570450395,0.407277741671335,0.373424131558594
"kurtosis",0.902916542713833,0.00919839568351133,0.0588973870522609,0.011407756099159
