"","v_bh","v_daily","v_mon","v_con"
"mean",1218432.81366214,1201628.86612496,1203122.95102536,1201672.92825269
"sd",221402.001093058,184685.89599499,187657.467984705,184609.859341416
"skewness",0.961389041410052,0.456189248521337,0.497994393687354,0.453973197943644
"kurtosis",1.66306211494491,0.394951243638947,0.472832849090255,0.391758966719336
