"","v_bh","v_daily","v_mon","v_con"
"mean",997843.810729971,997434.017909413,997666.210644774,997391.804627693
"sd",152429.402316971,152054.777412519,151823.499406482,152049.310280352
"skewness",1.03308687897465,0.561848508343047,0.593242448590152,0.561277420770803
"kurtosis",1.55952666967336,0.392450781424258,0.466413281212334,0.387802765596748
