"","v_bh","v_daily","v_mon","v_con"
"mean",1330166.1751434,1294304.12731214,1296824.79384144,1294229.29894965
"sd",247392.536738049,190404.009338569,194769.851980591,190248.280267626
"skewness",1.07799169017251,0.570123608349548,0.61845090406144,0.567587591524396
"kurtosis",1.90909331679992,0.678676032530533,0.764589762115393,0.669660906775335
