"","v_bh","v_daily","v_mon","v_con"
"mean",1118948.03803439,1114417.41899561,1114359.54164631,1114467.86358774
"sd",189049.568336477,168768.224564762,170478.193287907,168761.009501254
"skewness",1.06486921232703,0.562224349344025,0.607975827808281,0.560638141369903
"kurtosis",1.990410535942,0.519055524448611,0.612334599535251,0.517826890700561
