"","v_bh","v_daily","v_mon","v_con"
"mean",883660.809351872,872584.342367967,873399.404487241,872541.284180792
"sd",116506.104615083,135473.540019513,133976.210357705,135492.41325748
"skewness",0.721136846611212,0.287418337771614,0.314694713721733,0.286419335055851
"kurtosis",0.557840600778293,-0.0296996789844211,-0.0070005603861456,-0.0266281078620638
