"","v_bh","v_daily","v_mon","v_con"
"mean",1294200.83172315,1264193.15034033,1267087.58154647,1264067.50589167
"sd",250555.985048342,195825.45300751,200366.621226497,195668.655203154
"skewness",1.20111083984378,0.64480476622412,0.696924829822044,0.643744194003062
"kurtosis",2.56288004389943,0.79715706245123,0.931694913682652,0.799071274513846
