"","v_bh","v_daily","v_mon","v_con"
"3",1.06923878879153,0.488829285475502,0.558910762831595,0.487164863295844
"31",1.80772963218289,0.857712456400291,0.946021772213739,0.848499499764426
"32",1.49120427806901,0.7124138463651,0.777735714241935,0.703649899630451
"33",1.20789779419698,0.555968422322681,0.607157612765175,0.553966993692961
"34",2.27714671782509,0.922002551270386,1.00986093519497,0.915306253774454
"35",1.45756686697444,0.744343049666615,0.788299268018484,0.739691781333486
"36",1.66010905078658,0.721749222933477,0.795382014225283,0.715315437637448
