"","v_bh","v_daily","v_mon","v_con"
"3",1.36643784508431,0.551607982474713,0.639247643424755,0.548747559546766
"31",1.7554075267171,0.77963958414784,0.870817633341415,0.773096501466857
"32",1.13210167708222,0.528290006579717,0.586661800474577,0.529572715081174
"33",1.58803647118396,0.737610255509676,0.794980119519471,0.732680508911947
"34",1.41841373030842,0.678947311702579,0.749613148395406,0.681192161091632
"35",0.94707472626819,0.449087277628453,0.492593844178385,0.446933756885225
"36",1.25823059517984,0.589426817727678,0.643589463162323,0.587230964444543
