"","v_bh","v_daily","v_mon","v_con"
"3",1.36712213225685,0.637301898448472,0.67489371038418,0.635147206396014
"31",1.1504963496959,0.571382888902848,0.612066380470504,0.567516960381642
"32",0.847188896426709,0.360180817406662,0.393322202955775,0.355644381181746
"33",1.66642582829033,0.804426990228718,0.857528896111869,0.801246576251982
"34",1.17985182961331,0.495437914385844,0.526104762417634,0.494569026302898
"35",1.33116731802052,0.670575341598309,0.705587914848236,0.66874345869975
"36",1.31195933479928,0.625540558758462,0.647504600652704,0.623670456971162
