"","v_bh","v_daily","v_mon","v_con"
"3",0.610333550369391,0.391393987062084,0.40433539196701,0.39179831318423
"31",0.318823998424261,0.112875615039594,0.128734352091401,0.111919959215239
"32",0.497435396663928,0.275351495130538,0.295295212817084,0.274495735870556
"33",0.344124290799161,0.124860696207701,0.144529915661066,0.124868758611333
"34",0.38232146823075,0.171232581875921,0.188385540945317,0.17094360940709
"35",0.519763074617819,0.255509026206578,0.27315664883631,0.253073892607752
"36",0.435958398256566,0.204048391961958,0.219450094890428,0.202999979018643
