"","v_bh","v_daily","v_mon","v_con"
"3",0.203604933156974,0.043007914218688,0.0573663168824706,0.0424725874446323
"31",0.298073069741158,0.163472255544367,0.174622809870418,0.163003238355769
"32",0.308775430853259,0.166765318237485,0.178395970675372,0.166580777170712
"33",0.247156902286481,0.123553978299545,0.131008575108807,0.123236973186782
"34",0.238475701219211,0.108384745760165,0.117997150838939,0.107500936342315
"35",0.211786421378323,0.0638156797794035,0.0722419517196417,0.0635829209400315
"36",0.367344675829519,0.23188071198504,0.242662242508248,0.231103408275094
