"","v_bh","v_daily","v_mon","v_con"
"3",1.54336222520379,0.708338888229944,0.758462343235854,0.700221413602879
"31",1.40792690140968,0.732835871072452,0.771541902641021,0.733498860118384
"32",1.73739596258095,0.779040291790436,0.859447723619741,0.773793284350182
"33",1.25720324004949,0.565759977579141,0.629089279932949,0.564617633684995
"34",1.4678020170002,0.709277035510361,0.761521060989599,0.707486057930984
"35",1.51847373927295,0.77374826812539,0.820102582141345,0.771362078951953
"36",1.75503715390069,0.741719040462157,0.788172073740315,0.738649979194952
