"","v_bh","v_daily","v_mon","v_con"
"3",1.05351456031217,0.465237713898148,0.52888189685936,0.45998177558005
"31",1.56802729963194,0.743301930499602,0.804514990839397,0.737744684278805
"32",1.30057576723016,0.581417440704047,0.626789650021942,0.578671203277836
"33",2.08254978627463,1.0022459383951,1.05939261926668,0.994933122452692
"34",0.984529381725672,0.35320963721094,0.404475364714981,0.348503146864294
"35",1.3553991325717,0.665940671968649,0.720984656305546,0.661784337274604
"36",1.35039437012141,0.64742569299864,0.710247374043883,0.649620771445552
