"","v_bh","v_daily","v_mon","v_con"
"3",1.23077075801145,0.631095120784911,0.684305020586045,0.627931053823082
"31",1.32693544542814,0.652479701130609,0.695937080197947,0.649029902032761
"32",1.27257675659646,0.571735394208178,0.613314258912785,0.568528094388571
"33",1.38856366347388,0.687443062955541,0.740381676667079,0.688433993960222
"34",1.55559956516529,0.758350418261768,0.79248802963081,0.755596447173126
"35",1.39073878442369,0.712571453799556,0.756897595113557,0.70717947531432
"36",1.66890703016889,0.789955324201509,0.822731023478727,0.787185847783824
