"","v_bh","v_daily","v_mon","v_con"
"3",0.254231666698826,0.120998055408009,0.1324949381499,0.121071695416323
"31",0.288210360892969,0.143582448933945,0.153859363026206,0.142488536312349
"32",0.289497864971117,0.122723801047332,0.136285110981151,0.121342626446959
"33",0.428041199126408,0.270128584498285,0.281921052676195,0.269774447286668
"34",0.289660153189812,0.144092967364191,0.158774420096244,0.143682921521209
"35",0.186543989574801,0.0197147597966302,0.0338299977074308,0.0189448195134103
"36",0.180524122889262,0.0433331632865696,0.0556617253306414,0.0425601109826346
