"","v_bh","v_daily","v_mon","v_con"
"3",0.498468109284174,0.294497195888652,0.313705048767425,0.293398881209748
"31",0.423652628658352,0.211437098551185,0.230063069902122,0.210197003803975
"32",0.505710638311632,0.286380891730965,0.308262281144485,0.285170400286189
"33",0.544919743962771,0.321189382147187,0.340486473214752,0.320909757449925
"34",0.267743339083236,0.0745903404097795,0.0928399120296687,0.0732442554659336
"35",0.384497229170723,0.193746079445717,0.208314411892558,0.19211199749195
"36",0.315727491445151,0.081070953018503,0.107722230390247,0.0808005474084602
