"","v_bh","v_daily","v_mon","v_con"
"3",0.70517820289207,0.363675481752724,0.398597489246143,0.362002183898941
"31",0.992700960501191,0.577358370264542,0.617168814173594,0.575782431804271
"32",0.589335690913632,0.282006811871489,0.303456672886318,0.281567922251986
"33",0.741110682683679,0.312837283901137,0.352876721853482,0.313261933342436
"34",0.819315229874297,0.411617970757387,0.451705763251732,0.409064902023212
"35",0.388273108164259,0.0553282016495999,0.0865359523454687,0.0530073954967768
"36",0.646543658693815,0.248278413856459,0.280026832876543,0.245157336968075
