"","v_bh","v_daily","v_mon","v_con"
"3",0.485069437019317,0.265356150770092,0.284147710093238,0.264411222411494
"31",0.671904943228774,0.369752481805773,0.39756100681448,0.369301997145387
"32",0.644626687144652,0.341395562566982,0.367129501238778,0.34005462384425
"33",0.372497989313318,0.170074263185485,0.184939703232143,0.169846315964891
"34",0.424408861160253,0.211518127312477,0.228112882741797,0.209515267915308
"35",0.403702769591627,0.19948697056063,0.214929078461869,0.198874681662679
"36",0.45909034108772,0.251933617509554,0.269744456715301,0.251406342191678
