"","v_bh","v_daily","v_mon","v_con"
"3",0.137498390106932,0.0723571443226068,0.0780694535128257,0.0720037005968786
"31",0.0696038432281831,-0.00190035617891002,0.00299641000922518,-0.00206520153733287
"32",0.244246891231998,0.169265757388215,0.176928068871881,0.168958289913383
"33",0.1658060653123,0.0859630627562087,0.092944091054857,0.0856507367636097
"34",0.1658060653123,0.0859771705274612,0.0928525134127845,0.0856371021460421
"35",0.124996309210176,0.0348639822609873,0.0417753291561361,0.0345077193081226
"36",0.263792695686322,0.173712610512195,0.181680140043844,0.173024592366454
