"","v_bh","v_daily","v_mon","v_con"
"3",0.500869125182829,0.297517557490982,0.318623398042069,0.296856835055522
"31",0.232803712196742,0.0275786890180049,0.0372808588475924,0.0281749434889325
"32",0.496632804630711,0.280941524031664,0.297322187679063,0.28060172030212
"33",0.568397084705323,0.303386762621434,0.324437514124349,0.303132370802012
"34",0.373050816992094,0.157668617377233,0.175998742752419,0.156656215049875
"35",0.633466992541744,0.355857753576048,0.374017841763328,0.355497558840379
"36",0.472241456104514,0.251953362308702,0.269257610786595,0.251348000229548
