"","v_bh","v_daily","v_mon","v_con"
"3",0.604633128535466,0.293029905849778,0.313305184459192,0.292031855667503
"31",0.937394010124237,0.540980136670771,0.559705549915563,0.541102689877044
"32",0.329718731441943,0.0605581314689175,0.0788890936502616,0.0601261389740112
"33",0.485188018435563,0.226977398111646,0.253999808122452,0.225779057168716
"34",0.548246912990637,0.229008307873972,0.24493669123663,0.229734126255717
"35",0.529632391496672,0.235594746847274,0.253828936458864,0.236237780207075
"36",0.749589511566919,0.409978796480649,0.42945320314048,0.409609601377382
