"","v_bh","v_daily","v_mon","v_con"
"3",0.685024349586782,0.229420076088959,0.264794560158071,0.226916880900502
"31",0.884125397846772,0.396029355261078,0.434833234478639,0.393620236626498
"32",0.962597764550309,0.487725748491176,0.525813048176749,0.485517491988149
"33",0.842577179410735,0.38953801178454,0.421605245033095,0.387732429176461
"34",0.704278685110522,0.27868514515615,0.319690724423966,0.278091031602628
"35",0.971298237530724,0.428194697467756,0.469243269884655,0.430933774574599
"36",0.914068194342366,0.512138092038779,0.543469410619515,0.510113046648969
