"","v_bh","v_daily","v_mon","v_con"
"3",0.959326285985397,0.445256693867672,0.491623952663035,0.443566188714071
"31",0.854858615736921,0.394355664210363,0.432819723426934,0.393849998122958
"32",1.11354494136047,0.52618285433556,0.579417668318831,0.520117433747705
"33",1.06486921232703,0.562224349344025,0.607975827808281,0.560638141369903
"34",0.9107239682061,0.469769587987187,0.505527194057873,0.466818880063922
"35",0.863119946412808,0.450034510003252,0.482206258936309,0.447442689230285
"36",0.719329227651178,0.29736642102887,0.328531243904444,0.294060464643679
