"","v_bh","v_daily","v_mon","v_con"
"3",1.10009432411677,0.432442506069231,0.499123570922414,0.43092109835392
"31",1.21573060902812,0.622586213767485,0.666315051073574,0.618517867344975
"32",1.05922645185701,0.466053071849463,0.513401448383697,0.461583713667692
"33",0.990490290365201,0.521124387659538,0.57570611186938,0.520151010141545
"34",0.960511836138357,0.37991388967021,0.423902151903621,0.37650374599188
"35",0.996139318351664,0.472288063449082,0.517869262053298,0.469391016703725
"36",0.84029508098852,0.364377650049796,0.404126734218219,0.362766212599364
