"","v_bh","v_daily","v_mon","v_con"
"3",1.70552601034352,0.829367424717392,0.896205082021278,0.821788473088123
"31",1.93903497552315,0.880837355018194,0.95605008122765,0.880030475863516
"32",1.05473387831112,0.392402741265734,0.444380413438229,0.3891161405626
"33",1.55401943705139,0.764582449268903,0.81410449691972,0.759240775075169
"34",1.81987968157861,0.866105540418296,0.926925360164687,0.869143163634728
"35",1.43362456811632,0.621479711505409,0.675574259204088,0.618805402985631
"36",1.4557329531475,0.682301412153559,0.728395456241597,0.674640346460994
