"","v_bh","v_daily","v_mon","v_con"
"3",0.207974072157369,0.13275011757239,0.138654635853017,0.132443741672765
"31",0.172646558729876,0.0909621394436165,0.0960764518303893,0.0904304592217382
"32",0.113016109383052,0.0452069312287155,0.0501048024100039,0.0450411971009498
"33",0.318142045633554,0.230282740562738,0.238827061959603,0.229904116194919
"34",0.318142045633554,0.230273679558815,0.238760430110325,0.229913424407409
"35",0.185562450589616,0.119918357796407,0.125179296475612,0.119491637223706
"36",-0.14756568987914,-0.23047033226048,-0.223689815108384,-0.231096060216649
