"","v_bh","v_daily","v_mon","v_con"
"3",0.583713167383319,0.246822070030066,0.267199828007518,0.247263300627612
"31",0.789819401372344,0.418088010222518,0.4452897964817,0.418393907838364
"32",0.562498535524261,0.237858017133661,0.259715287251265,0.237312445202167
"33",0.625079896306141,0.295393191364233,0.317037062736613,0.293340979038897
"34",0.608732646231844,0.241097490396319,0.269560445428304,0.240581404996446
"35",0.726148096294973,0.356769576203167,0.380271803627852,0.356090340128601
"36",0.939494440054115,0.472907594091438,0.507360498739193,0.470501887317836
