"","v_bh","v_daily","v_mon","v_con"
"3",0.613094322902639,0.314196487806992,0.345402657029611,0.314029004952486
"31",0.456200716003354,0.182629872409653,0.209685197556949,0.18128675604338
"32",0.411958720591531,0.149662473865534,0.172473286329278,0.149624258442018
"33",0.46492517355376,0.215933950186894,0.240112794609466,0.214910383295531
"34",0.403115375732178,0.12337972114651,0.151264645845439,0.122720894094879
"35",0.650166456396253,0.40745120530324,0.43195478224085,0.405439815828567
"36",0.519178648981342,0.244738346106672,0.262621219815677,0.244214421730622
