"","v_bh","v_daily","v_mon","v_con"
"3",0.803352456065832,0.408521751700803,0.4431740464838,0.40574103254056
"31",0.917077247839629,0.471062163220045,0.511595763755238,0.471612271017366
"32",0.806869931838528,0.382412827214026,0.419522130002298,0.382124332655596
"33",1.07799169017251,0.570123608349548,0.61845090406144,0.567587591524396
"34",0.96591459812947,0.507046871705087,0.559259096563565,0.506097131367177
"35",0.938923219434524,0.406639825956232,0.462491190032116,0.405238851271021
"36",1.25568632233971,0.615735818060071,0.661649320997824,0.615271714726662
