"","v_bh","v_daily","v_mon","v_con"
"3",0.532281979711416,0.304419021154999,0.321234959722007,0.303248078522262
"31",0.655686841257644,0.383441892754436,0.403077800346617,0.382567574773099
"32",0.373032484533423,0.18684492834835,0.201142268147348,0.185989665157973
"33",0.301066882733752,0.070554826549893,0.083856963117196,0.0695753074230826
"34",0.235036262095095,0.0362171175720382,0.0435838508133851,0.0362301995146252
"35",0.44820048206087,0.229575452746785,0.239662576498827,0.22898058964059
"36",0.529906757191078,0.300320542139232,0.311322430495467,0.299919871333512
