"","v_bh","v_daily","v_mon","v_con"
"3",1.21247669482808,0.556387352379466,0.622914973624051,0.554283135946886
"31",1.48239358572002,0.684268975498329,0.74396926984688,0.674923169935379
"32",1.65848013039693,0.820556635055162,0.893248721599988,0.817468005264247
"33",1.213375971558,0.569530727784176,0.629460001307749,0.564003262872303
"34",2.3389993885103,1.18599738374555,1.30845320766395,1.17812082843396
"35",1.94647479345917,0.957321215665352,1.07288336872508,0.957487153894074
"36",1.61224371618229,0.781459870472926,0.850188287052349,0.782472460854198
