"","v_bh","v_daily","v_mon","v_con"
"3",1.38529285289386,0.648164298404291,0.689712449313965,0.644793990968562
"31",0.992558405683086,0.4194415658506,0.447284152623821,0.416906710530554
"32",1.18185804074181,0.579639776123315,0.633205188242399,0.573759928825025
"33",1.09330044960371,0.521585243088824,0.545113627482297,0.517463889539923
"34",1.21177100777367,0.621174984273092,0.660238504622861,0.62141790970422
"35",1.60956848917782,0.75500962897927,0.81714105473566,0.751685888626475
"36",1.04875344719323,0.536125451857719,0.568726548442935,0.53391828077663
