"","v_bh","v_daily","v_mon","v_con"
"3",4.21884781789439,1.33305577611394,1.49556781123565,1.32163923167773
"31",1.43276422297843,0.640563767162342,0.687329523487899,0.638219907754492
"32",1.62281577196508,0.807067105454267,0.866150014808329,0.805949234857728
"33",1.88596697333399,0.867259262613209,0.921822956911902,0.859345891618227
"34",1.7372431193096,0.786289216116944,0.846594612689446,0.779380906259214
"35",1.68068933613658,0.758017978686642,0.838757969224387,0.757823617838315
"36",1.8702264442352,0.707186938070244,0.775511604073746,0.708456948504877
