"","v_bh","v_daily","v_mon","v_con"
"3",0.941913073861863,0.501356612318455,0.534424875712646,0.499198015569024
"31",0.714481603414567,0.34398687894524,0.37857199357542,0.342154530607859
"32",0.581384403501934,0.246379373749139,0.273805280499362,0.24611089323838
"33",0.691529119207548,0.321114832879028,0.348360158093394,0.320229322975806
"34",0.996266142274493,0.529476695885056,0.565961191698108,0.527764211730287
"35",0.668845766873398,0.30365886838398,0.334173513844289,0.303319645601297
"36",0.563457833415115,0.23511699518468,0.258697204403682,0.234072814036941
