"","v_bh","v_daily","v_mon","v_con"
"3",1.66645408342024,0.794819798395519,0.868078720383544,0.790246503468598
"31",0.801000116620061,0.296909232022347,0.340804336739964,0.296644986875792
"32",1.0722652958523,0.572825817103709,0.620019721382311,0.568653668697213
"33",0.983739096899508,0.536268023056087,0.579056497203017,0.535589505604413
"34",1.32705889455448,0.668134293491861,0.71862722648845,0.665224372200675
"35",0.833852176378047,0.324111728604904,0.367249934225029,0.321693737097436
"36",1.22251996101732,0.616081785011667,0.654031077919838,0.618069524527196
