"","v_bh","v_daily","v_mon","v_con"
"3",0.622970556290388,0.242443402901957,0.280685142416965,0.240461851569444
"31",0.886754264168738,0.435638393452046,0.472753247982609,0.433606308382609
"32",0.998820556043068,0.508416988242489,0.555185926024671,0.505009004100892
"33",0.828822473388401,0.362918248119192,0.411215315850123,0.359941445956355
"34",1.13927904386918,0.52807934268725,0.569430703425646,0.527844997974383
"35",0.960434022640602,0.450237087164938,0.48235654414989,0.446132567436946
"36",0.943287900659656,0.446477129025731,0.493915488524689,0.445951297031688
