"","v_bh","v_daily","v_mon","v_con"
"3",1.24058690980581,0.653919202271149,0.693109076796117,0.654286590897297
"31",1.23538280826487,0.625471463914518,0.660311657636994,0.622540514654744
"32",1.15430689998262,0.594929428321552,0.641131164299299,0.593315478842356
"33",0.693675783976418,0.217289218504333,0.250992233714715,0.214222280344212
"34",1.04667013292442,0.495093953011908,0.527899455131371,0.492626528126623
"35",1.14572334528517,0.490574974722313,0.529060207597909,0.486437664796333
"36",1.00019718353558,0.516235310827079,0.549327793261802,0.513289596153383
