"","v_bh","v_daily","v_mon","v_con"
"3",1.30982659637699,0.591195628549963,0.651702296912059,0.588501394675764
"31",1.11274005541444,0.514723631716223,0.577985156102898,0.51268355749969
"32",1.28205199499744,0.544381232815718,0.612699713078011,0.541100804477487
"33",1.75793919412577,0.748920170583595,0.833893042349139,0.739440527063138
"34",1.19513443456703,0.565471056467876,0.633864383722475,0.560248616428496
"35",1.58745558632359,0.747625820621487,0.840169596341936,0.738182195543285
"36",1.24524739319417,0.637379607116709,0.686444337729731,0.634412168346889
