"","v_bh","v_daily","v_mon","v_con"
"3",0.213126545425675,0.142472898986766,0.147509625725899,0.142493434147461
"31",0.0439782751274468,-0.0259379876558694,-0.0204515467451545,-0.0259715721235475
"32",0.166507997677125,0.0952844801129709,0.0997822322708314,0.0949568296189487
"33",0.0833509748765173,0.0112215153110809,0.0155935223716997,0.0110923746397751
"34",0.0833509748765172,0.0112134012973517,0.0155321494304923,0.0111138738435343
"35",0.018964308180958,-0.0519767572853806,-0.0484226354285451,-0.051924108750446
"36",0.119850943157779,0.0553497327951125,0.0585271764952295,0.0549115018599627
