"","v_bh","v_daily","v_mon","v_con"
"3",1.00995990849514,0.463787432308103,0.511130089840145,0.460279307867859
"31",0.927188001164905,0.382950017441039,0.416552216988259,0.384940792698391
"32",1.27848578054932,0.66579169228963,0.698731967227804,0.662531049400249
"33",1.37762696977718,0.739646277405625,0.800169326660721,0.735694372356051
"34",1.13892764699358,0.630774014121857,0.658104522015634,0.627987513463838
"35",1.73728535201482,0.718734275191551,0.764569677508397,0.714986457656598
"36",1.23986406256889,0.630245505356055,0.673285063428497,0.629458508773476
