"","v_bh","v_daily","v_mon","v_con"
"3",0.164473241362823,0.0922339359514182,0.0981258520093005,0.0920043237210312
"31",0.21489774968397,0.145267544158854,0.150378641305082,0.144769710531644
"32",0.149299241121536,0.07356154617975,0.0806747973167615,0.0734376634352488
"33",0.206029315392834,0.138384426918003,0.145211075758991,0.137882744721605
"34",0.206029315392834,0.138386394771893,0.145117446684014,0.137885840311835
"35",0.170412626266101,0.0923322439307118,0.0989897988922181,0.0918239141581246
"36",0.406432707288935,0.333064942355338,0.339617539070135,0.332524292067076
