"","v_bh","v_daily","v_mon","v_con"
"3",1.09534330196436,0.520212950730155,0.554349443475224,0.51628075427521
"31",0.820403698891092,0.308020986597437,0.340373013289651,0.304759863950115
"32",0.912610402367787,0.492201419400677,0.512461999263247,0.493196253501645
"33",1.12431552655027,0.636016167623374,0.675182232253115,0.634278113372812
"34",1.11439967386553,0.566929436720298,0.599054392585498,0.56233712582528
"35",1.22176145994001,0.647242556073881,0.686313047435819,0.647054078813593
"36",1.31341500558365,0.701765186426764,0.733999905007648,0.699144930588273
