"","v_bh","v_daily","v_mon","v_con"
"3",1.12083791292217,0.583148529958179,0.631673820819383,0.582617860676834
"31",1.01602543653752,0.528941140765393,0.564649265876865,0.526553711849336
"32",1.26502624048484,0.658861112350101,0.691355186000236,0.656357983620955
"33",1.03308687897465,0.561848508343047,0.593242448590152,0.561277420770803
"34",0.779015370606531,0.303304324861827,0.336834773271913,0.301421519224247
"35",1.28280073231266,0.730876586392091,0.780649694059587,0.729145237266528
"36",1.02398544647715,0.505440957226373,0.546515736449341,0.506199096080103
