"","v_bh","v_daily","v_mon","v_con"
"3",0.744884872124245,0.383492091217562,0.413052532065596,0.382471545292588
"31",0.809815795772835,0.44714958267078,0.471562183127356,0.445987336482233
"32",0.710158326625241,0.347691633680846,0.364136097847784,0.34741199030137
"33",0.737190658252966,0.375877930731249,0.401180023861195,0.37512278755246
"34",0.925123519700324,0.463756065692358,0.486104636538726,0.460945811889673
"35",0.753965468130235,0.372087010005231,0.399652205922964,0.371685031453654
"36",0.702041358486495,0.32676572327,0.351321166202026,0.324236568131092
