"","v_bh","v_daily","v_mon","v_con"
"3",0.877406853884616,0.381914106818324,0.420612122301864,0.381615157541698
"31",1.54398750208808,0.620463373010603,0.684636918737019,0.619019240101697
"32",1.40300635451511,0.66768530783927,0.713854068178652,0.668812421273593
"33",1.60523822963757,0.802614784853659,0.856696047968734,0.800278730222929
"34",1.3754432075312,0.689344607967924,0.75563385298349,0.685285295865623
"35",1.35689059693481,0.698780228269243,0.735105535317717,0.692954636364551
"36",1.35853208596433,0.724121377884365,0.781599001241026,0.722567244557213
