"","v_bh","v_daily","v_mon","v_con"
"3",0.397381995099063,0.203749660958056,0.220992594878215,0.202405189675774
"31",0.339028386750233,0.0836237330616161,0.11170791218475,0.0835421214751417
"32",0.415387500770474,0.22313848506673,0.238940668176726,0.222315757129955
"33",0.286120289792459,0.102501230679281,0.121132665490157,0.101267472841072
"34",0.741488905870631,0.423065886660051,0.458414189136566,0.422118878892128
"35",0.602440616486729,0.364435486035231,0.38349677636219,0.363686700219412
"36",0.454327630633596,0.239800093224201,0.261520217168347,0.237999741262158
