"","v_bh","v_daily","v_mon","v_con"
"3",1.44432540960149,0.676681172797201,0.742379201962715,0.673291397468889
"31",1.20071609172501,0.564335449834712,0.633123791202342,0.558784316669537
"32",1.40705930967973,0.630013098876557,0.694892034475386,0.625657369953678
"33",0.913193842969154,0.364323406954336,0.419359425757899,0.36418798732657
"34",1.69060203732179,0.721866680088274,0.77813072190007,0.715561895806372
"35",0.970544692754947,0.432187412232811,0.479133982947981,0.431118080637787
"36",1.3866863575202,0.64029699778972,0.710801352371816,0.637002004909057
