"","v_bh","v_daily","v_mon","v_con"
"3",0.473823969394325,0.22102549732737,0.242795794132576,0.220345234481988
"31",0.338888617705663,0.0477864305785067,0.0621199344085806,0.0479680758221831
"32",0.632214332375836,0.309386447487697,0.333754295156603,0.309112917647058
"33",0.401663256051769,0.157383780147101,0.176105240283686,0.157800062960793
"34",0.725933986875639,0.442747973504682,0.461925802577706,0.441282643824076
"35",0.610846773616233,0.305271411777118,0.320795918104081,0.304898994356212
"36",0.729343444287003,0.388018486613336,0.405529871073809,0.387006325632896
