"","v_bh","v_daily","v_mon","v_con"
"3",0.368678325899196,0.145185369122569,0.162117416201905,0.143867711700349
"31",0.473100671958417,0.239304736504099,0.263684171637777,0.238242102226158
"32",0.470393745621982,0.227897341213056,0.251874731931491,0.226892115500687
"33",0.238403282004531,0.0196333532094963,0.0405477194182658,0.0187088888026434
"34",0.405486830741434,0.202596366342526,0.222796021002231,0.201286710814526
"35",0.351035018847236,0.13141480944489,0.14762759116017,0.130215864696182
"36",0.404266557851549,0.216127011831258,0.233402840764958,0.215338708456084
