"","v_bh","v_daily","v_mon","v_con"
"3",0.979164835953224,0.441877731510485,0.504039186801679,0.440814048122827
"31",0.860739126044163,0.411309148899755,0.453405207796953,0.410416782632513
"32",1.43311337308092,0.738743859286879,0.792821325593317,0.740020581231248
"33",0.839597865512105,0.396177348850212,0.433670144238866,0.393807351486136
"34",1.12886857996461,0.525375524554114,0.581302356748222,0.521553370331526
"35",0.87765620634347,0.392849616255692,0.442433163525966,0.39176886736912
"36",1.16081195350453,0.521605296411556,0.570822138871864,0.520224037122167
