"","v_bh","v_daily","v_mon","v_con"
"3",1.36530894731866,0.647839739689124,0.680409479808795,0.6481057037356
"31",1.30785688749094,0.675509341539136,0.707542083611217,0.675725563015307
"32",1.60091657752698,0.773589586330939,0.814895991739756,0.774527729853792
"33",1.25480162909782,0.701259824132292,0.733327943822623,0.69847777637959
"34",0.900719018548332,0.361245656503155,0.39600677461691,0.358519759155667
"35",1.02015349192776,0.464950619971535,0.507393966103518,0.46315868396038
"36",1.32141525341481,0.582256166248956,0.632314481858032,0.581703929171402
