"","v_bh","v_daily","v_mon","v_con"
"3",0.0136724923381743,-0.0580380020170656,-0.0521581987258566,-0.058416009767589
"31",0.0619634305681236,-0.00409367868094363,0.000105485642028438,-0.00439790828600714
"32",0.0761450631476733,-0.00429265048384151,0.00289444058734899,-0.00458884573872012
"33",0.115099120841284,0.032690835714734,0.0381705765182442,0.0325663424745134
"34",0.115099120841284,0.032665983974023,0.0380932968373369,0.0325654095679559
"35",0.0682289806247825,0.000396148666105515,0.00451030249661726,2.85570608619312e-05
"36",0.166875184960029,0.0865798388707014,0.092069131373403,0.0863127260347674
