"","v_bh","v_daily","v_mon","v_con"
"3",1.70676636811758,0.760135136249919,0.840116728609593,0.758541874070994
"31",1.21218649331585,0.57906684799957,0.631404126654883,0.578451203603111
"32",1.06632099213807,0.456879348996263,0.498107215464667,0.454145843344179
"33",2.36670484764604,1.09790850368807,1.18997148474507,1.09408834705695
"34",1.29077282068337,0.632699704896265,0.688776325402446,0.632894244552909
"35",1.90732174700935,0.82937892718899,0.901640723144093,0.826785417507127
"36",1.7893348629501,0.880157379681283,0.950243573698128,0.876810164888347
