"","v_bh","v_daily","v_mon","v_con"
"3",0.785523270229394,0.42280314347109,0.452983629250368,0.421803304187894
"31",1.03915640303359,0.526486996754967,0.570347675339059,0.524878697058314
"32",0.738691598112452,0.405626024131732,0.434149120150824,0.40536201605525
"33",0.851458796962815,0.485922159025294,0.509152124465321,0.484012905854823
"34",0.824814650904511,0.400452761962558,0.433480889266127,0.399599678820478
"35",0.868458389623824,0.419915554092493,0.457265123460837,0.417420596293107
"36",0.782226379024569,0.419853079928631,0.4495179496188,0.418314360377582
