"","v_bh","v_daily","v_mon","v_con"
"3",0.401004282419251,0.176192839848809,0.198595267011327,0.175033240978087
"31",0.265857368319725,0.0620074544240148,0.0813681810409038,0.0614273607393711
"32",0.382883037246696,0.158649168270693,0.180833333189817,0.157842474462887
"33",0.326327317690947,0.130644781968596,0.143348210255208,0.130078895011011
"34",0.326305904082192,0.142807526585906,0.160193676756123,0.142466901164624
"35",0.42926530990148,0.22299723197142,0.239070117156982,0.222034889166145
"36",0.353578439356795,0.128138186453008,0.151765879433159,0.128033724598724
