"","v_bh","v_daily","v_mon","v_con"
"3",0.836326805141514,0.420108913971586,0.461264935773503,0.417422562302669
"31",0.657992327608297,0.287675299072943,0.320018269670009,0.286295883455655
"32",0.73419495938669,0.377478359363341,0.41212222074809,0.375382662097687
"33",0.654243308110556,0.264899748180752,0.293120635813599,0.263643181793864
"34",1.73673131739031,0.833707326956653,0.905058346699643,0.82767350965629
"35",0.919425337573445,0.51811817039893,0.54737673752216,0.516945485454726
"36",0.839897777857402,0.472617629743113,0.50597701112722,0.471907177187892
