"","v_bh","v_daily","v_mon","v_con"
"3",1.97262002671354,0.813212592010718,0.906546735556565,0.805461216892881
"31",1.56517808859321,0.647505058864053,0.71072727082852,0.645408333378603
"32",1.5786505260746,0.779649162630872,0.842887618869385,0.781483612833571
"33",1.21431750589228,0.577050073634626,0.628746615503177,0.57471787626366
"34",2.06058612445623,0.843795444694608,0.920576001955432,0.832858804373975
"35",1.48827909797414,0.654943933917429,0.699904393589476,0.652102216735717
"36",1.74376946322622,0.728783128471922,0.78568265582038,0.724419985040063
