"","v_bh","v_daily","v_mon","v_con"
"3",0.895145693623817,0.434860849524748,0.468000454260204,0.433929574520856
"31",0.529973097600434,0.229342165026985,0.257600667833605,0.228847981469848
"32",0.898556480922912,0.496579055521659,0.521584245271468,0.494556647690569
"33",0.844496860615427,0.453854238791091,0.484951525445092,0.455029355058541
"34",0.760604453230362,0.354425518401627,0.377723109031193,0.353735863914523
"35",0.937682021024068,0.481774764620482,0.511869021783467,0.481212884047
"36",0.651052960844038,0.30941062632404,0.333980106382965,0.309266928035336
