"","v_bh","v_daily","v_mon","v_con"
"3",0.941925461405682,0.452786152611369,0.487631445882459,0.451395681876036
"31",1.06737324842925,0.541767365208668,0.582965422726054,0.539669983295242
"32",1.37560821872406,0.634017766144145,0.685849928634028,0.632234663917591
"33",1.02220011315435,0.488518441283545,0.529736896123562,0.485174625222426
"34",0.782596407541299,0.350607884543069,0.385636118432097,0.347827211249795
"35",1.12675809773124,0.571013768382588,0.610178803292386,0.570768471270597
"36",1.04463496138055,0.474038350755061,0.524290704809215,0.472744176565411
