"","v_bh","v_daily","v_mon","v_con"
"3",1.29544211241299,0.588451761627525,0.621420919317511,0.583303152146941
"31",1.82600136545348,0.881716074750975,0.952565658885166,0.877839008373814
"32",2.00400937977454,0.852216706405801,0.922591739677396,0.846603416636759
"33",1.29077282068337,0.632167172353359,0.678169334019767,0.632880640698736
"34",1.27405336469565,0.653234627855072,0.714536937169678,0.652507037418222
"35",1.70296139558282,0.840332395181663,0.893061262525942,0.837610682959696
"36",1.43363442801549,0.701805779348914,0.745874471252521,0.699157572483657
