"","v_bh","v_daily","v_mon","v_con"
"3",0.834796420831304,0.392878865097034,0.422212997261477,0.388158401189386
"31",0.66616605849665,0.295607998478634,0.325481510300148,0.295229236532636
"32",0.774200871411328,0.387332547660689,0.407972560664592,0.384353653268054
"33",0.672349842389633,0.265265451913427,0.296915273832785,0.264866909422814
"34",0.645581172308232,0.256334047432436,0.281793403175109,0.254313867162056
"35",0.733307190542963,0.273577760199783,0.300722926988468,0.272642359903
"36",0.747227567881351,0.298555918656151,0.323956049625739,0.29837759278803
