"","v_bh","v_daily","v_mon","v_con"
"3",0.616885440868514,0.349604113638017,0.37099105855381,0.349541256421683
"31",0.788936598176226,0.412324684093067,0.442674094167114,0.411118109311659
"32",0.828968865436717,0.456855347988006,0.490526061024176,0.45742171342573
"33",0.527742950964605,0.241092901906921,0.269185161821927,0.240568856644095
"34",0.713015670578769,0.414297120489249,0.435687860621784,0.413975195714692
"35",0.722923321931833,0.4360196381657,0.45897820879514,0.435081930110059
"36",0.441485335691534,0.151826556113749,0.177598351708507,0.151827568786554
