"","v_bh","v_daily","v_mon","v_con"
"3",0.324406425788474,0.128916202966747,0.142783964652213,0.128731616994885
"31",0.584734177957223,0.349252045235567,0.365309592065377,0.348566330882442
"32",0.392396387558725,0.151586258348016,0.173977809265343,0.151202759931716
"33",0.346462765097973,0.140829085635161,0.154675808940428,0.139933528531601
"34",0.550829272963644,0.326992214118979,0.342987007025658,0.325177505500783
"35",0.319855378109493,0.116070906625747,0.133543954157997,0.115307435300014
"36",0.489430539397019,0.285092716981444,0.299238948103082,0.283963538376471
