"","v_bh","v_daily","v_mon","v_con"
"3",0.372983859761134,0.225258631123507,0.239193695211067,0.224955132963651
"31",0.168783298822545,0.0340140550938921,0.0476722265097601,0.0328695195453476
"32",0.249151393226977,0.0984710760023453,0.112075008074091,0.0977964963814892
"33",0.430868260719161,0.269595737897016,0.284132926009795,0.268804085397307
"34",0.266641076621918,0.114771331268714,0.132198703313113,0.113313911459817
"35",0.334212003504208,0.190144546021387,0.198829861676827,0.18954225612995
"36",0.530849976644872,0.356979092329021,0.369367110023872,0.356572677624602
