"","v_bh","v_daily","v_mon","v_con"
"3",1.31442259453148,0.656394855464484,0.715934943312817,0.65375128260628
"31",1.37679719363613,0.676565248132825,0.7249331568557,0.676223075126421
"32",1.27563262196585,0.648863166503195,0.697085652247347,0.648054627221891
"33",1.13834276731448,0.527457863944835,0.585162293329893,0.528770368573557
"34",1.19775787867392,0.450282750108414,0.50879088133025,0.446332585718182
"35",1.32520888004749,0.733535710313897,0.789731519034651,0.733131696977396
"36",1.1626239364048,0.551845032044982,0.610776474120947,0.550461441430563
