"","v_bh","v_daily","v_mon","v_con"
"3",1.20183459483461,0.478334116326058,0.513457858145496,0.475239100302533
"31",0.919703670834084,0.365051881943135,0.38860858779292,0.365462014207779
"32",1.43364988151621,0.552037010542954,0.611190657803376,0.551436121186621
"33",1.37443123444497,0.656017259754786,0.711628855669083,0.651945427689814
"34",1.1721919475422,0.605505024159304,0.661418499895443,0.605640014197174
"35",1.06932622099671,0.467235445020116,0.520911940290846,0.468672174358341
"36",1.37727694675212,0.726206049467786,0.771297455183291,0.72353354670783
