"","v_bh","v_daily","v_mon","v_con"
"3",1.05948652655232,0.463852461298358,0.522325601017809,0.46022359530571
"31",1.0868801709996,0.485103789731208,0.542284653834012,0.482941909557035
"32",1.17046552452224,0.676772965676534,0.713810187700405,0.677527323484308
"33",1.09651900241411,0.539091518205069,0.59380702252178,0.537788215986963
"34",1.41219495635426,0.660667137649274,0.727074608845842,0.660200718967573
"35",1.12561314420895,0.477228657165489,0.548050129599233,0.475579304278522
"36",1.47656702987061,0.735489365300153,0.794249638347495,0.734427052793242
