"","v_bh","v_daily","v_mon","v_con"
"3",1.03386900264854,0.495435205616781,0.521775558810188,0.49303930504246
"31",0.950087931584606,0.390761492080839,0.411719345051879,0.387408427277536
"32",1.36428968515705,0.724364167856397,0.764928170916129,0.723104179407493
"33",1.37888771512496,0.728475068703254,0.77922032097773,0.724590003174491
"34",1.36740353047019,0.605880329786892,0.636064876642439,0.605548604357829
"35",0.99411820900574,0.462838558252499,0.482894148321828,0.463313856347061
"36",1.21996653930737,0.561162613793166,0.608923451468034,0.556845211529721
