"","v_bh","v_daily","v_mon","v_con"
"3",1.03651829551656,0.468220481735128,0.524379238479193,0.467680393203423
"31",1.25267426874674,0.618619213816895,0.699105063690777,0.614304374256321
"32",1.30260343663716,0.666455977066246,0.720162826256501,0.662786182304271
"33",1.52243196697923,0.70250465329838,0.772054790600255,0.695939742105823
"34",1.39813615140063,0.640389857582729,0.705171350488132,0.638714038738195
"35",1.3201881997443,0.559936808180506,0.627329854208334,0.560016446544937
"36",1.1790747527487,0.590018496384958,0.632098678411693,0.586083288504526
