"","v_bh","v_daily","v_mon","v_con"
"3",0.0868444408878082,0.016054835635303,0.0213061491149683,0.0155752729876843
"31",0.00410531521880413,-0.0576208074090601,-0.0520037401294889,-0.0577240686798751
"32",-0.0327046641331411,-0.110182282660769,-0.104299722535288,-0.11036627065473
"33",0.224934109363514,0.135193130150611,0.142492231691074,0.134964294839001
"34",0.224934109363514,0.135188572838093,0.142420568400778,0.134949615218771
"35",0.0519686211128024,-0.0198469886232121,-0.0147598852239015,-0.0201962274697013
"36",0.140331995166087,0.0680103728644196,0.0739823534051093,0.0678018244662965
