"","v_bh","v_daily","v_mon","v_con"
"3",0.428630829912586,0.186240586729123,0.205122917442914,0.184975940552644
"31",0.640052436725564,0.332586627813289,0.359416250551376,0.331953061766698
"32",0.504490852515391,0.2135137148269,0.235062253887563,0.212955149290801
"33",0.534117175157027,0.206048211859468,0.227213870770366,0.204239036161465
"34",0.719991639585218,0.40703203853463,0.432830169361012,0.406059297300587
"35",0.601341085394554,0.309805274978538,0.327008852784036,0.308890404266402
"36",0.670075572434105,0.374381031922313,0.393680337663538,0.37331635535645
