"","v_bh","v_daily","v_mon","v_con"
"3",0.774432683881601,0.383086927362632,0.419222943863891,0.383524538545191
"31",0.744308690895551,0.448565842328021,0.475783244264202,0.446554398160248
"32",0.570236394394867,0.292229412174239,0.318379283218892,0.290656525919967
"33",0.989620172434392,0.523935714191043,0.576030260890048,0.522399007266682
"34",0.735202518674065,0.391159384396204,0.423355996540794,0.389708846608369
"35",0.490949220038612,0.243174445915475,0.276107030853199,0.241496041610137
"36",0.649031643365645,0.323773596483508,0.349009015250021,0.322097483183587
