"","v_bh","v_daily","v_mon","v_con"
"3",0.581980501217124,0.311332424317603,0.333994162757672,0.310103816004997
"31",0.733340948752345,0.387658389261977,0.419745229936175,0.386080914782273
"32",0.503107284524517,0.212350890014088,0.232141901572545,0.211648941142573
"33",0.619642730120606,0.34102126819965,0.363919870193493,0.340100739278517
"34",0.490709893572965,0.206460578820909,0.226881061334966,0.2056221509686
"35",0.521666794756192,0.242464078790396,0.261752696361808,0.242693429286147
"36",0.491988481850233,0.211873996687453,0.232877469476647,0.21054478261719
