"","v_bh","v_daily","v_mon","v_con"
"3",0.462465832612283,0.311535662812131,0.320292416417255,0.311265391459418
"31",0.35981367920393,0.173765853036002,0.18715988418847,0.173514670497936
"32",0.304959055781325,0.125367397592274,0.135847117316492,0.124781079865843
"33",0.329214367808384,0.189356334776828,0.199377044603159,0.189395489717372
"34",0.329214367808384,0.189340610953206,0.199230585861998,0.189395470993116
"35",0.457449995315374,0.280164814520237,0.293170440658645,0.280590941410342
"36",0.321440830429754,0.146652251272614,0.157316050890659,0.146533066174877
