"","v_bh","v_daily","v_mon","v_con"
"3",0.355896733327615,0.27866361815035,0.286429636321615,0.27834819306528
"31",0.180755847946882,0.0947284362714427,0.102552296837398,0.0948030988682148
"32",0.111736158562454,0.0179191697724229,0.0257832072178879,0.0174887033654682
"33",0.286123260113454,0.212795191942765,0.219420172584504,0.212277257488385
"34",0.286123260113454,0.212782509589512,0.219336925187922,0.212288551076866
"35",0.221153142361632,0.154202435255505,0.159618428659736,0.1539238242007
"36",0.0309653829147958,-0.0453073860552072,-0.0380146626041246,-0.0454501334774129
