"","v_bh","v_daily","v_mon","v_con"
"3",0.958463361682764,0.480554801078894,0.513398833582455,0.480427708378153
"31",0.898614794998884,0.429899386601021,0.480312753293247,0.427698376823768
"32",1.51495994901309,0.689019642717827,0.762106830783505,0.689221747814773
"33",1.20713409299685,0.537510488329526,0.585536831415527,0.533011932650232
"34",0.781391495682295,0.311017081246943,0.347896692430186,0.309669850627543
"35",1.03735897592859,0.469381107263983,0.503559631537689,0.469324743899037
"36",0.986264936777553,0.427187671715284,0.464632729900567,0.426158076004418
