"","v_bh","v_daily","v_mon","v_con"
"3",0.270064916134688,0.10783179486122,0.123970710379179,0.107269231521515
"31",0.228782361039086,0.104259211743261,0.117281644638619,0.103919081220482
"32",0.012197330835759,-0.113503106791646,-0.101182472656025,-0.113432246718836
"33",0.48319264513789,0.32403049749218,0.339351817080608,0.323477906602711
"34",0.103651601781867,-0.0167536771028735,-0.00677953937880557,-0.0177071229659502
"35",0.356191466886819,0.188938961818974,0.205726816902002,0.187615851495612
"36",0.444545016795823,0.310752283048659,0.324640280755853,0.3098477600837
