"","v_bh","v_daily","v_mon","v_con"
"3",0.696411838053285,0.312756772448722,0.348578272125609,0.310381852055532
"31",0.820726928372895,0.384887377333459,0.42225887471056,0.3834415653631
"32",0.801522065973527,0.383047853818411,0.421256917219548,0.380131995456741
"33",1.20111083984378,0.64480476622412,0.696924829822044,0.643744194003062
"34",0.932861259399719,0.448579033928668,0.494712918698072,0.447341039076723
"35",0.753310166699707,0.348048610650911,0.387418616128731,0.345072832948542
"36",1.17440881738985,0.599230746592481,0.646217307703681,0.59594946984948
