"","v_bh","v_daily","v_mon","v_con"
"3",0.701229975847216,0.313876069121426,0.34880329840695,0.313147317854536
"31",0.539207691553804,0.237690698325804,0.263258855059739,0.237941607221481
"32",0.748020342537323,0.359009345222637,0.393948202993039,0.356447561467034
"33",0.551251339123363,0.234852372829345,0.260795186436512,0.234147026135499
"34",0.360282225353432,0.0760218996734369,0.0966457875340089,0.0756231762165041
"35",0.729200462804029,0.312111828926932,0.339094248569595,0.310173274625519
"36",0.506214939175762,0.226729012916613,0.25215760834804,0.22511965649817
