"","v_bh","v_daily","v_mon","v_con"
"3",0.604380857658302,0.249364439937918,0.275563388382964,0.249199887670403
"31",0.520653178789825,0.264018822575924,0.284042505889887,0.263444276241935
"32",0.539805176146852,0.246780565628421,0.266807761915709,0.246418577925027
"33",0.449920571199594,0.203898871475235,0.22427970180777,0.203616000078112
"34",0.794684128729869,0.473569497595552,0.498764810136394,0.471974898038883
"35",0.400982021445914,0.147422270457705,0.156345370023013,0.14700046153917
"36",0.461792328321176,0.179814807594945,0.197147690107545,0.178696114260991
