"","v_bh","v_daily","v_mon","v_con"
"3",0.801794091302782,0.402426882585534,0.437971313812929,0.400061026442737
"31",1.29985265677757,0.632739355229058,0.673964741291285,0.63323434484742
"32",1.27764608308381,0.633574392332365,0.676787730462274,0.632862032691387
"33",0.961724447259912,0.435106525193399,0.489813379345183,0.434074961886332
"34",0.963027626958798,0.525050883109128,0.551151252996421,0.523134924286423
"35",1.49896737360907,0.832207537184417,0.878262907486645,0.831708283837224
"36",0.821650029581147,0.370396259648966,0.397248680801437,0.370067702167055
