"","v_bh","v_daily","v_mon","v_con"
"3",1.29748871116907,0.607221206672209,0.673493951065573,0.607163078495475
"31",1.30805420532173,0.594662001649547,0.646732395373906,0.593580395927527
"32",1.80920362750849,0.815000090338289,0.935018975628226,0.814151866700331
"33",1.65759570957956,0.789024098696851,0.870266722553091,0.778983904018059
"34",1.2831217374922,0.541952846694825,0.618802073380619,0.540202003234933
"35",1.43749655181106,0.649569252395696,0.713891989782062,0.64502415976976
"36",1.45950907402692,0.746424431338391,0.806230105431794,0.739451454845972
