"","v_bh","v_daily","v_mon","v_con"
"3",0.561590952419721,0.281039476121801,0.299367574485211,0.280730122882266
"31",0.341995655851071,0.0549721891228321,0.0740827068244166,0.0537737092327438
"32",0.629160410956076,0.334672977342769,0.348015514612683,0.333881816326789
"33",0.517479629371162,0.23004923619786,0.251999921463601,0.228875068063475
"34",0.820394088903302,0.475379802780136,0.497947185849934,0.474946455770756
"35",0.648455125995508,0.338208623629048,0.354145250398248,0.338079480307788
"36",0.728988804042711,0.379055034872824,0.401882527064648,0.378800816589697
