"","v_bh","v_daily","v_mon","v_con"
"3",0.329392951054386,0.161983035812563,0.177171058048536,0.161402228006703
"31",0.253178585131025,0.133770348534618,0.144583726747328,0.132945488166278
"32",0.509015955759489,0.360913411877823,0.373030030881082,0.360690219969773
"33",0.289660153189814,0.144106377783372,0.159200864088953,0.143696950114704
"34",0.0232975553390297,-0.120801067679332,-0.107763369105864,-0.120998698803105
"35",0.309174182687428,0.152950202346172,0.167282371931631,0.152795366026734
"36",0.338064949952564,0.20610239729143,0.215413380703255,0.205330703039807
