"","v_bh","v_daily","v_mon","v_con"
"3",1.27600142847215,0.665280631882222,0.730380397801173,0.659191280360348
"31",1.36768747040224,0.693519698575569,0.751941558414612,0.692471931402382
"32",1.33809849113698,0.692484185088014,0.739157752973505,0.692584746218457
"33",1.31037377976248,0.637044106468385,0.697282533064619,0.634627878734005
"34",1.40802020945189,0.776895205211616,0.840498086193683,0.774252925282783
"35",1.56094523673381,0.731082507862461,0.795424427907901,0.728253851897669
"36",1.43286518579578,0.672971942458895,0.73337685078448,0.6698140518494
