"","v_bh","v_daily","v_mon","v_con"
"3",1.3752074716164,0.689867435914704,0.752103952345335,0.689511992970688
"31",1.70938272882664,0.673633469017873,0.760849593001644,0.672843368004667
"32",2.05747850857858,1.030084089175,1.08419040667392,1.02627921839725
"33",1.64875015703257,0.76939591630953,0.842700107980917,0.767332919950362
"34",1.40263212919341,0.667652624094607,0.723176434616066,0.665006200213443
"35",1.57722736218363,0.745998837985837,0.797771699823725,0.747458511284452
"36",1.6234162094566,0.829780110922144,0.875569579141241,0.822396952937435
