"","v_bh","v_daily","v_mon","v_con"
"3",1.2761580927865,0.541251658835725,0.586123890601112,0.541238116818495
"31",1.50909233607183,0.676374564227751,0.73046595495853,0.673272400636733
"32",1.24766266983762,0.545074858469969,0.595556359611915,0.541205411536576
"33",1.1229646082936,0.473990135008435,0.531550539940028,0.47265306979808
"34",1.56726327446889,0.793657187009191,0.846336327178127,0.79559323439287
"35",1.4732853001461,0.626713631980614,0.683157461899595,0.620459713776079
"36",1.3061900541395,0.590449848100905,0.631943070321041,0.584080081310168
