"","v_bh","v_daily","v_mon","v_con"
"3",0.527648116202406,0.256583357913446,0.280020606971024,0.255024930606156
"31",0.323486622685845,0.121962564557353,0.139514266562448,0.121181533591668
"32",0.566130164571795,0.327588715787867,0.348145373227156,0.32708581722996
"33",0.41811506796688,0.202239644099088,0.220053304247226,0.201262749700955
"34",0.362893299370869,0.161148428930975,0.177335079150118,0.160606270394728
"35",0.650459561992566,0.39251612794569,0.415126926714073,0.391656022702213
"36",0.285471050591567,0.0977438485049274,0.115408815336047,0.096942354798291
