"","v_bh","v_daily","v_mon","v_con"
"3",0.990347892738913,0.489442476370177,0.517004938886892,0.489422796065599
"31",1.51014869849601,0.806543507269328,0.839341502524854,0.80359575473337
"32",1.16350183717372,0.570250503705518,0.60502774675586,0.568741161593059
"33",1.16480894596975,0.518102802774519,0.543851188705663,0.517884797516897
"34",0.87859737973287,0.393071932871291,0.415894414739355,0.392512577804117
"35",0.730821809891347,0.328228608200744,0.354179122895412,0.327807380564871
"36",0.932437584589239,0.439242251037975,0.483594677790608,0.43778003182255
