"","v_bh","v_daily","v_mon","v_con"
"3",1.12581501197545,0.524777009935116,0.567960295487063,0.520895069796458
"31",1.08389525104894,0.512640036821742,0.553247999032765,0.513433364619641
"32",1.31737182261607,0.56816033836191,0.609592463464117,0.562516964304271
"33",1.42621446793698,0.648859200848633,0.694228481971186,0.648308034669557
"34",1.31267634223724,0.707138153129733,0.734123336657022,0.70418295177486
"35",1.47978817491428,0.685168119028864,0.737773067410295,0.682203327549665
"36",1.26716859153553,0.698209970021112,0.736052501686378,0.697027214398079
