"","v_bh","v_daily","v_mon","v_con"
"3",1.31944108730889,0.650138720539899,0.700870443840027,0.648598056686824
"31",1.70242872830843,0.776999201580965,0.857535962935239,0.773856987526733
"32",1.11959324263198,0.485450542379874,0.542672826264421,0.482409837058863
"33",1.30431739098992,0.552468076125238,0.61598453893575,0.547171290150237
"34",1.3071319338615,0.581390448462965,0.643347045145938,0.575933416219395
"35",1.49049290356526,0.753551202968637,0.830134073506261,0.750955286319142
"36",1.8808200004999,0.945614358652906,1.04036126940385,0.944296359675335
