"","v_bh","v_daily","v_mon","v_con"
"3",0.475110072887451,0.14719315245406,0.170918823350869,0.146165764795927
"31",0.442060953168089,0.202261006038593,0.225044225786476,0.200577109417001
"32",0.536026252512655,0.234336356192169,0.261229082443543,0.233583980591872
"33",0.682900183293672,0.388180973139926,0.411829101046412,0.386019181562017
"34",0.606070144033807,0.315024072369306,0.344248538208328,0.313722131351016
"35",0.522973165186247,0.244718073726242,0.270702170163729,0.242907274421309
"36",0.53084861380439,0.219021774625962,0.245760517448008,0.218292873560324
