"","v_bh","v_daily","v_mon","v_con"
"3",0.709270055712021,0.358016068061969,0.379788318214009,0.355974790086543
"31",0.664343906055453,0.304076607971122,0.329980213033699,0.303277294876199
"32",0.702758057658659,0.300624714298867,0.33076977931152,0.299524647629949
"33",1.13508277749941,0.576394235115062,0.609819713059953,0.575282130122321
"34",0.673978122337261,0.36964682295693,0.389165396113964,0.368661422882167
"35",1.02711688289815,0.584511618552084,0.607932454199393,0.583564802926228
"36",0.798255918294259,0.404217189415087,0.422333552218264,0.400756588389336
