"","v_bh","v_daily","v_mon","v_con"
"3",0.7126705223127,0.366595660063935,0.391076250670053,0.365543092876912
"31",0.890553560006325,0.446905394056923,0.486841712123248,0.446017917920402
"32",1.04227468868736,0.58414304086275,0.608909050233952,0.580932995071498
"33",0.721136846611212,0.287418337771614,0.314694713721733,0.286419335055851
"34",1.25017922457545,0.612535109320816,0.652724789189974,0.611204589091878
"35",0.909990487266097,0.452753562451065,0.491558234211081,0.452630958773327
"36",0.787937669664695,0.342640168457357,0.379885465448564,0.342215822468102
