"","v_bh","v_daily","v_mon","v_con"
"3",0.770980997419132,0.443885383075457,0.465237109272831,0.444137034033015
"31",0.794268446231196,0.393717331157223,0.417433625386256,0.391532862751213
"32",0.630508727950124,0.294702616959043,0.312353994959054,0.293901467059489
"33",0.441223019867418,0.1395754128276,0.162414378619651,0.138567314834604
"34",0.66606863782423,0.326404377520695,0.34004940765387,0.32521903774181
"35",0.696093360502411,0.392904097547183,0.409008826099002,0.393019664356273
"36",0.764577789743534,0.383300085675829,0.415579494744562,0.384320572648144
