"","v_bh","v_daily","v_mon","v_con"
"3",1.50920980392552,0.841131559251939,0.8957437768509,0.837502996946958
"31",1.18144408889412,0.576054751871964,0.633270399511767,0.573507259182862
"32",0.815243508589716,0.387234707213168,0.421186736763386,0.383844950980541
"33",0.873689915405124,0.38753845208154,0.428034815832104,0.388024743132063
"34",0.755943865266866,0.364413161968849,0.401677296686221,0.361683129680465
"35",1.07294152507842,0.565556335754127,0.620705751039466,0.561893514262988
"36",1.01296966488315,0.476801561236894,0.523127953411001,0.475631856918974
