"","v_bh","v_daily","v_mon","v_con"
"3",0.251853553500147,0.179585276527785,0.18590158924498,0.179100532123151
"31",-0.017907791775422,-0.0959437465951936,-0.0916690679112482,-0.0958365073139002
"32",0.0680795507419961,-0.00174948107661652,0.00359781365917421,-0.00211400700785864
"33",0.155262207790109,0.0840603821822375,0.089321636010982,0.0839099452939734
"34",0.155262207790109,0.0840883650847901,0.0892168031433518,0.0839115988188908
"35",0.0977245782050024,0.0223541133446271,0.02768424130899,0.0220936916692507
"36",0.181154379202313,0.111068724677565,0.116251711085176,0.11081184998551
