"","v_bh","v_daily","v_mon","v_con"
"3",0.180575715597683,0.108571863762341,0.11337943963666,0.108293320669231
"31",0.154288433241904,0.0866441676890132,0.0925060482482706,0.0865315340661366
"32",0.122627040112882,0.0505679103966013,0.0557710612490912,0.0502180658648593
"33",0.0179465982970662,-0.0538797860360232,-0.048835037854892,-0.0540919413512508
"34",0.0179465982970662,-0.0538871718554351,-0.0488808221659098,-0.0541003276294599
"35",-0.113455440599297,-0.176698869047507,-0.172426023274079,-0.176577036934928
"36",0.0541250844668628,-0.0194319419692621,-0.014471780525137,-0.0194911661308566
