"","v_bh","v_daily","v_mon","v_con"
"3",0.474524534598853,0.318102764112693,0.33285406971617,0.317115086040566
"31",0.271421439693133,0.118212082115998,0.131350640632267,0.116861357072032
"32",0.201240108481529,0.0505646897567176,0.0636419417973198,0.0498198540612805
"33",0.260402505719578,0.124058144942797,0.136847542164326,0.123299671876795
"34",0.483192645137886,0.323988184944395,0.338896294951965,0.323500571136587
"35",0.181208165619061,0.0517697504033343,0.0667166756301811,0.0507764486345427
"36",0.135453073727311,0.000395738888086036,0.0129930908346272,-0.00027082727475008
