"","v_bh","v_daily","v_mon","v_con"
"3",0.856678258299337,0.397541986072984,0.434871755343477,0.396993649927886
"31",1.33445826858618,0.728190716276971,0.786789643266573,0.726196239000503
"32",0.79396698782217,0.353459125192283,0.374709373467842,0.351220924796907
"33",0.807745207766303,0.368962937155748,0.393714694178943,0.368864925736303
"34",0.820773592159823,0.331571341608587,0.369828716669863,0.33074811113129
"35",1.08571122644239,0.569070676067279,0.600385144244181,0.567689891340937
"36",1.11750890319285,0.530283131853538,0.565953445011889,0.528776515941795
