"","v_bh","v_daily","v_mon","v_con"
"3",0.219464669482167,0.0459980632103549,0.0627556000716777,0.0449787603499513
"31",0.343814435594478,0.211319959963933,0.224459487529577,0.210682938643945
"32",0.186543989574804,0.0198970063485914,0.0376947068245828,0.0189464864287802
"33",0.129628979493199,-0.0230252934598294,-0.0106581220269595,-0.0237476848403991
"34",0.15803513623202,0.0367632248526607,0.050411519279451,0.0367912239620364
"35",0.169156240599371,0.052445533545562,0.0629437019960927,0.0513682633593383
"36",0.145476971813209,-0.00578575537384452,0.00915335545315804,-0.00709292358599954
