"","v_bh","v_daily","v_mon","v_con"
"3",1.63613505511015,0.792155114416594,0.860302421747715,0.786127509525334
"31",1.2741458729449,0.657453738222812,0.719905527650711,0.654537128913064
"32",1.2151143922558,0.550674178352936,0.616944128786071,0.544809018626839
"33",1.18034574773994,0.502862136728045,0.560403214271319,0.503224200583574
"34",1.34805423500896,0.641234948970168,0.709195068065772,0.635793111771795
"35",1.16151956104365,0.6106101363726,0.648590182405379,0.611903725445493
"36",1.27876517268167,0.612610850639697,0.675300229781716,0.613011403681933
