"","v_bh","v_daily","v_mon","v_con"
"3",0.9626829086898,0.459240584599114,0.496630662556902,0.4584471213575
"31",1.57655341776105,0.808783645809583,0.87270739590163,0.806562395580956
"32",1.00829488502664,0.494863216898664,0.554867189185894,0.491132932153261
"33",1.26390422688486,0.59773991437114,0.647544608236609,0.594060515353809
"34",1.17819826905484,0.617143354352659,0.649954782517987,0.616322549919574
"35",0.897106397051601,0.416553385663773,0.447748927827558,0.413588165378645
"36",2.04540195403062,0.918424026141174,0.980416980204129,0.913793936145004
