"","v_bh","v_daily","v_mon","v_con"
"3",1.2155855196374,0.445709396427016,0.520228711819366,0.446027902229542
"31",1.15601675963664,0.591576196698867,0.629303885201834,0.592217370673466
"32",2.22138151590853,0.77800649021299,0.878555047461648,0.778163166181211
"33",1.3348063489451,0.621808125916931,0.676647614749155,0.620376510908106
"34",1.43224646335486,0.707497957219829,0.756194086353133,0.707059339935002
"35",1.30868153388218,0.645392271561957,0.690456958910801,0.641423509442402
"36",1.29048508321256,0.661262634040932,0.699078553021269,0.658147743044126
