"","v_bh","v_daily","v_mon","v_con"
"3",1.12062582987823,0.507796892409987,0.568024006813322,0.505495773924676
"31",1.25904067611907,0.630707463903564,0.682188361650527,0.626406635012574
"32",1.50003959592279,0.707204034714365,0.781916158318016,0.703044231430871
"33",0.907339953611557,0.426264791470093,0.469804245408551,0.422837263743845
"34",0.92610273013824,0.447561113527677,0.483804954365804,0.445694778132131
"35",1.2770022926405,0.582412177069289,0.626888687702173,0.579393047482773
"36",1.09120654435161,0.547725243846241,0.583212722874972,0.545414616761822
