"","v_bh","v_daily","v_mon","v_con"
"3",1.3734878529744,0.627797083130709,0.695234742140388,0.627514451896629
"31",1.07930096794236,0.497327098741447,0.54275496004838,0.49501645877136
"32",1.21945334618469,0.584462951520037,0.634216992562428,0.581574611737076
"33",1.24965877288806,0.607619272599737,0.659290749744343,0.610089798104711
"34",1.21664842908442,0.596536925949742,0.635329198217456,0.593680009334274
"35",1.32905474769817,0.66004709867583,0.712430707671435,0.65709967379409
"36",1.15118449506343,0.552922414149094,0.600999748641948,0.547233614601487
