"","v_bh","v_daily","v_mon","v_con"
"3",0.690553097916755,0.406181470700532,0.435784283681523,0.406057295244109
"31",0.531929904619838,0.252949328814658,0.276296639825774,0.251920049100713
"32",0.583983605841051,0.268377709118407,0.302237345443321,0.267036010332549
"33",0.484316610247254,0.17789890347921,0.20524434137638,0.176928982298075
"34",0.508446068627137,0.240494135258113,0.266232719173872,0.240311304675853
"35",0.505233945991181,0.252949672489358,0.274544253925036,0.251389571938174
"36",0.595395237619254,0.30279898830953,0.325962956978322,0.301598241756611
