"","v_bh","v_daily","v_mon","v_con"
"mean",813864.440713758,787449.728133719,789549.847058524,787355.266568112
"sd",15141.4360109954,19604.2485225265,19252.7493577706,19619.9173981257
"skewness",0.0833509748765173,0.0112215153110809,0.0155935223716997,0.0110923746397751
"kurtosis",-0.0626272268180834,-0.0639532559253677,-0.0650011112072106,-0.0645521000129601
