"","v_bh","v_daily","v_mon","v_con"
"mean",961559.170531792,959789.822642994,959943.437184078,959784.333347258
"sd",22707.2494657231,24104.4843925484,23992.3379762592,24108.8317729147
"skewness",0.172604479293685,0.105923229091176,0.110250543909988,0.105719285530097
"kurtosis",-0.188834528122667,-0.217783737920016,-0.215011969723958,-0.217573515557536
