"","v_bh","v_daily","v_mon","v_con"
"mean",1335879.52920429,1298129.17333338,1301125.76898858,1297996.51742747
"sd",40125.4903638688,31586.913907075,32267.971224773,31556.2626354161
"skewness",0.0421094000809438,-0.0274014582546365,-0.0191288004713761,-0.0279052952520634
"kurtosis",-0.0681137593099534,-0.085730977144423,-0.084340087824049,-0.0864515775913759
