"","v_bh","v_daily","v_mon","v_con"
"mean",986609.636272629,986073.06095841,986116.373383288,986070.836310519
"sd",22913.8772179775,23645.1626472515,23594.4602101452,23647.7015665504
"skewness",0.306557175407272,0.223613563357474,0.229853547655699,0.223308097394998
"kurtosis",0.430415165163138,0.361889415587611,0.366586949319632,0.361864046095899
