"","v_bh","v_daily","v_mon","v_con"
"mean",1010755.00464004,1010701.50922165,1010707.99545753,1010700.608543
"sd",25577.6519869683,25745.7257240315,25733.5933567893,25746.3888935525
"skewness",0.318142045633554,0.230282740562738,0.238827061959603,0.229904116194919
"kurtosis",0.481734822809213,0.349761110710128,0.357611822838078,0.348820376297345
