"","v_bh","v_daily","v_mon","v_con"
"mean",1036453.56531473,1036327.91888134,1036338.88829297,1036326.98122069
"sd",26039.0051551506,25595.9539004215,25626.6798301139,25594.5927317483
"skewness",0.215052978636228,0.137591579225611,0.144474091475604,0.13724503569606
"kurtosis",0.176249444777635,0.113217591775633,0.121181831894774,0.112698094982032
