"","v_bh","v_daily","v_mon","v_con"
"mean",1255910.92783555,1233608.77399272,1235391.79211003,1233527.805794
"sd",37797.4842640425,31207.263939254,31736.5962834824,31182.5720688038
"skewness",0.286123260113454,0.212795191942765,0.219420172584504,0.212277257488385
"kurtosis",0.084386907313466,-0.0247415805679556,-0.0175978900309905,-0.0259334361884913
