"","v_bh","v_daily","v_mon","v_con"
"mean",1063197.11922184,1062294.82330005,1062364.08508665,1062290.14620466
"sd",28640.0085436948,27465.1879294014,27562.6258940854,27460.7571662842
"skewness",0.224934109363514,0.135193130150611,0.142492231691074,0.134964294839001
"kurtosis",0.38579089665838,0.336547809015788,0.338397700437142,0.336144257625836
