"","v_bh","v_daily","v_mon","v_con"
"mean",1119962.26172051,1115461.09916039,1115822.36329915,1115443.67324519
"sd",32184.284906589,29399.3960749701,29632.2792438358,29388.3167559775
"skewness",0.206029315392834,0.138384426918003,0.145211075758991,0.137882744721605
"kurtosis",-0.225752448977627,-0.257802089738961,-0.253045194301011,-0.259068364000706
