"","v_bh","v_daily","v_mon","v_con"
"mean",829702.444090687,807691.726933917,809440.587958701,807613.242113575
"sd",15860.0191774996,19996.0347655126,19673.7949270518,20011.6167198904
"skewness",0.176323728312625,0.107303471997439,0.111488699468285,0.107051450789175
"kurtosis",-0.098207325580713,-0.125614053344193,-0.121372092654812,-0.1252661770542
