"","v_bh","v_daily","v_mon","v_con"
"mean",1218821.52970003,1202555.11920813,1203850.15146356,1202498.19071334
"sd",34541.8244891518,29311.5839933781,29716.1045960672,29291.8884767881
"skewness",0.117742424363638,0.0547612968384788,0.0601806424162264,0.054614926118719
"kurtosis",-0.260016503877956,-0.268740517723171,-0.267884607320201,-0.268752219805255
