"","v_bh","v_daily","v_mon","v_con"
"mean",1134962.26172051,1131739.29262359,1131998.91572982,1131726.31323239
"sd",32184.284906589,29826.6446771145,30025.9501860143,29817.2444583437
"skewness",0.206029315392834,0.138386394771893,0.145117446684014,0.137885840311835
"kurtosis",-0.225752448977627,-0.257803364955909,-0.253116970736374,-0.259069894640862
