"","v_bh","v_daily","v_mon","v_con"
"mean",1025755.00464004,1025456.62821317,1025482.44529765,1025454.87988145
"sd",25577.6519869683,26120.0602807928,26078.0310699556,26122.1449041672
"skewness",0.318142045633554,0.230273679558815,0.238760430110325,0.229913424407409
"kurtosis",0.481734822809213,0.349848736228817,0.357546481225334,0.348801599638573
