"","v_bh","v_daily","v_mon","v_con"
"mean",876456.643524526,859188.973056009,860559.605356395,859128.195265526
"sd",17375.6550101193,21229.3723596339,20920.3360802731,21242.9843926002
"skewness",0.0771536762752423,0.00138889752827407,0.0073625328060506,0.00116346427596005
"kurtosis",0.0554739834834828,0.0456794613736085,0.0482937382259032,0.0453300457854353
