"","v_bh","v_daily","v_mon","v_con"
"mean",1308109.35995071,1282478.32125536,1284516.23626837,1282387.78450318
"sd",38180.7923748399,31302.5911489247,31847.9601079942,31279.2050708028
"skewness",0.0554594571735634,-0.0099915659517323,-0.00446094711744748,-0.0106379758055918
"kurtosis",-0.188201165065281,-0.192852145585961,-0.192821303946249,-0.192885770457352
