"","v_bh","v_daily","v_mon","v_con"
"mean",1078197.11922184,1077799.92021656,1077828.90376971,1077797.0891563
"sd",28640.0085436948,27864.6442609129,27930.2508950103,27861.4927487381
"skewness",0.224934109363514,0.135188572838093,0.142420568400778,0.134949615218771
"kurtosis",0.385790896658381,0.336555806601759,0.3383700970817,0.336157361870916
