"","v_bh","v_daily","v_mon","v_con"
"mean",860311.467865191,839219.343234899,840895.281687237,839142.349066903
"sd",17300.7831396642,21655.0994823183,21309.5771501102,21670.8900458823
"skewness",0.0179465982970662,-0.0538871718554351,-0.0488808221659098,-0.0541003276294599
"kurtosis",-0.141589913534825,-0.14307261867521,-0.142728796520401,-0.143295251120763
