"","v_bh","v_daily","v_mon","v_con"
"mean",1001609.63627263,1000469.96847045,1000561.40286188,1000465.70684293
"sd",22913.8772179775,23989.1922235228,23911.1362450443,23993.0038708224
"skewness",0.306557175407272,0.223618367530221,0.229774124794321,0.223302101560827
"kurtosis",0.430415165163139,0.361861531959118,0.366621172359975,0.361853436429188
