"","v_bh","v_daily","v_mon","v_con"
"mean",934151.09903072,926968.434682729,927540.503604989,926945.050439508
"sd",20614.7861742138,23339.5890622682,23126.4050224685,23349.8711177446
"skewness",0.115099120841284,0.032665983974023,0.0380932968373369,0.0325654095679559
"kurtosis",0.201256618493703,0.182996167462653,0.184209452543459,0.183311851964091
