"","v_bh","v_daily","v_mon","v_con"
"mean",1202346.76886771,1192698.5803668,1193475.61075778,1192662.98367945
"sd",32719.6042407537,28838.019770089,29149.0815493724,28823.9855150784
"skewness",0.0465819285637214,-0.0189664122643554,-0.0131452651645428,-0.019078723104247
"kurtosis",-0.191850089324075,-0.196752218356067,-0.195322926822392,-0.196247880657857
