"","v_bh","v_daily","v_mon","v_con"
"2",96270.4513699111,107849.307003589,106812.900937891,107849.905812728
"21",93388.4149083356,105551.24430605,104541.808212693,105626.385784592
"22",84643.1323770944,99729.0856858168,98573.3473064747,99802.7723314941
"23",92511.5849635388,107002.789203511,105973.831301646,107071.62251054
"24",89439.1982328684,106191.529382897,104965.890840733,106253.310965237
"25",93008.2609930743,112712.936449144,111453.560309022,112778.220509344
"26",89162.4597769559,110363.645998768,108651.04485861,110481.80359578
