"","v_bh","v_daily","v_mon","v_con"
"2",33803.4522733207,40050.2354339919,39575.1443018589,40076.9501195201
"21",32651.3880309883,39432.367853764,38894.7376717719,39452.4639391387
"22",33758.0739076418,40918.1172272515,40351.3016893661,40941.3019785303
"23",35677.5184988432,43738.7727490021,43086.9560969177,43772.7170186999
"24",35677.5184988432,44375.3849849169,43673.557004225,44411.7817463261
"25",34276.8069348553,43760.5450011156,43020.4043909427,43798.6983722328
"26",32881.7071242983,42918.5473815566,42139.50344199,42947.9862320393
