"","v_bh","v_daily","v_mon","v_con"
"2",26583.9154360561,25271.2526657851,25373.4986112289,25264.3791379407
"21",26513.022810755,25553.6211268351,25628.6030531152,25551.6303833705
"22",26873.3499012416,26144.0851651012,26203.6745134646,26141.5649933216
"23",26039.0051551506,25595.9539004215,25626.6798301139,25594.5927317483
"24",26039.0051551506,25968.2464422622,25969.1614890599,25968.1622365172
"25",26462.2046693709,27045.8712530336,26994.4077467714,27048.5813970791
"26",26334.1787167281,27540.7121640183,27451.9739740271,27544.8723950587
