"","v_bh","v_daily","v_mon","v_con"
"2",27620.2077843913,24935.9637846701,25147.6652384447,24925.2591631402
"21",29099.9202839777,26706.2796249489,26892.8204793243,26698.5990793933
"22",29141.685793507,27036.7198729418,27204.4479953172,27028.0433193301
"23",29267.8153974524,27459.5331928508,27597.7845989712,27452.8305554486
"24",29267.8153974524,27858.7943988572,27965.1739092276,27853.3974032547
"25",29018.1100419518,28168.8104919849,28237.0713546167,28165.09591452
"26",29487.6579946258,29319.7301834256,29332.2482738118,29317.131175117
