"","v_bh","v_daily","v_mon","v_con"
"2",21222.4640980526,22867.4097686109,22735.7111074381,22874.3849732573
"21",19727.6743162137,21626.4764554597,21480.5321620537,21632.3679265942
"22",20099.8611096012,22188.5657679897,22024.6566150475,22197.6928165404
"23",20614.7861742138,23004.9386687385,22818.2781701811,23014.093390643
"24",20614.7861742138,23339.5890622682,23126.4050224685,23349.8711177446
"25",20671.8380259812,23924.4853660237,23669.9735404636,23934.6940476883
"26",20772.1032230166,24546.8503820743,24246.7847034667,24560.6108050732
