"","v_bh","v_daily","v_mon","v_con"
"2",145110.262674037,117017.505597074,119495.721986161,116905.866835914
"21",136662.275034201,112540.682478605,114643.047286577,112470.660500733
"22",147733.599684086,122288.98142734,124414.376430111,122206.20565996
"23",147901.545476852,123993.607171677,125938.060845758,123894.325220059
"24",135337.992802189,116590.412069291,118079.036256214,116543.765052955
"25",142860.466918674,123070.568115956,124680.846043332,123024.506407061
"26",146760.618216805,129987.729684682,131213.163221701,129920.108198279
