"","v_bh","v_daily","v_mon","v_con"
"2",463060.865655425,324012.374273917,333774.542936177,323296.61231126
"21",447071.881161477,328970.81563289,338210.336598918,328589.361291921
"22",452284.827557963,330443.306616322,340879.373355112,330469.188458577
"23",427971.83951855,326317.531409078,334109.280334678,325962.187474433
"24",464280.46599298,334621.505549338,344718.050461887,333724.625966409
"25",449920.853402053,350196.291012957,359471.22873949,349703.665965493
"26",419540.29554626,337838.791981013,343758.448814551,337601.973900232
