"","v_bh","v_daily","v_mon","v_con"
"2",362309.810162728,275354.19772337,282265.745786909,275002.293290807
"21",340584.141175877,268318.17163115,273626.021796972,268066.853576105
"22",375837.317695101,291433.769555725,297940.346517787,291181.500573103
"23",355891.268379918,281812.847814168,287925.380110432,281601.237821315
"24",376244.070599932,300792.841684097,306586.936900195,300353.482163122
"25",362756.796486232,292645.888119861,297734.044860989,292505.392329336
"26",335596.431915777,290475.544143008,294706.307133143,290475.095958251
