"","v_bh","v_daily","v_mon","v_con"
"2",123411.460456008,109221.464834888,110379.984038876,109145.800067852
"21",122609.702461017,110047.144897862,111006.087318225,109994.256175061
"22",124023.799925639,112238.454472139,113217.280588077,112218.336053327
"23",116685.698220257,108063.058806016,108756.633248296,108036.597854793
"24",119712.056726444,111982.21481965,112473.536767907,111950.676141737
"25",117709.757820891,112635.069145511,113098.716756485,112618.98559779
"26",113153.860992092,111861.701815157,111881.549154717,111890.777052957
