"","v_bh","v_daily","v_mon","v_con"
"2",60669.588069794,74903.2902251286,73816.2210803124,74973.0492357903
"21",59747.6666841746,75585.7681060656,74292.8028215244,75621.7994898527
"22",62934.1255195504,79878.5232946107,78576.4026825239,79951.8633499828
"23",62070.1876832789,79633.5289486068,78343.3707285373,79703.1364292092
"24",63314.4554856474,81121.1057066231,79780.1451417247,81159.7865053219
"25",61777.5759691222,82048.8478147928,80463.5457763244,82126.5372436325
"26",65501.2245678432,88490.0035049617,86632.5874955191,88586.8947297075
