"","v_bh","v_daily","v_mon","v_con"
"2",67544.232679131,70347.4059953218,70103.6145633685,70350.9810819719
"21",67888.6414906132,71843.5267284873,71568.211984455,71857.9591481169
"22",67774.7861767293,72087.6591629698,71760.1419435051,72098.4746610628
"23",66246.8600747871,71571.2612514665,71193.7527180122,71586.3258797702
"24",63437.3274130804,69451.0611015747,68992.3075240447,69470.2540885034
"25",67024.4634765428,75142.6752620256,74515.8181063701,75150.400180432
"26",64787.1394197888,74199.4303202204,73441.308182766,74243.0934519217
