"","v_bh","v_daily","v_mon","v_con"
"2",357627.521312224,271917.941444445,277944.220674353,271566.207171347
"21",357629.081042144,268788.380275079,275269.962464262,268604.9570714
"22",400352.516350409,298394.91665905,305824.089145208,297917.638100109
"23",401893.861072137,304844.216267971,311902.596916231,304767.300737069
"24",388174.373409548,300867.32206601,307591.079964377,300872.214145386
"25",391255.107954386,310711.566149156,317179.152940457,310734.558028383
"26",365545.282273696,300254.116926188,304397.626171138,300172.203005631
