"","v_bh","v_daily","v_mon","v_con"
"2",286886.273538107,228237.023604456,233234.159150294,228032.193113915
"21",278450.026836186,230347.041775346,234822.440112805,230067.623094831
"22",284303.92950122,233649.373232751,237258.624748127,233602.274479753
"23",273458.817881491,234339.171095236,237443.224561717,234315.017440304
"24",297331.962512585,247254.322383791,251455.313744532,247142.835707273
"25",301401.520624168,263941.268363202,266909.099210128,263921.402891985
"26",306317.808257563,266784.464699268,269732.507724111,266575.088349295
