"","v_bh","v_daily","v_mon","v_con"
"2",40500.968966831,43555.487264128,43323.5099048839,43565.7732280891
"21",40438.0031466561,44095.3287962009,43802.5491894366,44102.9743791108
"22",41544.2695880432,45733.8377162157,45418.0090607492,45747.708070136
"23",41283.0935358083,45748.0175168076,45399.9828734371,45776.2602217583
"24",41153.1272792698,46468.8396153668,46033.6385564453,46484.9088189062
"25",43774.231668409,50486.9650026961,49962.6949211481,50510.3931878664
"26",41427.4496294476,48636.3729727046,48097.8878254004,48651.75958052
