"","v_bh","v_daily","v_mon","v_con"
"2",143539.317467066,142420.001960122,142566.60081339,142417.412418481
"21",147334.444669902,145684.966808352,145910.416045533,145750.662631472
"22",152595.461819928,151696.674339139,151655.945224241,151696.840177101
"23",143987.465971115,147751.244117391,147739.415192198,147764.846578716
"24",145439.281948939,149338.368311865,149167.529620083,149336.251002903
"25",160958.811332578,164639.214201961,164216.288388014,164734.685420473
"26",141435.349563394,153195.462865421,152294.000848678,153316.997424259
