"","v_bh","v_daily","v_mon","v_con"
"2",304502.973130252,255201.381406885,258819.537517186,254913.529986303
"21",278065.248979304,243986.752507128,247240.715587532,244084.664593351
"22",299441.128291656,254418.676275775,257335.295822597,254420.249786423
"23",286125.634011195,249393.643092185,251032.781966231,249129.24385585
"24",293671.991085369,255636.406918836,258811.113474758,255471.698277318
"25",303359.036046949,270460.392396915,273769.168017595,270361.005761581
"26",278887.492375795,263315.069761848,265290.120000789,263353.711263435
