"","v_bh","v_daily","v_mon","v_con"
"2",159893.380503427,136217.048242342,138040.37083183,136167.805129471
"21",160791.728042006,142242.667128789,143628.452720648,142141.762965037
"22",154591.659901725,137865.14873057,139238.970128338,137790.083999141
"23",156178.069354351,138972.62923974,140389.390823793,138941.196051201
"24",156590.493552226,141545.319891762,142686.663369071,141544.114682554
"25",165378.898450242,151052.004484526,152311.914276308,150952.210991295
"26",159982.875064323,152540.013458104,153106.166601323,152481.884334628
