"","v_bh","v_daily","v_mon","v_con"
"2",242084.03669939,213290.767178543,215553.51623344,213231.327255159
"21",240607.035496947,212190.688047971,213927.785669106,212140.649311642
"22",255985.167781149,226206.52874268,228608.643295715,226100.955652089
"23",241286.75181242,220164.62864112,222110.974459367,220082.77589571
"24",221251.827738811,209654.631569433,210865.522983009,209607.41010833
"25",244599.02957925,230436.478014392,232254.25811618,230456.940257258
"26",254692.557242078,242281.292301873,243815.738572879,242171.27792938
