"","v_bh","v_daily","v_mon","v_con"
"2",212604.624597986,170812.317611723,174568.12370082,170633.46362615
"21",210013.102218618,174127.530427891,176793.412626404,173995.425147299
"22",226191.212102859,182222.191022322,185298.538450646,182141.69420932
"23",221402.001093058,184685.89599499,187657.467984705,184609.859341416
"24",214629.48716912,181716.615561526,184293.890704734,181627.087492094
"25",227964.630462177,193350.171715468,195764.058801618,193242.823941965
"26",214057.523846084,190856.933770402,192937.435986083,190745.420125513
