"","v_bh","v_daily","v_mon","v_con"
"2",178894.078071303,183050.108012786,182186.399779065,182979.975237725
"21",169235.98352477,177705.03832704,177533.101689371,177737.087187144
"22",182138.47047689,190232.174346034,189120.557069352,190104.615218655
"23",188681.365276421,193797.717964393,193500.566035407,193925.420611865
"24",196185.130064525,205574.856950855,204617.754476092,205650.921851632
"25",182807.309404254,197244.814093422,195977.606415875,197267.914682563
"26",185351.258714988,202881.852487785,201183.228511961,203056.409059769
