"","v_bh","v_daily","v_mon","v_con"
"2",190340.169943371,160494.877178487,162936.104117106,160380.586514906
"21",199006.248562414,171501.408760731,173405.460937154,171387.247490172
"22",201732.435070474,174836.380532842,176725.138075248,174768.492168383
"23",187703.363479749,163769.81514783,165590.60494826,163725.994207641
"24",207692.028183176,180933.219320833,182974.287149521,180943.525631531
"25",193769.748462371,178351.823744753,179045.401388493,178322.651738614
"26",193190.970433698,182643.255866802,183986.84022771,182535.971657565
