"","v_bh","v_daily","v_mon","v_con"
"2",212547.874971187,217095.677015495,216522.099119464,217208.408133886
"21",220450.240772653,223536.883331488,223562.783695679,223728.379313656
"22",244220.988646131,245471.224059633,244452.916417299,245482.845807497
"23",260160.094408746,252913.324544817,253329.846426788,253195.527693134
"24",207502.043676387,222806.623440016,221237.978072573,222759.328846464
"25",233888.320124428,247538.248593947,246885.095871901,247644.64333441
"26",251606.613485082,269104.290267207,267272.501441073,269090.171415264
