"","v_bh","v_daily","v_mon","v_con"
"2",149317.649720129,133957.293554492,135160.478952074,133918.028635837
"21",145226.984907769,132880.091901729,133763.536311591,132822.838561372
"22",143787.145095079,134217.287149436,134890.304586634,134198.894146916
"23",152446.365665021,142175.419527504,142803.796751672,142138.988438563
"24",160693.545554769,150154.865082161,150610.917660897,150172.140360386
"25",139125.311232396,136970.83971271,137190.246375813,136979.349879101
"26",143349.169393674,144971.420967343,144930.706334505,144942.78719434
