"","v_bh","v_daily","v_mon","v_con"
"2",73072.1880639339,59840.5848944815,60870.832754219,59793.1019782414
"21",71279.0984935828,59079.066825588,60065.71916294,59038.9686401583
"22",70833.2192702943,59593.4070308422,60466.4786644716,59553.1743499914
"23",71741.3217960848,60427.0293475623,61310.8355220127,60391.3482135779
"24",70420.996487192,60621.8983758957,61377.5098779497,60593.7096689985
"25",68233.7985688242,59910.2107773465,60572.4103015003,59874.2132997861
"26",70677.4039982407,63220.2900303385,63823.8830579655,63190.0238953422
