"","v_bh","v_daily","v_mon","v_con"
"2",437431.765551042,307388.336380502,316389.718520991,306701.077275931
"21",439911.290778017,311715.116928678,320928.051077661,311152.907623874
"22",431308.062077144,307498.912026737,316136.88550088,306947.045405357
"23",424785.174855162,304051.415364828,314182.173983266,303353.724457433
"24",369370.028040413,286760.606817432,294176.369935121,286379.434002425
"25",477980.995641904,340577.820457784,352764.90064403,340213.469200923
"26",448556.846794283,334319.187668428,342845.255332815,333964.772492417
