"","v_bh","v_daily","v_mon","v_con"
"2",175265.761579805,170377.333353906,170923.373823227,170401.411548354
"21",170695.436175255,167974.094255137,167862.59117005,167943.902539084
"22",180768.724704426,177626.856981228,177963.604100055,177569.545435893
"23",176134.982132449,177910.108905375,178124.711878669,177946.073648385
"24",164617.123050605,171302.998921933,170586.898162524,171432.047228585
"25",177031.207555182,183718.038497032,183193.34495984,183680.36980243
"26",166475.444063913,179459.168535913,178390.923530436,179478.635263002
