"","v_bh","v_daily","v_mon","v_con"
"2",17050.9562756214,19757.2168021648,19540.9007467438,19765.8879081093
"21",17990.4932564906,21160.1046064446,20907.3548301551,21172.4835616291
"22",17857.007089599,21148.0098476686,20881.9843309885,21159.7270045003
"23",17375.6550101193,20924.8606940229,20639.8227453777,20937.4647982532
"24",17375.6550101193,21229.3723596339,20920.3360802731,21242.9843926002
"25",17827.265305508,22271.8245494424,21920.9551219485,22287.4387682591
"26",17496.6558684115,22341.4429130596,21959.6835714698,22358.3196689536
