"","v_bh","v_daily","v_mon","v_con"
"2",82668.2029988619,97911.6265889471,96616.0432472154,97961.8585483645
"21",93952.3792838481,112057.7758907,110582.34838609,112123.058831036
"22",85025.4084491027,103302.525539714,101802.129391059,103362.889596348
"23",84424.2747239774,103302.999349195,101686.597263438,103376.284064518
"24",77625.9386524251,98500.2756759348,96676.4113685269,98564.7064936859
"25",83767.1937107456,104577.662758212,102749.169969613,104685.358838614
"26",88060.8279643592,115093.382004837,113018.939469557,115211.637613981
