"","v_bh","v_daily","v_mon","v_con"
"2",219546.728531609,194531.702029911,196676.278643631,194472.647755022
"21",227479.741830286,198600.47221244,200974.419540958,198527.61612006
"22",211708.851035721,192232.026954154,193613.16206474,191999.52823614
"23",207391.741583163,189904.410789571,191647.27745954,189866.037572459
"24",210333.728216892,196690.381642427,197734.93412663,196670.163564661
"25",203950.68196867,195492.978382664,196418.913862334,195440.962583986
"26",205501.849178676,202142.652000284,202866.465008476,202122.301775826
