"","v_bh","v_daily","v_mon","v_con"
"2",117780.092522714,126542.307618173,125845.069899669,126512.137634146
"21",119880.054059178,130345.362920735,129597.472524021,130374.073516868
"22",124391.022175705,137261.293845637,135888.394020029,137320.628839062
"23",113314.650631277,128367.145272354,127200.960464892,128457.063745582
"24",115801.999115626,131695.63458634,130671.247461522,131750.615090766
"25",122075.793813312,141419.334212258,139617.324675497,141531.395263781
"26",113148.137345249,133893.773976863,131863.347405249,134011.077426952
