"","v_bh","v_daily","v_mon","v_con"
"2",360441.286583956,292052.080827013,297475.384180528,291796.488762806
"21",348881.644643906,284531.058819771,288728.205300142,284363.852315994
"22",374566.909015376,301216.011200596,309062.903507187,300979.680567504
"23",352446.498722295,290535.624736946,296126.414028155,290174.74800299
"24",330193.28538787,284044.468362074,287422.575162126,284016.014929625
"25",352066.606273561,302859.825477634,307024.616428972,302529.081558304
"26",390754.095274005,336274.541160717,340622.60440418,335919.073160589
