"","v_bh","v_daily","v_mon","v_con"
"2",130133.163886914,154589.413910016,152317.569233054,154619.427368431
"21",124934.650780062,152678.840911056,149995.512837345,152714.739030288
"22",133906.886427691,160882.619662773,158931.75326927,160978.488493411
"23",140520.219786586,167476.601685451,165665.478864071,167448.493497858
"24",139819.338330209,171536.499640058,168963.635436479,171761.912122368
"25",126191.690465553,162445.206442614,159469.302197462,162610.439477055
"26",133094.19327533,171576.26233997,168423.996077736,171614.808897689
