"","v_bh","v_daily","v_mon","v_con"
"2",34470.5198973725,39929.6840124474,39511.5950856272,39944.3830101976
"21",35759.4985910343,42066.4821047481,41580.1911178896,42087.600739473
"22",33726.5319924772,39970.3343242972,39513.6503284246,39994.4273847011
"23",34965.5629490002,41834.8234697611,41308.8726349085,41861.2369144402
"24",34965.5629490002,42443.4858853764,41870.2570874047,42472.0768018646
"25",34170.0457027184,42546.4714950196,41875.4720532854,42579.0967016943
"26",35534.2242366087,45082.4354433887,44349.8864697838,45113.3210535549
