"","v_bh","v_daily","v_mon","v_con"
"2",148591.693365406,156600.608622273,156045.167255372,156625.895797659
"21",140656.027411782,152231.515385938,151084.825747975,152314.74752865
"22",150350.246945142,162592.274397178,161694.511964721,162749.89326806
"23",145735.307149347,158973.106847826,158206.88272207,159024.596530808
"24",142462.282550942,158296.881760873,156949.671246372,158354.461705467
"25",152644.191777474,171449.437406208,170243.926717102,171506.461347939
"26",146749.214088831,170852.411284513,168745.602962487,170926.621750357
