"","v_bh","v_daily","v_mon","v_con"
"2",135901.333945152,138271.769210186,137986.014004016,138290.352068865
"21",138638.119832689,142708.409963178,142445.263289802,142726.098249739
"22",139552.289360457,142711.291568412,142136.66639948,142712.324559134
"23",132614.723494546,140620.092098228,140044.862211235,140657.901556936
"24",133746.02383634,143973.528906611,143012.923473718,143935.368198881
"25",141682.200258806,153363.122723812,152408.038577548,153451.066129444
"26",131310.485315707,147324.905872119,145977.334629574,147388.887495931
