"","v_bh","v_daily","v_mon","v_con"
"2",118694.155040815,92418.0127629585,94471.4024413513,92318.638757965
"21",127152.183545683,99063.4876289683,101265.368809633,98960.8634951848
"22",121625.004414486,95921.7832444911,98054.7461096843,95840.138915002
"23",112849.564097123,91381.4941690528,93151.0989919701,91281.2333198646
"24",125553.739442849,102423.042539472,104297.45241444,102343.937807098
"25",120032.33739646,100229.528326512,101758.424227576,100153.735188625
"26",119799.350199675,101878.843399625,103314.108727738,101815.966089145
