"","v_bh","v_daily","v_mon","v_con"
"2",278924.592118162,251585.106972756,254107.64645839,251797.823031956
"21",266578.070354079,249083.103269572,251398.70245451,249032.925694621
"22",327756.469886036,287700.858418428,289591.146858954,287653.928734587
"23",286530.407242482,265945.065857648,268447.951399357,266265.207729426
"24",288440.724554159,275163.068262675,275345.075584952,274982.883593535
"25",284104.646262487,275056.515495865,274838.145678095,274909.191843433
"26",305724.969420464,297660.98384057,297800.418977886,297510.813776871
