"","v_bh","v_daily","v_mon","v_con"
"2",76767.3075017769,84091.3899573629,83546.285599823,84119.1634238851
"21",79498.471278541,87356.1899924778,86779.3204402476,87367.0477110884
"22",81626.352803889,91137.424755314,90294.5490740824,91178.1124240958
"23",75937.8695500176,85894.8506332853,85158.3604937398,85932.4261470181
"24",81885.1845594708,93277.3163729907,92401.4745808208,93334.6629533276
"25",84792.7435214581,97763.9818907144,96619.0956128394,97797.9443682649
"26",82518.6680717576,98917.4728735633,97638.6310618741,98971.6973849377
