"","v_bh","v_daily","v_mon","v_con"
"2",73799.2489656372,58812.9839987643,60033.6836573128,58759.0823390204
"21",74968.6898905745,60676.7094509551,61760.6425475604,60628.8065448942
"22",77236.3718486537,62969.9029620907,64074.1321137343,62924.1710033592
"23",74031.5581849825,61273.0205208243,62262.1089702828,61234.4679770566
"24",78189.6483694435,65221.5640482753,66255.040109244,65170.8913249256
"25",77459.3979936001,66174.4497722937,67096.3400072939,66139.0768124989
"26",74759.3622400196,65383.7763303652,66144.9819373884,65333.1853365132
