"","v_bh","v_daily","v_mon","v_con"
"2",44614.9827768322,45419.1811337708,45372.0190737849,45424.7286174273
"21",46132.8621987448,47718.3815064494,47563.1434202848,47712.2067377847
"22",46726.1682100701,48876.4385049331,48713.4142330254,48893.2936013756
"23",45850.2494334675,48246.8388339007,48020.4095774943,48256.3415341057
"24",46848.8266254568,50172.7776378606,49912.6407437176,50173.6950886402
"25",43238.4000746294,47559.3199969263,47201.8094479594,47574.655737427
"26",45112.007274879,50887.1002089013,50435.7714182459,50902.0648865197
