"","v_bh","v_daily","v_mon","v_con"
"2",34710.6427955023,28417.9426384565,28912.5331111232,28394.6340152046
"21",33849.8311785428,28092.6564718626,28551.7919497381,28072.4916921652
"22",35486.9319217644,29778.5485900404,30225.2362652238,29758.2762314706
"23",34541.8244891518,29311.5839933781,29716.1045960672,29291.8884767881
"24",34541.8244891518,29737.4112733987,30107.9223446296,29719.4338994975
"25",35834.1382885365,31540.3602946378,31887.5168544063,31524.6044233724
"26",33431.1592209201,30114.1185379993,30380.913043557,30104.9674818157
