"","v_bh","v_daily","v_mon","v_con"
"2",110605.504104431,125379.97562365,124260.995085036,125403.546268925
"21",120838.767847079,135617.987154717,134601.896509562,135683.279806098
"22",117299.976718915,132851.355849429,131620.72887131,132896.37490838
"23",116506.104615083,135473.540019513,133976.210357705,135492.41325748
"24",111480.567490939,129908.216633555,128055.622598194,129998.076723073
"25",112775.015586118,136026.455877564,134467.870687523,136108.714386535
"26",111507.166357934,137609.594096218,135650.626124381,137687.02297268
