"","v_bh","v_daily","v_mon","v_con"
"2",174828.477956904,157942.260952236,159271.690439968,157897.74841183
"21",174077.754927683,161151.138271077,162101.496433857,161138.170537827
"22",173608.542409215,159247.689353218,160490.471524194,159131.877942293
"23",184471.223401176,169201.783530488,170434.802796201,169157.794108487
"24",169947.208573055,164185.624689713,164860.749056517,164149.55435343
"25",174619.45136331,165206.597533664,165700.739255466,165156.512654313
"26",175464.705331692,172191.828499552,172604.624607767,172184.350326532
