"","v_bh","v_daily","v_mon","v_con"
"2",161382.552273063,151587.005261779,152483.021349899,151564.285755454
"21",150948.208919101,146875.157864026,147120.112370517,146879.76476801
"22",158810.618879142,152067.163852784,152590.113092349,152098.640358269
"23",152429.402316971,152054.777412519,151823.499406482,152049.310280352
"24",154474.631045913,157066.408670957,156496.10848268,157016.588044662
"25",167229.359650298,168415.001207798,168739.109526163,168439.639905181
"26",154193.776913791,161777.716375689,161272.195073185,161800.701497109
