"","v_bh","v_daily","v_mon","v_con"
"2",19135.1714244836,21064.3295955868,20913.5861372746,21072.2628848625
"21",18741.267678096,21052.7293075352,20866.7256642821,21060.6105042093
"22",20132.4326368914,22810.9156962293,22597.2808775485,22818.7488791407
"23",19564.3097447704,22366.3570823651,22137.6662058798,22376.4725458614
"24",19564.3097447704,22691.8302801832,22437.1966374273,22703.0761471175
"25",20197.7473041704,24007.9897530475,23707.3753280065,24022.6183173607
"26",19633.077145443,23821.2534445859,23487.4363549413,23836.0648553909
