"","v_bh","v_daily","v_mon","v_con"
"2",364203.062711327,259134.683905507,267085.676121498,258846.106650126
"21",376325.637747675,267696.097050768,275972.15343683,267149.219730603
"22",350434.619546545,261219.528124246,268458.420272193,260964.672021521
"23",372359.575082506,274762.670662796,281477.95862483,274466.631400288
"24",368388.715530974,276459.976572629,284658.145470184,276256.574069263
"25",383947.544413542,289340.498457861,296819.884029765,289074.935887625
"26",364152.969930928,288064.407156199,293251.417991674,287818.601117167
