"","v_bh","v_daily","v_mon","v_con"
"2",102002.423013679,121540.742165528,120171.903529414,121575.874046072
"21",106956.544977721,124073.013743768,122645.231544099,124121.767460399
"22",104735.735011353,125670.269778782,124122.239055226,125694.002167136
"23",96705.1947866651,118645.421452313,117071.47333381,118684.086339207
"24",99728.4366646125,123772.470600108,121788.574599398,123837.558250945
"25",104405.400262233,129740.065340083,127779.579779629,129841.922148424
"26",96796.2865074303,126797.149310429,124593.036334084,126897.250826915
