"","v_bh","v_daily","v_mon","v_con"
"2",199929.181928948,152602.475127501,156287.306626921,152451.381316176
"21",207556.581221053,160779.363325715,164484.625918292,160619.710333665
"22",206317.215047393,159388.025461788,163144.679731018,159208.575084782
"23",195872.124912108,154426.722350144,157624.905752443,154260.117301252
"24",208597.778967589,165250.9021325,168747.828290696,165050.420897328
"25",205475.584572214,167251.995243151,170282.41938781,167019.552328864
"26",198160.674668899,168305.874674127,170383.894687158,168253.892220894
