"","v_bh","v_daily","v_mon","v_con"
"2",41368.1900954309,43393.9222575681,43250.9666282436,43399.6278646306
"21",45338.3945341497,48392.3720548005,48134.8994161212,48403.2474817906
"22",44972.8043059379,48141.5472041043,47900.9466132588,48152.7324333417
"23",43263.09323418,46966.0001053138,46658.4278602698,46976.4323648718
"24",43614.1063818115,47735.8551153605,47372.5869589164,47751.5506879674
"25",45160.8356290962,50712.0534049657,50262.9619207891,50732.9007882759
"26",41440.3894469479,47500.0043040227,47004.0085776283,47519.8075328911
