"","v_bh","v_daily","v_mon","v_con"
"2",76766.1320126007,72172.1766524261,72510.8454670321,72140.5192126054
"21",87354.3786818963,83308.0735903462,83660.9694619441,83292.0219263876
"22",81375.9749035299,78426.8078170102,78662.7512099143,78419.5691444436
"23",82801.3226948069,80603.4155026984,80739.5890179875,80606.2362362973
"24",86177.8980960178,85078.7247026744,85141.2603230712,85068.4379923451
"25",79792.4241303298,81066.8172431087,80894.320690888,81072.9825314282
"26",80850.9303388474,83876.5428564003,83616.244882791,83879.0170567467
