"","v_bh","v_daily","v_mon","v_con"
"2",41239.0915104525,31233.4562485543,32014.1665238689,31197.2299619708
"21",41029.7158755145,31629.0343995944,32375.5544960568,31594.0901086368
"22",40575.8333519538,31641.1662154842,32352.8944347394,31608.8341213666
"23",40125.4903638688,31586.913907075,32267.971224773,31556.2626354161
"24",40125.4903638688,32045.7215016119,32690.9397531403,32016.7539168434
"25",40978.3596029703,33487.5186907913,34079.7257521346,33459.3582573073
"26",41760.8250045622,34831.5077421476,35368.6888797525,34804.8059151286
