"","v_bh","v_daily","v_mon","v_con"
"2",27276.3932057816,25284.2633613793,25434.0822036942,25276.4651853227
"21",26510.4338803999,24971.2135713539,25095.8579322656,24966.7503820008
"22",27714.764672155,26401.6989934307,26499.3476276331,26398.1778142722
"23",28640.0085436948,27465.1879294014,27562.6258940854,27460.7571662842
"24",28640.0085436948,27864.6442609129,27930.2508950103,27861.4927487381
"25",25617.0566242103,25535.1491876732,25544.0536553636,25535.3455834998
"26",28103.6032584166,28615.4509459415,28575.802545814,28618.66718292
