"","v_bh","v_daily","v_mon","v_con"
"2",231108.79314409,217235.264307738,218371.494509782,217247.161193356
"21",213512.459196828,217313.005182349,216780.394589897,217188.869985267
"22",211776.722111316,210556.264422344,210298.938196033,210463.868925824
"23",239126.471497704,228136.440924995,229257.953132915,228245.835251782
"24",213233.584368516,221844.329645013,221545.723503648,221663.043195964
"25",260435.722031164,254537.627495526,256235.731975738,254554.161264001
"26",223575.691416419,236583.490809185,235715.317172545,236594.254915424
