"","v_bh","v_daily","v_mon","v_con"
"2",35848.668581082,40314.1517387728,39946.6856577494,40329.9090917848
"21",38797.7765211641,44448.4567030189,43984.2539923713,44462.025372847
"22",38209.1822948578,44214.4471406218,43768.6057537369,44237.570439445
"23",39714.4892462709,46203.8697983797,45680.7454606163,46230.4995028807
"24",39714.4892462709,46876.1446407439,46299.9105612991,46905.1294571771
"25",38374.6040028526,46390.0888513478,45762.0449254056,46421.6463213713
"26",37829.8275717333,46909.4974353863,46160.4867849964,46945.7924538426
