"","v_bh","v_daily","v_mon","v_con"
"2",203988.382811454,176176.744849301,178558.511912937,176047.177444627
"21",179829.818064034,160522.589616756,162272.031447552,160450.020351149
"22",178143.239358941,159074.142507137,160961.60110889,159031.205006191
"23",189049.568336477,168768.224564762,170478.193287907,168761.009501254
"24",195935.849239239,178640.690129998,180099.963359722,178523.908214745
"25",182045.356892179,171552.027500064,172186.394022303,171558.052852147
"26",181965.626826182,175952.320177605,176173.678748163,175976.824957746
