"","v_bh","v_daily","v_mon","v_con"
"2",37919.9296145621,30135.7144143639,30753.4737801615,30106.8999066999
"21",36732.6046242051,29770.2122278352,30320.1496249596,29745.4300332988
"22",37924.7481663839,31061.8874471703,31612.2695746715,31037.8756153767
"23",37797.4842640425,31207.263939254,31736.5962834824,31182.5720688038
"24",37797.4842640425,31660.5609170877,32154.7244616584,31637.458065982
"25",38671.3017116139,33149.1811118706,33591.8583966198,33129.4158192374
"26",37479.2273831105,32907.4121355399,33268.8432776813,32889.6660654873
