"","v_bh","v_daily","v_mon","v_con"
"2",241570.253737095,201950.523365563,205277.356544685,201819.395388771
"21",251241.39879989,209374.08890495,212751.145650359,209261.794941364
"22",243306.102530942,206358.497312861,209144.041750783,206141.987444474
"23",234982.575538122,203624.570551384,206025.641485191,203486.754032151
"24",250364.011000966,212868.167028427,215867.108461916,212728.802487287
"25",247894.072338756,218723.833668662,221160.868736314,218431.607805551
"26",259563.576565146,233333.132424968,235416.364309082,233191.08062543
