"","v_bh","v_daily","v_mon","v_con"
"2",133411.446184593,112255.348370831,113963.990961973,112179.294152713
"21",136222.603302569,116291.131387179,117766.729090056,116216.524201771
"22",133833.875988676,116488.2857639,117927.682304308,116448.808238501
"23",133372.143692074,117501.204566604,118584.080862142,117435.166483871
"24",128243.246804832,114862.752272267,115941.41707804,114818.294316442
"25",133381.045736016,121008.260517227,121826.973824286,121006.846041019
"26",135715.522342509,126272.243766879,127016.744588012,126235.637816501
