"","v_bh","v_daily","v_mon","v_con"
"2",162480.966064858,136733.769905078,138819.710289781,136582.673026507
"21",181831.912142008,151797.47392586,154111.756137263,151671.249027613
"22",168972.464281138,144129.102065608,146217.787343665,144070.724237672
"23",177783.854158628,153569.464878752,155460.147212847,153505.101354484
"24",170253.205159144,148863.579826066,150622.956789606,148836.407588296
"25",172477.313310911,156134.81595342,157410.389459045,156034.27720076
"26",177258.014670992,161653.269588143,162818.708711357,161613.179076872
