"","v_bh","v_daily","v_mon","v_con"
"2",139794.277074862,150101.332483762,149251.775269964,150000.529434695
"21",136331.502907777,152933.749405736,151510.700465769,153046.89889842
"22",135035.509111838,149206.172480005,147901.098252484,149415.160332321
"23",141148.152450562,155057.73515174,153919.084548963,155155.386069706
"24",137537.751614906,156795.522183381,155335.994239509,156796.801567167
"25",146204.639993051,167515.201638143,165625.114567315,167586.003010182
"26",144293.149580607,168035.746722978,166129.620283147,168106.930694437
