"","v_bh","v_daily","v_mon","v_con"
"2",495900.323168772,331159.033847614,343818.063141128,330510.122975965
"21",461757.131875142,331222.96606939,341774.898926799,330605.913463998
"22",507322.003944157,340420.732085492,352032.863620178,339798.430767788
"23",501485.646508207,350858.88183661,362929.956149466,350261.167430485
"24",490736.803526769,358359.107213021,368281.847582754,357906.744217922
"25",465749.503256989,345009.05999291,353825.508291456,344403.303565472
"26",450454.36851813,350769.128939791,357795.255733746,350379.98915918
