"","v_bh","v_daily","v_mon","v_con"
"2",17672.4451252836,20997.8680490561,20738.1004826167,21009.5913801883
"21",16555.7589920419,19983.3640827842,19709.5273488853,19995.3590485892
"22",16849.7686323792,20545.7684069745,20250.4610993525,20558.6684831316
"23",17300.7831396642,21344.5368861779,21023.2618492794,21359.136714568
"24",17300.7831396642,21655.0994823183,21309.5771501102,21670.8900458823
"25",16735.634624828,21455.7808877969,21079.4934347983,21472.3363827426
"26",16691.5468530465,21853.1169935321,21445.9721910296,21870.7640767373
