"","v_bh","v_daily","v_mon","v_con"
"2",270913.001014066,193759.807291748,199719.7274317,193536.084963456
"21",277612.905221738,202615.53820988,208604.886544038,202356.773982813
"22",251505.400294232,191118.822320848,195750.47904429,191019.397095171
"23",262450.294290216,199774.177932305,204568.0523883,199515.353794475
"24",261972.47188477,201655.281999263,206389.229143409,201390.678397211
"25",256208.728245528,199641.876566262,204370.279808216,199299.640488354
"26",253395.233711685,203281.068081112,207250.052368072,203174.641437929
