"","v_bh","v_daily","v_mon","v_con"
"2",214841.534570756,210957.741354043,211258.588131786,211073.721188038
"21",229788.06649365,220806.543529965,221126.88636762,220849.288383183
"22",234963.398809932,226838.801805975,226827.27671752,226717.330590082
"23",254739.200109013,239748.630094999,241253.852038259,239774.671728766
"24",239285.162824191,235936.739908724,235979.655623428,235824.901718456
"25",215119.892936064,220695.93530435,220265.781863918,220672.67101831
"26",238723.983536772,247417.965564498,247984.077765958,247483.596881599
