"","v_bh","v_daily","v_mon","v_con"
"2",91285.6681203816,91663.2198719432,91623.197251646,91681.7555405156
"21",92970.8548985249,95043.4498290945,94928.4169082773,95045.6577335443
"22",94068.8866174517,96823.079535119,96665.0058503181,96829.0798946859
"23",91550.2913995984,96007.0764379809,95715.3810171533,96024.8958341673
"24",93972.0381103556,98839.7733674262,98496.4200196321,98880.2340686903
"25",92150.2512892779,99546.6580453005,98982.6929123434,99604.911386126
"26",97562.7371423464,107568.610317872,106855.211187283,107596.596488496
