"","v_bh","v_daily","v_mon","v_con"
"2",216547.798575755,186419.579071548,189074.860942203,186294.424742056
"21",225964.091215492,193948.418164038,196323.499918016,193935.10678079
"22",217274.456368903,189224.764218218,191681.714299639,189158.385417732
"23",231593.856061863,204674.112376767,207164.09040723,204597.147573571
"24",201394.763561556,185486.906986551,187125.20235916,185455.611582773
"25",216597.958056648,202138.564042195,203246.619069991,202018.056048012
"26",226233.223844353,212220.98456599,213864.892491965,212179.145578375
