"","v_bh","v_daily","v_mon","v_con"
"2",234800.399831039,234831.718488194,233999.451746382,234785.965864384
"21",242544.3878364,242514.772832944,241712.429001961,242543.136396935
"22",200039.566217322,221803.083639337,219904.067897513,221867.576415465
"23",235532.533091126,246824.444766552,246170.51024145,246685.802435229
"24",225251.820421512,238686.41301016,237919.463588728,238796.803795583
"25",207434.252169727,232206.983295243,230347.334347729,232326.091211817
"26",221432.515392478,250708.903852976,248024.139364091,250560.354032055
