"","v_bh","v_daily","v_mon","v_con"
"2",251719.481220974,230401.461280889,230492.4554348,230379.035727415
"21",245129.14141256,246106.975139543,246044.16877574,246156.750065942
"22",247244.448516356,244924.694770647,245091.126465961,244615.318622504
"23",240603.860910767,236904.318335404,236236.371696412,236885.127836889
"24",254029.726291396,257956.160181792,257165.88836289,258208.919607539
"25",264189.730482758,270435.142744215,269527.71141266,270551.971083288
"26",229388.767477712,249149.089371518,247519.856503613,249287.236323867
