"","v_bh","v_daily","v_mon","v_con"
"2",235141.635659605,177410.755316731,182100.781982217,177199.049961644
"21",239992.012359691,183564.134128825,187714.546312137,183452.542289878
"22",238322.034000625,186715.510334697,190716.016681686,186528.830709443
"23",247392.536738049,190404.009338569,194769.851980591,190248.280267626
"24",248921.499150698,195561.059720344,200249.040717332,195351.108721569
"25",245930.625075193,198353.850462016,202357.996896386,198274.657399531
"26",257064.882343723,208274.873372904,211886.675683278,208065.000209397
