"","v_bh","v_daily","v_mon","v_con"
"2",70357.6420633024,81468.3289768353,80524.3938359993,81502.5482251865
"21",69848.1691753652,83682.4422279482,82532.7005215212,83720.8991488438
"22",70509.4647724018,84126.7174526258,83083.7901247836,84175.6094735868
"23",74362.1364112374,89774.1949865747,88518.4087120656,89819.1387105814
"24",67534.9879630353,82549.9467531087,81336.1447056548,82615.0843511938
"25",67749.6647370125,85282.4870105837,83843.5759403891,85369.1807629606
"26",70727.5971465831,90936.3025987124,89372.5065966011,91013.5119135099
