"","v_bh","v_daily","v_mon","v_con"
"2",119286.854264326,118740.186562718,118822.317002961,118746.802342223
"21",114628.190278284,117188.707312221,116899.269519239,117193.892919772
"22",118979.422750051,121218.034992932,120822.51598527,121269.782919274
"23",122173.542906306,123647.395884749,123314.067507026,123661.733502641
"24",111799.479332344,118319.100100036,117799.003814461,118326.300746441
"25",129332.200401171,136384.498085998,135637.611357869,136429.49705463
"26",109239.287519117,121120.197280055,120197.076244517,121122.224855512
