"","v_bh","v_daily","v_mon","v_con"
"2",152666.850739852,177708.334107858,175830.337465592,177748.690894928
"21",157161.630076923,180956.427994123,178783.162064798,180902.508549698
"22",162110.414070189,186738.591789535,185319.188017201,186701.118473289
"23",164094.267137917,194794.524113612,192289.007686896,195028.509914272
"24",154413.256924832,187795.003450731,185732.918252957,187945.010167463
"25",170348.231072945,204240.923388826,201237.264281133,204334.707253253
"26",158372.328150329,202002.640285234,198686.078261441,202004.615261179
