"","v_bh","v_daily","v_mon","v_con"
"2",104346.995174762,97860.919849681,98414.6496305134,97855.0326202353
"21",113397.80250933,106747.450380432,107436.415992402,106722.839624594
"22",115035.85609269,110192.596831661,110597.452553154,110172.478739385
"23",114501.213100372,109603.380939524,110077.146692041,109598.465427646
"24",108854.441222207,107594.336390284,107568.88505018,107570.835077288
"25",103939.325771972,105704.850198531,105548.425541789,105706.70964406
"26",106021.089388833,109218.109399348,108876.152954851,109233.411117636
