"","v_bh","v_daily","v_mon","v_con"
"2",325367.123540132,272127.529514623,275216.693833314,272005.47685133
"21",311361.049963951,273707.910152676,276734.940603693,273709.366307913
"22",321064.931702204,276001.151112248,279237.893795602,276166.926604164
"23",310411.697061002,277692.10746929,280335.880513834,277441.755517087
"24",294432.673964215,268015.655315364,270248.909929688,267778.421269464
"25",351755.53740342,307528.2144054,310778.047867805,307550.941540033
"26",289472.218484861,276939.495053716,277859.452573485,276770.524218342
