"","v_bh","v_daily","v_mon","v_con"
"2",364296.199285644,263757.604775559,271035.472256945,263325.73200782
"21",330961.805782795,246101.552581819,252093.086066191,245812.556621082
"22",318057.104786679,247239.42772774,253277.097501717,246873.609603712
"23",327972.350480786,259992.344976708,265860.474910172,259843.589082876
"24",317029.194130283,254809.427131854,258989.147535093,254616.065154198
"25",326311.499964407,264865.076987989,268952.352153978,264603.869804852
"26",339951.885370811,278090.192565476,282036.297406106,278157.974708295
