"","v_bh","v_daily","v_mon","v_con"
"2",131897.498071377,148824.082488689,147831.500828204,148993.610605569
"21",133850.016157661,153270.163985619,151721.244447278,153342.905590703
"22",121162.714994315,142247.351877721,140288.321824677,142304.098852231
"23",135799.454445927,154676.018775292,153034.470311736,154711.371964496
"24",131249.055035608,154604.697589428,152865.844065856,154688.000519508
"25",118081.567351952,145389.584797489,143196.324456203,145517.179243265
"26",126278.100924955,157560.047206501,155451.636859994,157789.821064674
