"","v_bh","v_daily","v_mon","v_con"
"2",97356.8300086912,95927.8523650306,95918.6647036235,95899.0012636186
"21",105082.676251048,104392.135371165,104588.931807798,104406.334690145
"22",94945.5209373435,96131.9674272334,96061.1031960101,96141.8513820529
"23",99276.2480785725,100197.464196181,100044.970506511,100159.905376669
"24",101454.914906431,104288.578380173,104083.067464455,104302.637802377
"25",93010.2500913803,99424.5676411974,98817.1008303011,99464.2937616715
"26",100241.079486041,108073.693644247,107493.095127112,108125.210472655
