"","v_bh","v_daily","v_mon","v_con"
"2",117300.730561485,138542.610872765,136984.737066426,138581.108704601
"21",125586.339924526,144778.754937309,142847.307449482,144762.083602383
"22",118989.872947447,143829.925905036,141724.033704963,143917.664889658
"23",118910.822638426,146331.177063441,144134.438493063,146508.269163652
"24",111555.261333403,140875.838687524,138396.07031275,141022.89904619
"25",109038.11584705,143125.228623803,140668.077330115,143169.574864952
"26",117611.504461341,153480.648368983,151452.414424191,153576.993730029
