"","v_bh","v_daily","v_mon","v_con"
"2",282845.872431086,247998.059198451,251990.294630595,247884.803834891
"21",281396.712911309,245672.467040081,249166.506403832,245496.987541686
"22",264691.892344638,240892.441026364,242277.714666413,240648.42278751
"23",273037.890223789,250244.32276006,251802.542508169,250170.768792664
"24",297366.236016795,260894.217652378,263287.367480637,260700.072402088
"25",278802.976867133,258645.631021487,260276.136560091,258500.701581653
"26",268354.387844618,261039.034095431,261141.319649104,260991.119435889
