"","v_bh","v_daily","v_mon","v_con"
"2",154605.204567856,170898.841058098,169532.848893107,170979.794125154
"21",140395.671232806,162331.967610415,160808.572735758,162318.072762535
"22",152072.080006459,173287.568108598,171140.781683721,173499.61440853
"23",148062.546539056,172135.216163412,170485.701926483,172157.47681017
"24",142987.078694105,168401.44175266,166167.936871485,168448.043079891
"25",152518.621452909,180721.821557235,178736.842898547,180895.759588251
"26",158384.01935357,190643.184647894,188457.907113849,190814.136065235
