"","v_bh","v_daily","v_mon","v_con"
"2",297198.56932863,215659.752657805,221680.525573738,215371.71590341
"21",338169.674153077,238908.283860947,246884.908378809,238502.174669168
"22",318556.854856383,233073.327557192,240009.556167716,232908.085625944
"23",319527.316318584,238131.460834882,244278.833251082,237779.280092578
"24",327425.828878558,247379.628944575,253310.939086146,247190.462079198
"25",328914.756542999,253340.173181014,259454.377424692,253021.489389232
"26",304698.602542331,245929.563171938,250309.86228515,245744.03363022
