"","v_bh","v_daily","v_mon","v_con"
"2",158661.638070915,171268.588306648,170426.400767586,171385.791664829
"21",156952.371694975,172428.109063803,170835.870088061,172309.207851656
"22",144550.612586627,166264.912081481,164395.994060478,166253.375853366
"23",180967.105852715,196344.664917205,194289.480071894,196525.463654586
"24",154219.408955396,176253.340061773,174644.063424166,176297.872351977
"25",151210.998994162,179655.439284778,177505.292903191,179730.794320196
"26",160174.451083364,190556.435432275,187976.178630453,190713.336740553
