"","v_bh","v_daily","v_mon","v_con"
"2",87571.9786831124,80379.0318023882,80979.1195005034,80344.0691854048
"21",82731.9624488541,77359.2877561954,77762.5618692429,77329.834925922
"22",85887.7831481123,80823.1066697209,81277.2082621379,80802.8301775808
"23",82079.6563776786,78360.6354029098,78623.9126611605,78357.3725680767
"24",81412.785246704,78597.3871732836,78836.6572831101,78590.8735088276
"25",83850.1650788931,82563.2159502558,82597.8047670987,82558.7599145896
"26",82296.7662981721,83348.4235114221,83218.5457361207,83347.084708032
