"","v_bh","v_daily","v_mon","v_con"
"2",195446.149550819,203923.177539977,203682.01568832,204024.124868081
"21",179205.419660756,197039.220758403,195969.93131526,197244.97676393
"22",184405.24587602,205548.324788373,204388.341061711,205628.537396326
"23",205090.173253463,214249.572349778,213677.946116268,214225.540412767
"24",173071.590958035,200279.758882766,198053.09604609,200332.818399897
"25",189870.565879301,212578.599693297,210427.468278253,212487.094798364
"26",197983.633104515,224572.303572772,222778.998470212,224471.810168137
