"","v_bh","v_daily","v_mon","v_con"
"2",180372.070109253,169910.248533223,170624.395678132,169904.766651122
"21",177555.599974603,171050.197259585,171815.286406944,171019.352187889
"22",167194.963625963,163891.652128853,164175.218319741,163864.416733586
"23",182093.035534291,179811.272944655,179947.31456202,179940.730905285
"24",173610.51648477,177486.482103673,177907.573657485,177597.790714673
"25",180851.37227767,183339.952869671,182479.600855683,183329.790854888
"26",176221.936713609,185444.685433499,184616.965584177,185452.111504945
