"","v_bh","v_daily","v_mon","v_con"
"2",56105.5568050931,62563.3626698123,62029.2200175148,62589.3763899913
"21",56551.4328705722,64520.6785349791,63846.0941080011,64563.066311663
"22",54651.5563223283,62840.2728424228,62104.161575097,62869.0339835465
"23",52331.9467785957,61227.1542700201,60554.3141178237,61260.2546616034
"24",55239.9357755159,65329.2908820044,64529.4118686264,65367.7177788926
"25",54045.0388412722,65254.0832929536,64440.6429066339,65302.1325120744
"26",56326.0982129291,69474.9985887049,68530.2832600406,69520.3060215203
