"","v_bh","v_daily","v_mon","v_con"
"2",49640.4533456549,49323.867410288,49319.8220125288,49314.4476935773
"21",49667.6860522303,49978.1017195598,49949.4302432272,49977.1811443368
"22",47473.1769470939,48535.2945595363,48443.4201183378,48534.453732955
"23",49250.8173304742,50709.6427042506,50598.454596123,50704.0945466841
"24",50531.400032552,52604.915217104,52443.3565734629,52609.380224269
"25",49363.1594521075,52813.5468438575,52556.7229030434,52823.551746351
"26",47996.1107581633,52496.5399505966,52133.2426335542,52496.8172382201
