"","v_bh","v_daily","v_mon","v_con"
"2",140586.169358402,160040.857493583,158328.548452119,160178.037597326
"21",141633.612759597,164547.789437291,162805.691007466,164558.381511797
"22",155639.958404563,175810.428591779,173805.852106514,175761.520368568
"23",142641.950422479,166894.172908669,165427.847650392,167037.879792457
"24",143643.882248555,175333.248641839,173120.010900866,175376.842506427
"25",139944.090434282,173843.986108258,171583.696320654,173802.90754424
"26",145961.512816415,182825.829821456,179898.431937939,182969.082155386
