"","v_bh","v_daily","v_mon","v_con"
"2",200362.578590238,204949.605343031,204115.390400515,204993.900400822
"21",204718.938449047,210778.54956478,210032.244697528,210819.088157736
"22",204489.716078594,213815.49708125,213875.144193179,213774.201114443
"23",184385.908462998,198572.393950872,197258.553512702,198706.546807004
"24",205881.604833478,215713.006540764,214517.142323154,215814.061778572
"25",203123.402791997,222661.648432521,220890.578719088,222467.391900878
"26",191179.908765874,219317.131765392,217674.404205075,219394.828529918
