"","v_bh","v_daily","v_mon","v_con"
"2",335420.173056845,249711.517134607,256438.099902077,249415.899029657
"21",312591.988432424,245740.060311937,250956.212792389,245163.572225951
"22",313025.743456098,247710.728365445,252756.730615409,247534.315779709
"23",309130.57501206,245357.73163854,250768.606484022,245156.664718521
"24",341447.947784764,262419.260154536,267656.338921402,262189.908631034
"25",305594.102082142,253295.323162636,257387.810799877,253040.904973203
"26",311098.716664542,268358.423760129,271644.032759112,268153.508113127
