"","v_bh","v_daily","v_mon","v_con"
"mean",1365650.86843865,1317042.3096665,1321659.3737222,1316782.97307004
"sd",350434.619546545,261219.528124246,268458.420272193,260964.672021521
"skewness",1.1311298793453,0.522511433842303,0.585937383486343,0.521142155207208
"kurtosis",1.89748674905025,0.353173445592483,0.48883624977287,0.347108385625042
