"","v_bh","v_daily","v_mon","v_con"
"mean",1081038.03038979,1076343.15529102,1077068.06257669,1076302.05695466
"sd",255985.167781149,226206.52874268,228608.643295715,226100.955652089
"skewness",2.0320074872994,0.738778967976618,0.8299186849945,0.731444669008828
"kurtosis",12.1175531500156,2.13131654064578,2.63495950530911,2.08184088221917
