"","v_bh","v_daily","v_mon","v_con"
"mean",1193707.77797428,1178752.23589136,1179994.59988251,1178733.46108275
"sd",284303.92950122,233649.373232751,237258.624748127,233602.274479753
"skewness",1.40705930967973,0.630013098876557,0.694892034475386,0.625657369953678
"kurtosis",3.69658686663133,1.01539573807836,1.20049621619021,1.00484131381577
