"","v_bh","v_daily","v_mon","v_con"
"mean",900917.18411935,896404.394521341,896752.124881102,896305.459142533
"sd",163297.863609545,176682.694304681,175817.893634809,176774.794252143
"skewness",1.18230790638741,0.653575492629304,0.698718510866017,0.649884806242742
"kurtosis",1.75719974745738,0.252402231090064,0.36592438199912,0.243527385690681
