"","v_bh","v_daily","v_mon","v_con"
"mean",954008.815535731,953915.737250857,954375.378893142,953963.529982731
"sd",181428.241234669,187425.924271302,187997.038660374,187337.487761429
"skewness",1.00829488502664,0.494863216898664,0.554867189185894,0.491132932153261
"kurtosis",1.23981404012607,0.0317333921872338,0.138692645880728,0.0193264725960334
