"","v_bh","v_daily","v_mon","v_con"
"mean",1187020.06784615,1171451.06011157,1172874.15049722,1171484.6074993
"sd",291424.031565034,240512.140202907,244143.095509142,240342.82889963
"skewness",1.27563262196585,0.648863166503195,0.697085652247347,0.648054627221891
"kurtosis",2.15351375228385,0.542838327509975,0.625764297168478,0.543564873838491
