"","v_bh","v_daily","v_mon","v_con"
"mean",915120.901138398,911394.743923792,911731.875855185,911402.869488117
"sd",170313.820932944,183244.958255672,181763.124793196,183129.669643605
"skewness",1.11454879835501,0.527178477099006,0.570250622447193,0.523164730355893
"kurtosis",1.77844883002144,0.26877354460512,0.348797019566243,0.256386665714358
