"","v_bh","v_daily","v_mon","v_con"
"mean",1122975.01966831,1114747.84362023,1116190.19251383,1114663.25233868
"sd",273044.507760444,233810.333288931,236186.788530702,233605.536737563
"skewness",1.7018629129116,0.736255195520736,0.794302691072675,0.73422714010758
"kurtosis",6.39286436354922,1.4588632516791,1.63419881510332,1.47123460331857
