"","v_bh","v_daily","v_mon","v_con"
"mean",935048.580691559,932560.420871541,932499.10896594,932519.743074498
"sd",182138.47047689,190232.174346034,189120.557069352,190104.615218655
"skewness",1.31737182261607,0.56816033836191,0.609592463464117,0.562516964304271
"kurtosis",3.44281321283297,0.720185761008859,0.847872087057725,0.704174027791036
