"","v_bh","v_daily","v_mon","v_con"
"mean",1239470.13590439,1214095.32426507,1216287.96145085,1213917.51150614
"sd",319057.824789093,256718.615689542,261562.702460173,256521.165453522
"skewness",1.13210167708222,0.528290006579717,0.586661800474577,0.529572715081174
"kurtosis",1.67576808085869,0.217707123922082,0.329903722757904,0.226241535728352
