"","v_bh","v_daily","v_mon","v_con"
"mean",1338393.15535348,1294762.91379118,1297618.69970108,1294452.85228295
"sd",354972.564841389,264235.781687398,271385.325941146,263702.234689339
"skewness",1.30672871533375,0.7146617900793,0.781566559728455,0.710703568331065
"kurtosis",2.27194694160211,0.522822544199519,0.703831898469859,0.514278076905269
