"","v_bh","v_daily","v_mon","v_con"
"mean",1366014.73225675,1329112.46786256,1332023.33044166,1329002.450992
"sd",169883.928860568,132739.225818452,135552.514549307,132614.525648649
"skewness",0.735202518674065,0.391159384396204,0.423355996540794,0.389708846608369
"kurtosis",1.06517196540536,0.465104307933607,0.505769895732107,0.46530997572323
