"","v_bh","v_daily","v_mon","v_con"
"mean",1234823.86431123,1221501.93902823,1222651.88407721,1221475.68103318
"sd",135337.992802189,116590.412069291,118079.036256214,116543.765052955
"skewness",0.403115375732178,0.12337972114651,0.151264645845439,0.122720894094879
"kurtosis",0.0999614656758943,0.00990448891934337,0.00283899742630522,0.0107216327177868
