"","v_bh","v_daily","v_mon","v_con"
"mean",923041.96920318,914113.696715863,914876.32753205,914116.86412496
"sd",81885.1845594708,93277.3163729907,92401.4745808208,93334.6629533276
"skewness",0.61629760937042,0.29674327876697,0.316609559317622,0.295609266586343
"kurtosis",0.707171390745838,0.16906368479479,0.195500989684709,0.168197816968236
