"","v_bh","v_daily","v_mon","v_con"
"mean",1174489.94144101,1168119.25715215,1168772.21969367,1168086.54456279
"sd",128243.246804832,114862.752272267,115941.41707804,114818.294316442
"skewness",0.508446068627137,0.240494135258113,0.266232719173872,0.240311304675853
"kurtosis",0.223823499612091,-0.127710712809438,-0.107535484119427,-0.126471120337875
