"","v_bh","v_daily","v_mon","v_con"
"mean",987176.552422489,985151.194236416,985144.921336455,985169.007423493
"sd",93972.0381103556,98839.7733674262,98496.4200196321,98880.2340686903
"skewness",0.719991639585218,0.40703203853463,0.432830169361012,0.406059297300587
"kurtosis",0.889330050857177,0.238571985684333,0.277784459197066,0.237959139316824
