"","v_bh","v_daily","v_mon","v_con"
"mean",1215996.37271646,1204525.94213455,1205531.79480847,1204480.69371376
"sd",140536.087743368,122058.752533202,123459.044842728,122044.757626451
"skewness",0.512916856561418,0.225155987971512,0.24681167387356,0.225001161594564
"kurtosis",0.262242254369555,-0.0408602149114654,-0.0329814101272912,-0.0431939703210467
