"","v_bh","v_daily","v_mon","v_con"
"mean",941078.641361931,935142.65146157,935616.592988918,935100.723728476
"sd",80104.1084332406,90271.573627485,89466.6893258603,90301.4888762225
"skewness",0.360282225353432,0.0760218996734369,0.0966457875340089,0.0756231762165041
"kurtosis",0.101864380582855,0.0012994119685108,-0.00279163940958815,0.0027262008612996
