"","v_bh","v_daily","v_mon","v_con"
"mean",1331917.72918126,1301398.14282855,1303778.86396461,1301288.46379165
"sd",167130.855589275,135017.381988704,137563.485439518,134870.55270463
"skewness",0.4316989982788,0.141992129728973,0.168143355563932,0.14080428822562
"kurtosis",0.107594769690591,-0.100658845417459,-0.0898004139183923,-0.0987752326785096
