"","v_bh","v_daily","v_mon","v_con"
"mean",835341.53052991,807414.534176703,809632.857927437,807299.380393282
"sd",63314.4554856474,81121.1057066231,79780.1451417247,81159.7865053219
"skewness",0.725933986875639,0.442747973504682,0.461925802577706,0.441282643824076
"kurtosis",0.641855733694109,0.0770066118439439,0.121913286364334,0.0734043822749761
