"","v_bh","v_daily","v_mon","v_con"
"mean",1011219.06573794,1010193.43782771,1010222.19488654,1010185.59970612
"sd",101454.914906431,104288.578380173,104083.067464455,104302.637802377
"skewness",0.673096301126192,0.355643918639442,0.377642623137577,0.354833822454209
"kurtosis",0.676354831871626,0.190935936002122,0.21595336144224,0.190454998271637
