"","v_bh","v_daily","v_mon","v_con"
"mean",1008976.4618833,1009359.61787238,1009277.50537724,1009341.63231104
"sd",125547.179197798,120364.178940811,120755.738834254,120328.922227419
"skewness",0.827739579916708,0.418616134039662,0.459113823571296,0.417743178044021
"kurtosis",1.35079043598269,0.461894392604046,0.543958117146125,0.466477250493852
