"","v_bh","v_daily","v_mon","v_con"
"mean",801158.617285466,781720.9165281,783186.704945102,781629.793151066
"sd",74767.5763144549,92643.9062525826,91149.1452645432,92690.8518882346
"skewness",0.794268446231196,0.393717331157223,0.417433625386256,0.391532862751213
"kurtosis",1.26743033741634,0.398846580835872,0.421483156655565,0.397277119560391
