"","v_bh","v_daily","v_mon","v_con"
"mean",1216396.25154793,1192431.7459491,1194238.66477918,1192359.40524128
"sd",195188.740593725,156475.538043141,159455.136169321,156335.508166101
"skewness",0.992700960501191,0.577358370264542,0.617168814173594,0.575782431804271
"kurtosis",1.53950762035092,0.453074783316077,0.543973863874177,0.448718442652206
