"","v_bh","v_daily","v_mon","v_con"
"mean",1113655.03426045,1105250.79883866,1105844.24366586,1105186.05654079
"sd",160791.728042006,142242.667128789,143628.452720648,142141.762965037
"skewness",0.572893599311443,0.237084596902156,0.269274974902025,0.237363220390405
"kurtosis",0.148060157574513,-0.181966680762142,-0.155846862725443,-0.17933752644011
