"","v_bh","v_daily","v_mon","v_con"
"mean",1064787.93384306,1061490.72936128,1061702.15043156,1061448.04805124
"sd",145226.984907769,132880.091901729,133763.536311591,132822.838561372
"skewness",0.714481603414567,0.34398687894524,0.37857199357542,0.342154530607859
"kurtosis",0.739972810518834,0.112316575523071,0.171169882778056,0.106580776728735
