"","v_bh","v_daily","v_mon","v_con"
"mean",1038649.21735285,1035989.24014594,1036306.43909337,1036003.58044464
"sd",147374.076955714,138035.260072308,138755.286497263,137932.279551274
"skewness",0.743300996937438,0.332260968324279,0.360499507803219,0.329973497424948
"kurtosis",0.848117818473098,0.196629835762927,0.221478111844936,0.195659595125107
