"","v_bh","v_daily","v_mon","v_con"
"mean",824543.432942145,808442.345756425,809687.36719765,808404.407692875
"sd",93952.3792838481,112057.7758907,110582.34838609,112123.058831036
"skewness",0.79227812205284,0.396042067020501,0.424845366068591,0.394600559269008
"kurtosis",0.936590350106329,0.0439905774358449,0.104615799357939,0.0400002571444764
