"","v_bh","v_daily","v_mon","v_con"
"mean",829044.989852392,815119.123508621,816045.062726883,815112.714643528
"sd",87117.176555785,103174.504248061,101936.58916354,103254.100895502
"skewness",0.789819401372344,0.418088010222518,0.4452897964817,0.418393907838364
"kurtosis",0.745740987774179,0.168508393517682,0.20373313280097,0.167937017384897
