"","v_bh","v_daily","v_mon","v_con"
"mean",1190287.68787228,1178027.52393208,1179009.36114666,1177973.74936391
"sd",69395.736310912,60043.4870593214,60799.1285732069,60011.5854630371
"skewness",0.260402505719578,0.124058144942797,0.136847542164326,0.123299671876795
"kurtosis",-0.115741744506095,-0.190240471789088,-0.184315848495786,-0.191518849778887
