"","v_bh","v_daily","v_mon","v_con"
"mean",986384.989799076,985744.514846425,985819.827410644,985745.876508145
"sd",49250.8173304742,50709.6427042506,50598.454596123,50704.0945466841
"skewness",0.427216092560379,0.26631654407412,0.281632485012465,0.265139227644546
"kurtosis",0.364199899062499,0.166954631037723,0.18797652950793,0.16428784502394
