"","v_bh","v_daily","v_mon","v_con"
"mean",1258899.22141168,1236113.87716006,1237919.13049522,1236035.77954738
"sd",74031.5581849825,61273.0205208243,62262.1089702828,61234.4679770566
"skewness",0.10365160178187,-0.016712886670342,-0.00641902512163391,-0.0177045875327208
"kurtosis",-0.362922038243145,-0.367958255308926,-0.369787771192047,-0.367085172340011
