"","v_bh","v_daily","v_mon","v_con"
"mean",941818.654957248,938588.038567942,938848.194292654,938573.746499215
"sd",43263.09323418,46966.0001053138,46658.4278602698,46976.4323648718
"skewness",0.238475701219207,0.108410885711717,0.118415551076919,0.107496009628022
"kurtosis",-0.170006547839624,-0.245102582227609,-0.242846666645765,-0.245163287280446
