"","v_bh","v_daily","v_mon","v_con"
"mean",1336322.41236306,1298460.89799612,1301476.46907997,1298319.10020002
"sd",82556.5676791168,65081.9528622653,66456.1593055326,65011.3541375464
"skewness",0.129628979493199,-0.0230252934598294,-0.0106581220269595,-0.0237476848403991
"kurtosis",0.119067644508621,0.0208037962292749,0.0287819744986391,0.019212264729485
