"","v_bh","v_daily","v_mon","v_con"
"mean",863625.932337156,849445.828032892,850534.72609109,849401.746677882
"sd",34965.5629490002,41834.8234697611,41308.8726349085,41861.2369144402
"skewness",0.351277396667343,0.192942041468056,0.202352974225143,0.193009183668835
"kurtosis",0.265090582552064,0.191948094659645,0.189011543899916,0.192509905506024
