"","v_bh","v_daily","v_mon","v_con"
"mean",899820.352764885,891860.793824607,892524.003554863,891832.560025855
"sd",37921.2032014575,43394.1407431781,42957.3247233853,43415.9057736873
"skewness",0.163425803682829,0.0327902385119868,0.0437762375052292,0.0326322895752726
"kurtosis",-0.175303727993264,-0.210888544602279,-0.21174042135275,-0.21048637769071
