"","v_bh","v_daily","v_mon","v_con"
"mean",829493.250372644,807426.660129774,809204.234754888,807350.716968622
"sd",31989.7413285799,40265.851805832,39643.8467657724,40298.7392521485
"skewness",0.3210838626837,0.187249186082427,0.197651285424133,0.187157204769552
"kurtosis",-0.0713360760086212,-0.178402416789572,-0.166850831146978,-0.177105713159979
