"","v_bh","v_daily","v_mon","v_con"
"mean",1220699.74316088,1204121.00069349,1205449.57639434,1204064.48172002
"sd",71741.3217960848,60427.0293475623,61310.8355220127,60391.3482135779
"skewness",0.48319264513789,0.32403049749218,0.339351817080608,0.323477906602711
"kurtosis",0.496050951390621,0.208720818825262,0.235577070339556,0.206307224572014
