"","v_bh","v_daily","v_mon","v_con"
"mean",912212.535873333,902988.092251364,903922.744796173,902952.730513447
"sd",154219.408955396,176253.340061773,174644.063424166,176297.872351977
"skewness",1.17985182961331,0.495437914385844,0.526104762417634,0.494569026302898
"kurtosis",2.75398211234963,0.524663477872985,0.600474819922244,0.531277698364054
