"","v_bh","v_daily","v_mon","v_con"
"mean",1311217.25213404,1284559.37979395,1286810.7456486,1284454.45348711
"sd",341447.947784764,262419.260154536,267656.338921402,262189.908631034
"skewness",2.02752942490569,0.900286961926527,0.979429846475874,0.896136393416831
"kurtosis",9.49992245783064,2.27807329841356,2.63383733419814,2.24219453933015
