"","v_bh","v_daily","v_mon","v_con"
"mean",1091409.02373512,1092817.02031427,1092792.86993689,1092756.42061209
"sd",221251.827738811,209654.631569433,210865.522983009,209607.41010833
"skewness",1.04279119764099,0.496020545926744,0.542425105011051,0.491867660741352
"kurtosis",1.51386206654866,0.186758256747998,0.291918875308795,0.178165434462615
