"","v_bh","v_daily","v_mon","v_con"
"mean",1221947.38985664,1209260.68874465,1210411.50215114,1209302.79588084
"sd",297331.962512585,247254.322383791,251455.313744532,247142.835707273
"skewness",1.69060203732179,0.721866680088274,0.77813072190007,0.715561895806372
"kurtosis",7.04348137857308,1.45956754652549,1.62323173997441,1.42811249626866
