"","v_bh","v_daily","v_mon","v_con"
"mean",1179276.49949738,1172406.76398166,1172900.30204409,1172198.97704182
"sd",268394.377681045,237016.883024977,239396.884951487,236776.516458201
"skewness",1.19775787867392,0.450282750108414,0.50879088133025,0.446332585718182
"kurtosis",3.19494205656045,0.580888643389474,0.715963340093754,0.571918515732214
