"","v_bh","v_daily","v_mon","v_con"
"mean",1406799.29164372,1360834.86332695,1364590.89212398,1360627.57506018
"sd",368388.715530974,276459.976572629,284658.145470184,276256.574069263
"skewness",1.15515753757849,0.614806043511116,0.692276516939568,0.61220035200707
"kurtosis",1.62066557353741,0.214642336159506,0.392532125081368,0.203460147217701
