"","v_bh","v_daily","v_mon","v_con"
"mean",1036469.76353413,1034222.09135521,1034139.2187317,1034233.63241887
"sd",223605.654076804,219884.797392385,220553.808027301,219988.559490923
"skewness",1.1721919475422,0.605505024159304,0.661418499895443,0.605640014197174
"kurtosis",1.66713468857024,0.18585896031974,0.311791301235416,0.18655601582092
