"","v_bh","v_daily","v_mon","v_con"
"mean",1260400.45561212,1244322.38537968,1245399.86335088,1244385.01130552
"sd",297790.576146861,242737.283122001,247155.880741708,242736.55696223
"skewness",1.41841373030842,0.678947311702579,0.749613148395406,0.681192161091632
"kurtosis",4.19849435366553,0.849266311814462,1.11593574030078,0.86204135745108
