"","v_bh","v_daily","v_mon","v_con"
"mean",1249250.81638025,1233970.54499318,1235247.6438908,1233919.77790679
"sd",214629.48716912,181716.615561526,184293.890704734,181627.087492094
"skewness",0.698783375203107,0.326155755947269,0.360759599546316,0.324549899313735
"kurtosis",0.345100341512665,-0.169544880592402,-0.134278271215175,-0.171114522943683
