"","v_bh","v_daily","v_mon","v_con"
"mean",906211.362083119,894958.375556237,895656.319867009,894894.856175189
"sd",116503.85980412,134004.46888421,132704.894369591,134069.960180293
"skewness",0.947251728815285,0.497706244910743,0.529582163230911,0.494887934896802
"kurtosis",1.29457840404134,0.282009508686637,0.330224631406752,0.275296600601131
