"","v_bh","v_daily","v_mon","v_con"
"mean",1076897.47963645,1076883.68990116,1077158.37914068,1076859.80365063
"sd",166386.127543195,160405.927951947,160820.760826683,160357.879177263
"skewness",0.835761685484884,0.397139210597574,0.425389201440918,0.392540178182181
"kurtosis",1.10692628357057,0.134609447626676,0.175765002590375,0.125972016824098
