"","v_bh","v_daily","v_mon","v_con"
"mean",1027125.63360308,1026620.18387637,1026547.65434075,1026555.88059359
"sd",154474.631045913,157066.408670957,156496.10848268,157016.588044662
"skewness",0.779015370606531,0.303304324861827,0.336834773271913,0.301421519224247
"kurtosis",1.09343165480544,0.158307604447145,0.19394332114858,0.161886777907957
