"","v_bh","v_daily","v_mon","v_con"
"mean",946602.53127026,941050.030421162,941359.054658982,941042.410824533
"sd",127757.476928523,141351.636556209,140227.075208054,141394.854716876
"skewness",0.820773592159823,0.331571341608587,0.369828716669863,0.33074811113129
"kurtosis",1.11071052298669,0.314160903035424,0.367295167038847,0.31152108328285
