"","v_bh","v_daily","v_mon","v_con"
"mean",853674.234088487,831132.09648121,832780.039366953,831055.041125554
"sd",99728.4366646125,123772.470600108,121788.574599398,123837.558250945
"skewness",0.931438513444594,0.474914702345134,0.498911243092723,0.471287086529279
"kurtosis",1.43237579443211,0.269768145449251,0.30435459857509,0.259287944705026
