"","v_bh","v_daily","v_mon","v_con"
"mean",929575.117485653,922804.174442966,923614.816662651,922841.873991855
"sd",115801.999115626,131695.63458634,130671.247461522,131750.615090766
"skewness",0.645581172308232,0.256334047432436,0.281793403175109,0.254313867162056
"kurtosis",0.454855638053582,-0.105933192261664,-0.086948536584313,-0.10976344176674
