"","v_bh","v_daily","v_mon","v_con"
"mean",889209.570946957,874841.503070603,875709.96214654,874880.021928415
"sd",111480.567490939,129908.216633555,128055.622598194,129998.076723073
"skewness",1.25017922457545,0.612535109320816,0.652724789189974,0.611204589091878
"kurtosis",4.10332289661071,1.05836417008031,1.20779967898739,1.04893057001356
