"","v_bh","v_daily","v_mon","v_con"
"mean",1093306.19407655,1092547.32977538,1092652.83021176,1092566.16775283
"sd",169947.208573055,164185.624689713,164860.749056517,164149.55435343
"skewness",0.54485595349478,0.172748478889262,0.210539964460932,0.170825154005477
"kurtosis",0.00873141530578891,-0.276756916050817,-0.252787332637253,-0.279800338253264
