"","v_bh","v_daily","v_mon","v_con"
"mean",1397080.03848992,1353787.60093068,1357538.43881533,1353679.75847785
"sd",261972.47188477,201655.281999263,206389.229143409,201390.678397211
"skewness",0.755943865266866,0.364413161968849,0.401677296686221,0.361683129680465
"kurtosis",0.459549011853789,-0.053888918109664,-0.0302902084346162,-0.0591840601578784
