"","v_bh","v_daily","v_mon","v_con"
"mean",1124904.85081509,1125894.94057995,1125934.31782566,1125909.59807236
"sd",156974.792008913,161043.591894897,161036.716071311,161065.25349183
"skewness",0.595218857372131,0.186078548859946,0.222876134568461,0.184144546734978
"kurtosis",0.394936497576153,-0.0262354337183313,-0.0140723900138107,-0.0241481521573266
