"","v_bh","v_daily","v_mon","v_con"
"mean",1204438.93818687,1203052.75891452,1203305.39742184,1203070.63793628
"sd",193190.970433698,182643.255866802,183986.84022771,182535.971657565
"skewness",0.851275471016717,0.383432957457182,0.417256764957313,0.381019487140156
"kurtosis",1.12915767820075,0.224870757064649,0.241867530417621,0.221423897388784
