"","v_bh","v_daily","v_mon","v_con"
"mean",1296326.03118617,1288701.29711816,1289184.95839369,1288557.42797401
"sd",214057.523846084,190856.933770402,192937.435986083,190745.420125513
"skewness",0.654654059665999,0.263205192451386,0.301006697612552,0.26286612874837
"kurtosis",0.404388389857696,-0.163686310309766,-0.136664896368524,-0.159927348560713
