"","v_bh","v_daily","v_mon","v_con"
"mean",1320165.80691749,1309075.22683564,1309927.04380383,1309047.83586036
"sd",227070.274438445,198210.373034313,200713.975410229,198135.851517662
"skewness",0.778382241146507,0.31459659689076,0.354987482030387,0.313990010098685
"kurtosis",0.936158798063659,0.162517392165804,0.210364029821844,0.159142952164162
