"","v_bh","v_daily","v_mon","v_con"
"mean",945890.7898224,923965.431656138,925834.780384276,923876.974159459
"sd",111507.166357934,137609.594096218,135650.626124381,137687.02297268
"skewness",0.787937669664695,0.342640168457357,0.379885465448564,0.342215822468102
"kurtosis",0.960224341622613,0.108624281304039,0.166994919143112,0.110127526655185
