"","v_bh","v_daily","v_mon","v_con"
"mean",1437294.85388144,1409668.70333414,1411687.0283036,1409639.86332071
"sd",253395.233711685,203281.068081112,207250.052368072,203174.641437929
"skewness",1.01296966488315,0.476801561236894,0.523127953411001,0.475631856918974
"kurtosis",2.18716669912021,0.665378441003051,0.767110928761503,0.665674695019307
