"","v_bh","v_daily","v_mon","v_con"
"mean",887862.653587099,849804.732103801,853103.72079205,849646.64939005
"sd",87700.8484680273,118817.117652368,116702.587759424,118928.029935171
"skewness",0.611950359413479,0.23411674467005,0.247782950684937,0.233739683110059
"kurtosis",0.369726440863848,-0.15018035573446,-0.15413726422696,-0.146684034997967
