"","v_bh","v_daily","v_mon","v_con"
"mean",980887.551991697,967948.965878669,968970.094758967,967916.205369396
"sd",113148.137345249,133893.773976863,131863.347405249,134011.077426952
"skewness",0.747227567881351,0.298555918656151,0.323956049625739,0.29837759278803
"kurtosis",1.04617062595793,0.234804997035115,0.288903555147929,0.235034870268389
