"","v_bh","v_daily","v_mon","v_con"
"mean",865894.746292267,858377.545108979,858970.988751247,858354.536629764
"sd",56551.4328705722,64520.6785349791,63846.0941080011,64563.066311663
"skewness",0.318823998424261,0.112875615039594,0.128734352091401,0.111919959215239
"kurtosis",0.0166118997467333,-0.164940510649238,-0.161664569335748,-0.167144916981881
