"","v_bh","v_daily","v_mon","v_con"
"mean",922628.326733926,920654.189948994,920866.822265227,920652.102028229
"sd",67888.6414906132,71843.5267284873,71568.211984455,71857.9591481169
"skewness",0.462225360969676,0.251950332608791,0.267650590115858,0.251523781277378
"kurtosis",0.0209527762226092,-0.118052611535926,-0.116546663677859,-0.115611257458113
