"","v_bh","v_daily","v_mon","v_con"
"mean",1144744.89095353,1132767.94738057,1133672.50451159,1132737.42587267
"sd",100133.16514361,86331.0474968102,87463.304592887,86278.8120399548
"skewness",0.44175962863181,0.219632938365823,0.239765000308435,0.218247269804064
"kurtosis",0.294564211606027,-0.00813662377074431,0.0122590479071567,-0.00852767032094892
