"","v_bh","v_daily","v_mon","v_con"
"mean",908378.459428577,905448.239381417,905662.668178475,905439.853076516
"sd",64923.0621436152,69635.5741418597,69225.5044563877,69655.9022675903
"skewness",0.556554929860141,0.337399285717958,0.351363446848021,0.336107470988189
"kurtosis",0.29094713591831,0.0375209384026762,0.0466541968992811,0.0371096663368662
