"","v_bh","v_daily","v_mon","v_con"
"mean",1105172.27217189,1098144.14505434,1098716.2121978,1098101.27080804
"sd",92271.6533969545,81886.8187338033,82724.5272012908,81852.8766042035
"skewness",0.489862394424311,0.277880141010759,0.299932185816377,0.277517033020697
"kurtosis",0.208689358311162,-0.0182826593667671,0.0100535210238126,-0.0180695137613358
