"","v_bh","v_daily","v_mon","v_con"
"mean",844242.144515855,833289.175568113,834143.703615185,833247.21552985
"sd",53999.4361189508,63004.5644687893,62269.2144378094,63021.2784852435
"skewness",0.56700571143403,0.311005632038018,0.324007861675342,0.309644680143105
"kurtosis",0.794806584746711,0.342802029700991,0.357086342021983,0.344016893972444
