"","v_bh","v_daily","v_mon","v_con"
"mean",884347.014869121,879128.320528055,879536.280244419,879102.245869065
"sd",60685.705296446,66983.7115267958,66487.9917281864,67034.3816857204
"skewness",0.584734177957223,0.349252045235567,0.365309592065377,0.348566330882442
"kurtosis",0.518527189483656,0.192738032508581,0.199707198999862,0.191647246796419
