"","v_bh","v_daily","v_mon","v_con"
"mean",1170575.4827764,1155067.6576889,1156325.6678251,1154998.67701457
"sd",102869.240819259,86137.5253535306,87291.9167256804,86076.6052259174
"skewness",0.748291706299015,0.486975036611572,0.506684290824948,0.484866007684292
"kurtosis",1.1520335703771,0.586993064135545,0.614948100869523,0.581900227372358
