"","v_bh","v_daily","v_mon","v_con"
"mean",1079700.65560926,1075271.28080112,1075677.23906255,1075253.05330974
"sd",85975.2394167713,78371.6211636998,78867.2702098012,78352.0501613301
"skewness",0.323486622685845,0.121962564557353,0.139514266562448,0.121181533591668
"kurtosis",-0.0162620006807508,-0.128471952872197,-0.125816413190108,-0.127930246724927
