"","v_bh","v_daily","v_mon","v_con"
"mean",1290825.73389346,1252599.89468792,1255577.25926321,1252457.76228501
"sd",127152.183545683,99063.4876289683,101265.368809633,98960.8634951848
"skewness",0.473100671958417,0.239304736504099,0.263684171637777,0.238242102226158
"kurtosis",0.248244198046158,0.0544650928579116,0.0678460839661206,0.0529567008213641
