"","v_bh","v_daily","v_mon","v_con"
"mean",1248759.49272383,1219418.03784963,1221817.86416947,1219300.60294915
"sd",117317.072152475,94032.0821436365,95854.2842799757,93928.818561075
"skewness",0.423652628658352,0.211437098551185,0.230063069902122,0.210197003803975
"kurtosis",0.0610859071310461,-0.0917065339525469,-0.0904167774291857,-0.092383337703025
